Date,"Abs Pres, psi","Temp, °F",Coupler Detached,End Of File
2/13/2018 12:15,14.7764,79.853,Logged,
2/13/2018 12:30,14.7743,79.853,,
2/13/2018 12:45,14.7748,80.029,,
2/13/2018 13:00,14.7688,80.206,,
2/13/2018 13:15,14.7709,80.206,,
2/13/2018 13:30,14.7666,80.206,,
2/13/2018 13:45,14.7688,80.206,,
2/13/2018 14:00,14.7683,80.029,,
2/13/2018 14:15,14.7683,80.029,,
2/13/2018 14:30,14.7622,80.206,,
2/13/2018 14:45,14.7644,80.206,,
2/13/2018 15:00,14.7601,80.206,,
2/13/2018 15:15,14.7601,80.206,,
2/13/2018 15:30,14.7579,80.206,,
2/13/2018 15:45,14.7579,80.206,,
2/13/2018 16:00,14.7535,80.206,,
2/13/2018 16:15,14.7574,80.029,,
2/13/2018 16:30,14.7592,79.853,,
2/13/2018 16:45,14.7564,79.678,,
2/13/2018 17:00,14.7582,79.502,,
2/13/2018 17:15,14.7621,79.326,,
2/13/2018 17:30,14.7643,79.326,,
2/13/2018 17:45,14.7702,79.151,,
2/13/2018 18:00,14.7702,79.151,,
2/13/2018 18:15,14.7741,78.975,,
2/13/2018 18:30,14.7763,78.975,,
2/13/2018 18:45,14.7763,78.975,,
2/13/2018 19:00,14.7759,78.8,,
2/13/2018 19:15,14.7759,78.8,,
2/13/2018 19:30,14.7802,78.8,,
2/13/2018 19:45,14.782,78.624,,
2/13/2018 20:00,14.7862,78.624,,
2/13/2018 20:15,14.7883,78.624,,
2/13/2018 20:30,14.7879,78.449,,
2/13/2018 20:45,14.7901,78.449,,
2/13/2018 21:00,14.7901,78.449,,
2/13/2018 21:15,14.7875,78.274,,
2/13/2018 21:30,14.7918,78.274,,
2/13/2018 21:45,14.7918,78.274,,
2/13/2018 22:00,14.7936,78.098,,
2/13/2018 22:15,14.7936,78.098,,
2/13/2018 22:30,14.7973,77.923,,
2/13/2018 22:45,14.7995,77.923,,
2/13/2018 23:00,14.7969,77.749,,
2/13/2018 23:15,14.7991,77.749,,
2/13/2018 23:30,14.7991,77.749,,
2/13/2018 23:45,14.7991,77.749,,
2/14/2018 0:00,14.7943,77.574,,
2/14/2018 0:15,14.7943,77.574,,
2/14/2018 0:30,14.7921,77.574,,
2/14/2018 0:45,14.7943,77.574,,
2/14/2018 1:00,14.7938,77.4,,
2/14/2018 1:15,14.7873,77.4,,
2/14/2018 1:30,14.7873,77.4,,
2/14/2018 1:45,14.783,77.4,,
2/14/2018 2:00,14.783,77.4,,
2/14/2018 2:15,14.7808,77.4,,
2/14/2018 2:30,14.7782,77.225,,
2/14/2018 2:45,14.7782,77.225,,
2/14/2018 3:00,14.7782,77.225,,
2/14/2018 3:15,14.7738,77.225,,
2/14/2018 3:30,14.776,77.225,,
2/14/2018 3:45,14.7738,77.225,,
2/14/2018 4:00,14.7738,77.225,,
2/14/2018 4:15,14.7756,77.05,,
2/14/2018 4:30,14.7756,77.05,,
2/14/2018 4:45,14.7734,77.05,,
2/14/2018 5:00,14.7778,77.05,,
2/14/2018 5:15,14.7756,77.05,,
2/14/2018 5:30,14.7778,77.05,,
2/14/2018 5:45,14.7799,77.05,,
2/14/2018 6:00,14.7799,77.05,,
2/14/2018 6:15,14.7799,77.05,,
2/14/2018 6:30,14.7799,77.05,,
2/14/2018 6:45,14.7843,77.05,,
2/14/2018 7:00,14.7847,77.225,,
2/14/2018 7:15,14.7869,77.225,,
2/14/2018 7:30,14.7847,77.225,,
2/14/2018 7:45,14.7847,77.225,,
2/14/2018 8:00,14.7873,77.4,,
2/14/2018 8:15,14.7895,77.4,,
2/14/2018 8:30,14.7899,77.574,,
2/14/2018 8:45,14.793,77.923,,
2/14/2018 9:00,14.7908,77.923,,
2/14/2018 9:15,14.7888,77.923,,
2/14/2018 9:30,14.7914,78.098,,
2/14/2018 9:45,14.7914,78.098,,
2/14/2018 10:00,14.7892,78.098,,
2/14/2018 10:15,14.7914,78.098,,
2/14/2018 10:30,14.7862,78.624,,
2/14/2018 10:45,14.7872,78.975,,
2/14/2018 11:00,14.7876,79.151,,
2/14/2018 11:15,14.7865,79.502,,
2/14/2018 11:30,14.7895,79.853,,
2/14/2018 11:45,14.7856,80.029,,
2/14/2018 12:00,14.7866,80.382,,
2/14/2018 12:15,14.7827,80.559,,
2/14/2018 12:30,14.7793,80.911,,
2/14/2018 12:45,14.782,81.09,,
2/14/2018 13:00,14.7764,81.442,,
2/14/2018 13:15,14.7725,81.621,,
2/14/2018 13:30,14.7709,81.797,,
2/14/2018 13:45,14.7714,81.975,,
2/14/2018 14:00,14.7675,82.152,,
2/14/2018 14:15,14.7696,82.152,,
2/14/2018 14:30,14.7696,82.152,,
2/14/2018 14:45,14.767,81.975,,
2/14/2018 15:00,14.7644,81.797,,
2/14/2018 15:15,14.7638,81.621,,
2/14/2018 15:30,14.7596,81.621,,
2/14/2018 15:45,14.759,81.442,,
2/14/2018 16:00,14.7586,81.266,,
2/14/2018 16:15,14.7576,80.911,,
2/14/2018 16:30,14.7572,80.735,,
2/14/2018 16:45,14.7589,80.559,,
2/14/2018 17:00,14.7563,80.382,,
2/14/2018 17:15,14.7553,80.029,,
2/14/2018 17:30,14.757,79.853,,
2/14/2018 17:45,14.7614,79.853,,
2/14/2018 18:00,14.763,79.678,,
2/14/2018 18:15,14.7603,79.502,,
2/14/2018 18:30,14.7647,79.502,,
2/14/2018 18:45,14.7643,79.326,,
2/14/2018 19:00,14.7664,79.326,,
2/14/2018 19:15,14.7682,79.151,,
2/14/2018 19:30,14.7702,79.151,,
2/14/2018 19:45,14.7719,78.975,,
2/14/2018 20:00,14.7741,78.975,,
2/14/2018 20:15,14.7759,78.8,,
2/14/2018 20:30,14.7776,78.624,,
2/14/2018 20:45,14.7798,78.624,,
2/14/2018 21:00,14.7792,78.449,,
2/14/2018 21:15,14.7814,78.449,,
2/14/2018 21:30,14.7831,78.274,,
2/14/2018 21:45,14.7805,78.098,,
2/14/2018 22:00,14.7849,78.098,,
2/14/2018 22:15,14.7888,77.923,,
2/14/2018 22:30,14.7866,77.923,,
2/14/2018 22:45,14.786,77.749,,
2/14/2018 23:00,14.7882,77.749,,
2/14/2018 23:15,14.786,77.749,,
2/14/2018 23:30,14.7838,77.749,,
2/14/2018 23:45,14.7834,77.574,,
2/15/2018 0:00,14.7834,77.574,,
2/15/2018 0:15,14.7812,77.574,,
2/15/2018 0:30,14.7791,77.574,,
2/15/2018 0:45,14.7764,77.4,,
2/15/2018 1:00,14.7721,77.4,,
2/15/2018 1:15,14.7743,77.4,,
2/15/2018 1:30,14.7721,77.4,,
2/15/2018 1:45,14.7677,77.4,,
2/15/2018 2:00,14.763,77.225,,
2/15/2018 2:15,14.7586,77.225,,
2/15/2018 2:30,14.7608,77.225,,
2/15/2018 2:45,14.7564,77.225,,
2/15/2018 3:00,14.756,77.05,,
2/15/2018 3:15,14.756,77.05,,
2/15/2018 3:30,14.756,77.05,,
2/15/2018 3:45,14.7582,77.05,,
2/15/2018 4:00,14.7556,76.876,,
2/15/2018 4:15,14.7599,76.876,,
2/15/2018 4:30,14.7577,76.876,,
2/15/2018 4:45,14.7577,76.876,,
2/15/2018 5:00,14.7556,76.876,,
2/15/2018 5:15,14.7573,76.703,,
2/15/2018 5:30,14.7573,76.703,,
2/15/2018 5:45,14.7573,76.703,,
2/15/2018 6:00,14.7617,76.703,,
2/15/2018 6:15,14.766,76.703,,
2/15/2018 6:30,14.7676,76.528,,
2/15/2018 6:45,14.7719,76.528,,
2/15/2018 7:00,14.7741,76.528,,
2/15/2018 7:15,14.7763,76.528,,
2/15/2018 7:30,14.7767,76.703,,
2/15/2018 7:45,14.7789,76.703,,
2/15/2018 8:00,14.7789,76.703,,
2/15/2018 8:15,14.7815,76.876,,
2/15/2018 8:30,14.7821,77.05,,
2/15/2018 8:45,14.7843,77.05,,
2/15/2018 9:00,14.7825,77.225,,
2/15/2018 9:15,14.7808,77.4,,
2/15/2018 9:30,14.7812,77.574,,
2/15/2018 9:45,14.7779,77.923,,
2/15/2018 10:00,14.7805,78.098,,
2/15/2018 10:15,14.7801,77.923,,
2/15/2018 10:30,14.7788,78.274,,
2/15/2018 10:45,14.7798,78.624,,
2/15/2018 11:00,14.7802,78.8,,
2/15/2018 11:15,14.782,78.624,,
2/15/2018 11:30,14.7789,79.151,,
2/15/2018 11:45,14.7763,78.975,,
2/15/2018 12:00,14.7746,79.151,,
2/15/2018 12:15,14.773,79.326,,
2/15/2018 12:30,14.769,79.502,,
2/15/2018 12:45,14.7651,79.678,,
2/15/2018 13:00,14.7643,79.326,,
2/15/2018 13:15,14.7614,79.853,,
2/15/2018 13:30,14.7599,79.326,,
2/15/2018 13:45,14.7599,79.326,,
2/15/2018 14:00,14.7534,79.326,,
2/15/2018 14:15,14.7548,79.853,,
2/15/2018 14:30,14.7509,80.029,,
2/15/2018 14:45,14.7492,80.206,,
2/15/2018 15:00,14.7448,80.206,,
2/15/2018 15:15,14.7448,80.206,,
2/15/2018 15:30,14.7406,80.206,,
2/15/2018 15:45,14.7384,80.206,,
2/15/2018 16:00,14.7379,80.029,,
2/15/2018 16:15,14.74,80.029,,
2/15/2018 16:30,14.7396,79.853,,
2/15/2018 16:45,14.7366,79.502,,
2/15/2018 17:00,14.7382,79.326,,
2/15/2018 17:15,14.7377,79.151,,
2/15/2018 17:30,14.7399,79.151,,
2/15/2018 17:45,14.7416,78.975,,
2/15/2018 18:00,14.7438,78.975,,
2/15/2018 18:15,14.746,78.975,,
2/15/2018 18:30,14.7438,78.975,,
2/15/2018 18:45,14.7456,78.8,,
2/15/2018 19:00,14.7456,78.8,,
2/15/2018 19:15,14.7476,78.8,,
2/15/2018 19:30,14.7493,78.624,,
2/15/2018 19:45,14.7537,78.624,,
2/15/2018 20:00,14.7558,78.624,,
2/15/2018 20:15,14.758,78.624,,
2/15/2018 20:30,14.7598,78.449,,
2/15/2018 20:45,14.7641,78.449,,
2/15/2018 21:00,14.7641,78.449,,
2/15/2018 21:15,14.7635,78.274,,
2/15/2018 21:30,14.7635,78.274,,
2/15/2018 21:45,14.7657,78.274,,
2/15/2018 22:00,14.7653,78.098,,
2/15/2018 22:15,14.7653,78.098,,
2/15/2018 22:30,14.7675,78.098,,
2/15/2018 22:45,14.7675,78.098,,
2/15/2018 23:00,14.7718,78.098,,
2/15/2018 23:15,14.7718,78.098,,
2/15/2018 23:30,14.7696,78.098,,
2/15/2018 23:45,14.7692,77.923,,
2/16/2018 0:00,14.767,77.923,,
2/16/2018 0:15,14.7648,77.923,,
2/16/2018 0:30,14.7627,77.923,,
2/16/2018 0:45,14.7627,77.923,,
2/16/2018 1:00,14.7605,77.923,,
2/16/2018 1:15,14.7557,77.749,,
2/16/2018 1:30,14.7514,77.749,,
2/16/2018 1:45,14.7514,77.749,,
2/16/2018 2:00,14.7448,77.749,,
2/16/2018 2:15,14.7422,77.574,,
2/16/2018 2:30,14.74,77.574,,
2/16/2018 2:45,14.7379,77.574,,
2/16/2018 3:00,14.74,77.574,,
2/16/2018 3:15,14.7374,77.4,,
2/16/2018 3:30,14.7396,77.4,,
2/16/2018 3:45,14.7418,77.4,,
2/16/2018 4:00,14.7374,77.4,,
2/16/2018 4:15,14.7348,77.225,,
2/16/2018 4:30,14.7348,77.225,,
2/16/2018 4:45,14.7348,77.225,,
2/16/2018 5:00,14.7344,77.05,,
2/16/2018 5:15,14.7366,77.05,,
2/16/2018 5:30,14.7366,77.05,,
2/16/2018 5:45,14.7366,77.05,,
2/16/2018 6:00,14.7382,76.876,,
2/16/2018 6:15,14.7403,76.876,,
2/16/2018 6:30,14.7447,76.876,,
2/16/2018 6:45,14.7469,76.876,,
2/16/2018 7:00,14.7469,76.876,,
2/16/2018 7:15,14.7425,76.876,,
2/16/2018 7:30,14.7469,76.876,,
2/16/2018 7:45,14.7469,76.876,,
2/16/2018 8:00,14.7469,76.876,,
2/16/2018 8:15,14.7451,77.05,,
2/16/2018 8:30,14.7473,77.05,,
2/16/2018 8:45,14.7479,77.225,,
2/16/2018 9:00,14.7461,77.4,,
2/16/2018 9:15,14.7487,77.574,,
2/16/2018 9:30,14.7492,77.749,,
2/16/2018 9:45,14.7496,77.923,,
2/16/2018 10:00,14.748,78.098,,
2/16/2018 10:15,14.7467,78.449,,
2/16/2018 10:30,14.7471,78.624,,
2/16/2018 10:45,14.7482,78.975,,
2/16/2018 11:00,14.7464,79.151,,
2/16/2018 11:15,14.7495,79.502,,
2/16/2018 11:30,14.7483,79.853,,
2/16/2018 11:45,14.747,80.206,,
2/16/2018 12:00,14.7448,80.206,,
2/16/2018 12:15,14.7432,80.382,,
2/16/2018 12:30,14.7382,80.911,,
2/16/2018 12:45,14.7368,81.266,,
2/16/2018 13:00,14.7335,81.621,,
2/16/2018 13:15,14.7324,81.975,,
2/16/2018 13:30,14.7263,82.152,,
2/16/2018 13:45,14.7245,82.33,,
2/16/2018 14:00,14.7229,82.508,,
2/16/2018 14:15,14.7186,82.508,,
2/16/2018 14:30,14.7142,82.508,,
2/16/2018 14:45,14.7138,82.33,,
2/16/2018 15:00,14.7176,82.152,,
2/16/2018 15:15,14.7149,81.975,,
2/16/2018 15:30,14.7149,81.975,,
2/16/2018 15:45,14.7145,81.797,,
2/16/2018 16:00,14.7161,81.621,,
2/16/2018 16:15,14.7131,81.266,,
2/16/2018 16:30,14.7147,81.09,,
2/16/2018 16:45,14.716,80.735,,
2/16/2018 17:00,14.7171,80.382,,
2/16/2018 17:15,14.7189,80.206,,
2/16/2018 17:30,14.7189,80.206,,
2/16/2018 17:45,14.7184,80.029,,
2/16/2018 18:00,14.7222,79.853,,
2/16/2018 18:15,14.7305,79.678,,
2/16/2018 18:30,14.7326,79.678,,
2/16/2018 18:45,14.7344,79.502,,
2/16/2018 19:00,14.7366,79.502,,
2/16/2018 19:15,14.7425,79.326,,
2/16/2018 19:30,14.7469,79.326,,
2/16/2018 19:45,14.7469,79.326,,
2/16/2018 20:00,14.749,79.326,,
2/16/2018 20:15,14.7486,79.151,,
2/16/2018 20:30,14.7486,79.151,,
2/16/2018 20:45,14.7503,78.975,,
2/16/2018 21:00,14.7547,78.975,,
2/16/2018 21:15,14.7569,78.975,,
2/16/2018 21:30,14.7563,78.8,,
2/16/2018 21:45,14.7563,78.8,,
2/16/2018 22:00,14.7602,78.624,,
2/16/2018 22:15,14.7646,78.624,,
2/16/2018 22:30,14.7663,78.449,,
2/16/2018 22:45,14.7641,78.449,,
2/16/2018 23:00,14.7663,78.449,,
2/16/2018 23:15,14.7641,78.449,,
2/16/2018 23:30,14.7635,78.274,,
2/16/2018 23:45,14.7615,78.274,,
2/17/2018 0:00,14.7635,78.274,,
2/17/2018 0:15,14.7566,78.098,,
2/17/2018 0:30,14.7566,78.098,,
2/17/2018 0:45,14.7566,78.098,,
2/17/2018 1:00,14.7518,77.923,,
2/17/2018 1:15,14.7518,77.923,,
2/17/2018 1:30,14.7496,77.923,,
2/17/2018 1:45,14.7474,77.923,,
2/17/2018 2:00,14.7448,77.749,,
2/17/2018 2:15,14.7427,77.749,,
2/17/2018 2:30,14.7405,77.749,,
2/17/2018 2:45,14.7405,77.749,,
2/17/2018 3:00,14.7379,77.574,,
2/17/2018 3:15,14.7357,77.574,,
2/17/2018 3:30,14.7379,77.574,,
2/17/2018 3:45,14.7357,77.574,,
2/17/2018 4:00,14.74,77.574,,
2/17/2018 4:15,14.74,77.574,,
2/17/2018 4:30,14.7418,77.4,,
2/17/2018 4:45,14.744,77.4,,
2/17/2018 5:00,14.744,77.4,,
2/17/2018 5:15,14.7483,77.4,,
2/17/2018 5:30,14.7461,77.4,,
2/17/2018 5:45,14.7527,77.4,,
2/17/2018 6:00,14.7483,77.4,,
2/17/2018 6:15,14.7461,77.4,,
2/17/2018 6:30,14.7461,77.4,,
2/17/2018 6:45,14.7527,77.4,,
2/17/2018 7:00,14.7548,77.4,,
2/17/2018 7:15,14.757,77.4,,
2/17/2018 7:30,14.757,77.4,,
2/17/2018 7:45,14.7592,77.4,,
2/17/2018 8:00,14.7574,77.574,,
2/17/2018 8:15,14.7596,77.574,,
2/17/2018 8:30,14.7618,77.574,,
2/17/2018 8:45,14.7601,77.749,,
2/17/2018 9:00,14.7583,77.923,,
2/17/2018 9:15,14.7583,77.923,,
2/17/2018 9:30,14.7566,78.098,,
2/17/2018 9:45,14.7572,78.274,,
2/17/2018 10:00,14.7657,78.274,,
2/17/2018 10:15,14.7615,78.274,,
2/17/2018 10:30,14.7593,78.274,,
2/17/2018 10:45,14.7532,78.449,,
2/17/2018 11:00,14.7525,78.975,,
2/17/2018 11:15,14.746,78.975,,
2/17/2018 11:30,14.7486,79.151,,
2/17/2018 11:45,14.7473,79.502,,
2/17/2018 12:00,14.7495,79.502,,
2/17/2018 12:15,14.7451,79.502,,
2/17/2018 12:30,14.7435,79.678,,
2/17/2018 12:45,14.7448,80.206,,
2/17/2018 13:00,14.7418,79.853,,
2/17/2018 13:15,14.7389,80.382,,
2/17/2018 13:30,14.7384,80.206,,
2/17/2018 13:45,14.7363,80.206,,
2/17/2018 14:00,14.7324,80.382,,
2/17/2018 14:15,14.7251,80.911,,
2/17/2018 14:30,14.7277,81.09,,
2/17/2018 14:45,14.7281,81.266,,
2/17/2018 15:00,14.7261,81.266,,
2/17/2018 15:15,14.7277,81.09,,
2/17/2018 15:30,14.7251,80.911,,
2/17/2018 15:45,14.7229,80.911,,
2/17/2018 16:00,14.7251,80.911,,
2/17/2018 16:15,14.7219,80.559,,
2/17/2018 16:30,14.7228,80.029,,
2/17/2018 16:45,14.7287,79.853,,
2/17/2018 17:00,14.7283,79.678,,
2/17/2018 17:15,14.7283,79.678,,
2/17/2018 17:30,14.7326,79.678,,
2/17/2018 17:45,14.73,79.502,,
2/17/2018 18:00,14.73,79.502,,
2/17/2018 18:15,14.7316,79.326,,
2/17/2018 18:30,14.7338,79.326,,
2/17/2018 18:45,14.7382,79.326,,
2/17/2018 19:00,14.7355,79.151,,
2/17/2018 19:15,14.7377,79.151,,
2/17/2018 19:30,14.7416,78.975,,
2/17/2018 19:45,14.7438,78.975,,
2/17/2018 20:00,14.7438,78.975,,
2/17/2018 20:15,14.7434,78.8,,
2/17/2018 20:30,14.7434,78.8,,
2/17/2018 20:45,14.7456,78.8,,
2/17/2018 21:00,14.745,78.624,,
2/17/2018 21:15,14.7471,78.624,,
2/17/2018 21:30,14.7467,78.449,,
2/17/2018 21:45,14.7489,78.449,,
2/17/2018 22:00,14.7511,78.449,,
2/17/2018 22:15,14.7506,78.274,,
2/17/2018 22:30,14.7506,78.274,,
2/17/2018 22:45,14.7522,78.098,,
2/17/2018 23:00,14.7502,78.098,,
2/17/2018 23:15,14.748,78.098,,
2/17/2018 23:30,14.7474,77.923,,
2/17/2018 23:45,14.7474,77.923,,
2/18/2018 0:00,14.7411,77.923,,
2/18/2018 0:15,14.7383,77.749,,
2/18/2018 0:30,14.7339,77.749,,
2/18/2018 0:45,14.7297,77.749,,
2/18/2018 1:00,14.7313,77.574,,
2/18/2018 1:15,14.7248,77.574,,
2/18/2018 1:30,14.7248,77.574,,
2/18/2018 1:45,14.7222,77.4,,
2/18/2018 2:00,14.7222,77.4,,
2/18/2018 2:15,14.7222,77.4,,
2/18/2018 2:30,14.7196,77.225,,
2/18/2018 2:45,14.7218,77.225,,
2/18/2018 3:00,14.7174,77.225,,
2/18/2018 3:15,14.7196,77.225,,
2/18/2018 3:30,14.7196,77.225,,
2/18/2018 3:45,14.7213,77.05,,
2/18/2018 4:00,14.7192,77.05,,
2/18/2018 4:15,14.7192,77.05,,
2/18/2018 4:30,14.7213,77.05,,
2/18/2018 4:45,14.7213,77.05,,
2/18/2018 5:00,14.7235,77.05,,
2/18/2018 5:15,14.7235,77.05,,
2/18/2018 5:30,14.7235,77.05,,
2/18/2018 5:45,14.73,77.05,,
2/18/2018 6:00,14.7318,76.876,,
2/18/2018 6:15,14.7339,76.876,,
2/18/2018 6:30,14.7361,76.876,,
2/18/2018 6:45,14.7403,76.876,,
2/18/2018 7:00,14.7403,76.876,,
2/18/2018 7:15,14.7469,76.876,,
2/18/2018 7:30,14.7512,76.876,,
2/18/2018 7:45,14.7538,77.05,,
2/18/2018 8:00,14.756,77.05,,
2/18/2018 8:15,14.7564,77.225,,
2/18/2018 8:30,14.7548,77.4,,
2/18/2018 8:45,14.7527,77.4,,
2/18/2018 9:00,14.7548,77.4,,
2/18/2018 9:15,14.757,77.4,,
2/18/2018 9:30,14.757,77.4,,
2/18/2018 9:45,14.757,77.4,,
2/18/2018 10:00,14.757,77.4,,
2/18/2018 10:15,14.7531,77.574,,
2/18/2018 10:30,14.7535,77.749,,
2/18/2018 10:45,14.7561,77.923,,
2/18/2018 11:00,14.7522,78.098,,
2/18/2018 11:15,14.7493,78.624,,
2/18/2018 11:30,14.7471,78.624,,
2/18/2018 11:45,14.746,78.975,,
2/18/2018 12:00,14.7464,79.151,,
2/18/2018 12:15,14.7425,79.326,,
2/18/2018 12:30,14.7395,78.975,,
2/18/2018 12:45,14.7368,78.8,,
2/18/2018 13:00,14.7347,78.8,,
2/18/2018 13:15,14.7286,78.975,,
2/18/2018 13:30,14.7252,79.326,,
2/18/2018 13:45,14.7225,79.151,,
2/18/2018 14:00,14.7209,79.326,,
2/18/2018 14:15,14.7203,79.151,,
2/18/2018 14:30,14.7203,79.151,,
2/18/2018 14:45,14.7203,79.151,,
2/18/2018 15:00,14.7183,79.151,,
2/18/2018 15:15,14.7183,79.151,,
2/18/2018 15:30,14.7161,79.151,,
2/18/2018 15:45,14.7139,79.151,,
2/18/2018 16:00,14.7122,79.326,,
2/18/2018 16:15,14.7126,79.502,,
2/18/2018 16:30,14.7131,79.678,,
2/18/2018 16:45,14.7122,79.326,,
2/18/2018 17:00,14.7139,79.151,,
2/18/2018 17:15,14.7134,78.975,,
2/18/2018 17:30,14.7134,78.975,,
2/18/2018 17:45,14.7155,78.975,,
2/18/2018 18:00,14.7177,78.975,,
2/18/2018 18:15,14.7194,78.8,,
2/18/2018 18:30,14.7194,78.8,,
2/18/2018 18:45,14.7238,78.8,,
2/18/2018 19:00,14.7255,78.624,,
2/18/2018 19:15,14.7299,78.624,,
2/18/2018 19:30,14.7299,78.624,,
2/18/2018 19:45,14.7342,78.624,,
2/18/2018 20:00,14.7337,78.449,,
2/18/2018 20:15,14.7358,78.449,,
2/18/2018 20:30,14.738,78.449,,
2/18/2018 20:45,14.738,78.449,,
2/18/2018 21:00,14.7376,78.274,,
2/18/2018 21:15,14.7398,78.274,,
2/18/2018 21:30,14.7376,78.274,,
2/18/2018 21:45,14.7419,78.274,,
2/18/2018 22:00,14.7419,78.274,,
2/18/2018 22:15,14.7415,78.098,,
2/18/2018 22:30,14.7393,78.098,,
2/18/2018 22:45,14.7415,78.098,,
2/18/2018 23:00,14.7415,78.098,,
2/18/2018 23:15,14.7367,77.923,,
2/18/2018 23:30,14.7345,77.923,,
2/18/2018 23:45,14.7367,77.923,,
2/19/2018 0:00,14.7319,77.749,,
2/19/2018 0:15,14.7297,77.749,,
2/19/2018 0:30,14.7297,77.749,,
2/19/2018 0:45,14.727,77.574,,
2/19/2018 1:00,14.7228,77.574,,
2/19/2018 1:15,14.7206,77.574,,
2/19/2018 1:30,14.7178,77.4,,
2/19/2018 1:45,14.7115,77.4,,
2/19/2018 2:00,14.7093,77.4,,
2/19/2018 2:15,14.7087,77.225,,
2/19/2018 2:30,14.7045,77.225,,
2/19/2018 2:45,14.7061,77.05,,
2/19/2018 3:00,14.7061,77.05,,
2/19/2018 3:15,14.7061,77.05,,
2/19/2018 3:30,14.7061,77.05,,
2/19/2018 3:45,14.7078,76.876,,
2/19/2018 4:00,14.7078,76.876,,
2/19/2018 4:15,14.7078,76.876,,
2/19/2018 4:30,14.7074,76.703,,
2/19/2018 4:45,14.7074,76.703,,
2/19/2018 5:00,14.7096,76.703,,
2/19/2018 5:15,14.707,76.528,,
2/19/2018 5:30,14.707,76.528,,
2/19/2018 5:45,14.7113,76.528,,
2/19/2018 6:00,14.7113,76.528,,
2/19/2018 6:15,14.7131,76.354,,
2/19/2018 6:30,14.7152,76.354,,
2/19/2018 6:45,14.7194,76.354,,
2/19/2018 7:00,14.7173,76.354,,
2/19/2018 7:15,14.7194,76.354,,
2/19/2018 7:30,14.7242,76.528,,
2/19/2018 7:45,14.7286,76.528,,
2/19/2018 8:00,14.7329,76.528,,
2/19/2018 8:15,14.7329,76.528,,
2/19/2018 8:30,14.7355,76.703,,
2/19/2018 8:45,14.7339,76.876,,
2/19/2018 9:00,14.7322,77.05,,
2/19/2018 9:15,14.73,77.05,,
2/19/2018 9:30,14.7261,77.225,,
2/19/2018 9:45,14.7248,77.574,,
2/19/2018 10:00,14.7276,77.749,,
2/19/2018 10:15,14.7228,77.574,,
2/19/2018 10:30,14.7167,77.749,,
2/19/2018 10:45,14.7171,77.923,,
2/19/2018 11:00,14.7116,78.274,,
2/19/2018 11:15,14.7103,78.624,,
2/19/2018 11:30,14.7086,78.8,,
2/19/2018 11:45,14.7078,79.326,,
2/19/2018 12:00,14.7045,79.678,,
2/19/2018 12:15,14.7032,80.029,,
2/19/2018 12:30,14.702,80.382,,
2/19/2018 12:45,14.7003,80.559,,
2/19/2018 13:00,14.6986,80.735,,
2/19/2018 13:15,14.7,81.266,,
2/19/2018 13:30,14.6967,81.621,,
2/19/2018 13:45,14.6957,81.266,,
2/19/2018 14:00,14.6955,80.382,,
2/19/2018 14:15,14.6923,80.029,,
2/19/2018 14:30,14.6919,79.853,,
2/19/2018 14:45,14.6941,79.853,,
2/19/2018 15:00,14.6936,79.678,,
2/19/2018 15:15,14.6932,79.502,,
2/19/2018 15:30,14.6974,79.502,,
2/19/2018 15:45,14.691,79.502,,
2/19/2018 16:00,14.691,79.502,,
2/19/2018 16:15,14.6904,79.326,,
2/19/2018 16:30,14.6883,79.326,,
2/19/2018 16:45,14.6883,79.326,,
2/19/2018 17:00,14.6948,79.326,,
2/19/2018 17:15,14.6926,79.326,,
2/19/2018 17:30,14.6948,79.326,,
2/19/2018 17:45,14.6944,79.151,,
2/19/2018 18:00,14.6944,79.151,,
2/19/2018 18:15,14.7004,78.975,,
2/19/2018 18:30,14.7026,78.975,,
2/19/2018 18:45,14.7042,78.8,,
2/19/2018 19:00,14.702,78.8,,
2/19/2018 19:15,14.7038,78.624,,
2/19/2018 19:30,14.7103,78.624,,
2/19/2018 19:45,14.7099,78.449,,
2/19/2018 20:00,14.7164,78.449,,
2/19/2018 20:15,14.7158,78.274,,
2/19/2018 20:30,14.7158,78.274,,
2/19/2018 20:45,14.7176,78.098,,
2/19/2018 21:00,14.7197,78.098,,
2/19/2018 21:15,14.7171,77.923,,
2/19/2018 21:30,14.7171,77.923,,
2/19/2018 21:45,14.7189,77.749,,
2/19/2018 22:00,14.7254,77.749,,
2/19/2018 22:15,14.7276,77.749,,
2/19/2018 22:30,14.727,77.574,,
2/19/2018 22:45,14.7248,77.574,,
2/19/2018 23:00,14.7244,77.4,,
2/19/2018 23:15,14.7222,77.4,,
2/19/2018 23:30,14.72,77.4,,
2/19/2018 23:45,14.7218,77.225,,
2/20/2018 0:00,14.7174,77.225,,
2/20/2018 0:15,14.7152,77.225,,
2/20/2018 0:30,14.7126,77.05,,
2/20/2018 0:45,14.7105,77.05,,
2/20/2018 1:00,14.7083,77.05,,
2/20/2018 1:15,14.7078,76.876,,
2/20/2018 1:30,14.7057,76.876,,
2/20/2018 1:45,14.7057,76.876,,
2/20/2018 2:00,14.7031,76.703,,
2/20/2018 2:15,14.6987,76.703,,
2/20/2018 2:30,14.6965,76.703,,
2/20/2018 2:45,14.6965,76.703,,
2/20/2018 3:00,14.6983,76.528,,
2/20/2018 3:15,14.6983,76.528,,
2/20/2018 3:30,14.6983,76.528,,
2/20/2018 3:45,14.6961,76.528,,
2/20/2018 4:00,14.6961,76.528,,
2/20/2018 4:15,14.6983,76.528,,
2/20/2018 4:30,14.6983,76.528,,
2/20/2018 4:45,14.7004,76.528,,
2/20/2018 5:00,14.7,76.354,,
2/20/2018 5:15,14.7022,76.354,,
2/20/2018 5:30,14.7044,76.354,,
2/20/2018 5:45,14.7044,76.354,,
2/20/2018 6:00,14.7087,76.354,,
2/20/2018 6:15,14.7087,76.354,,
2/20/2018 6:30,14.7065,76.354,,
2/20/2018 6:45,14.7109,76.354,,
2/20/2018 7:00,14.7131,76.354,,
2/20/2018 7:15,14.7152,76.354,,
2/20/2018 7:30,14.7173,76.354,,
2/20/2018 7:45,14.7194,76.354,,
2/20/2018 8:00,14.7238,76.354,,
2/20/2018 8:15,14.7264,76.528,,
2/20/2018 8:30,14.7308,76.528,,
2/20/2018 8:45,14.7292,76.703,,
2/20/2018 9:00,14.7296,76.876,,
2/20/2018 9:15,14.7296,76.876,,
2/20/2018 9:30,14.73,77.05,,
2/20/2018 9:45,14.73,77.05,,
2/20/2018 10:00,14.7283,77.225,,
2/20/2018 10:15,14.7248,77.574,,
2/20/2018 10:30,14.7258,77.923,,
2/20/2018 10:45,14.7263,78.098,,
2/20/2018 11:00,14.7289,78.274,,
2/20/2018 11:15,14.726,78.8,,
2/20/2018 11:30,14.7231,79.326,,
2/20/2018 11:45,14.7231,79.326,,
2/20/2018 12:00,14.72,79.853,,
2/20/2018 12:15,14.7193,80.382,,
2/20/2018 12:30,14.7134,80.559,,
2/20/2018 12:45,14.7105,81.09,,
2/20/2018 13:00,14.7091,81.442,,
2/20/2018 13:15,14.7052,81.621,,
2/20/2018 13:30,14.7015,81.797,,
2/20/2018 13:45,14.6981,82.152,,
2/20/2018 14:00,14.6964,82.33,,
2/20/2018 14:15,14.6968,82.508,,
2/20/2018 14:30,14.6946,82.508,,
2/20/2018 14:45,14.6925,82.508,,
2/20/2018 15:00,14.692,82.33,,
2/20/2018 15:15,14.6894,82.152,,
2/20/2018 15:30,14.6896,81.442,,
2/20/2018 15:45,14.6883,80.911,,
2/20/2018 16:00,14.6894,80.559,,
2/20/2018 16:15,14.6894,80.559,,
2/20/2018 16:30,14.689,80.382,,
2/20/2018 16:45,14.688,80.029,,
2/20/2018 17:00,14.6875,79.853,,
2/20/2018 17:15,14.6915,79.678,,
2/20/2018 17:30,14.6926,79.326,,
2/20/2018 17:45,14.6965,79.151,,
2/20/2018 18:00,14.6987,79.151,,
2/20/2018 18:15,14.6983,78.975,,
2/20/2018 18:30,14.7048,78.975,,
2/20/2018 18:45,14.7064,78.8,,
2/20/2018 19:00,14.7081,78.624,,
2/20/2018 19:15,14.7125,78.624,,
2/20/2018 19:30,14.712,78.449,,
2/20/2018 19:45,14.7142,78.449,,
2/20/2018 20:00,14.7158,78.274,,
2/20/2018 20:15,14.7158,78.274,,
2/20/2018 20:30,14.718,78.274,,
2/20/2018 20:45,14.7197,78.098,,
2/20/2018 21:00,14.7241,78.098,,
2/20/2018 21:15,14.7258,77.923,,
2/20/2018 21:30,14.7302,77.923,,
2/20/2018 21:45,14.7319,77.749,,
2/20/2018 22:00,14.7339,77.749,,
2/20/2018 22:15,14.7335,77.574,,
2/20/2018 22:30,14.7357,77.574,,
2/20/2018 22:45,14.7335,77.574,,
2/20/2018 23:00,14.7287,77.4,,
2/20/2018 23:15,14.7287,77.4,,
2/20/2018 23:30,14.7309,77.4,,
2/20/2018 23:45,14.7305,77.225,,
2/21/2018 0:00,14.7305,77.225,,
2/21/2018 0:15,14.73,77.05,,
2/21/2018 0:30,14.73,77.05,,
2/21/2018 0:45,14.7279,77.05,,
2/21/2018 1:00,14.7231,76.876,,
2/21/2018 1:15,14.7209,76.876,,
2/21/2018 1:30,14.7187,76.876,,
2/21/2018 1:45,14.7161,76.703,,
2/21/2018 2:00,14.7161,76.703,,
2/21/2018 2:15,14.7183,76.703,,
2/21/2018 2:30,14.7157,76.528,,
2/21/2018 2:45,14.7135,76.528,,
2/21/2018 3:00,14.7135,76.528,,
2/21/2018 3:15,14.7131,76.354,,
2/21/2018 3:30,14.7087,76.354,,
2/21/2018 3:45,14.7109,76.354,,
2/21/2018 4:00,14.7125,76.181,,
2/21/2018 4:15,14.7147,76.181,,
2/21/2018 4:30,14.7168,76.181,,
2/21/2018 4:45,14.7168,76.181,,
2/21/2018 5:00,14.7164,76.006,,
2/21/2018 5:15,14.7208,76.006,,
2/21/2018 5:30,14.7229,76.006,,
2/21/2018 5:45,14.7208,76.006,,
2/21/2018 6:00,14.7247,75.832,,
2/21/2018 6:15,14.7247,75.832,,
2/21/2018 6:30,14.7268,75.832,,
2/21/2018 6:45,14.729,75.832,,
2/21/2018 7:00,14.7334,75.832,,
2/21/2018 7:15,14.7334,75.832,,
2/21/2018 7:30,14.7355,75.832,,
2/21/2018 7:45,14.7377,75.832,,
2/21/2018 8:00,14.7398,75.832,,
2/21/2018 8:15,14.7403,76.006,,
2/21/2018 8:30,14.7451,76.181,,
2/21/2018 8:45,14.7434,76.354,,
2/21/2018 9:00,14.7438,76.528,,
2/21/2018 9:15,14.7412,76.354,,
2/21/2018 9:30,14.7438,76.528,,
2/21/2018 9:45,14.7395,76.528,,
2/21/2018 10:00,14.7392,77.225,,
2/21/2018 10:15,14.7392,77.225,,
2/21/2018 10:30,14.7392,77.225,,
2/21/2018 10:45,14.7396,77.4,,
2/21/2018 11:00,14.7405,77.749,,
2/21/2018 11:15,14.7389,77.923,,
2/21/2018 11:30,14.7371,78.098,,
2/21/2018 11:45,14.735,78.098,,
2/21/2018 12:00,14.735,78.098,,
2/21/2018 12:15,14.7324,77.923,,
2/21/2018 12:30,14.7302,77.923,,
2/21/2018 12:45,14.7302,77.923,,
2/21/2018 13:00,14.728,77.923,,
2/21/2018 13:15,14.725,78.449,,
2/21/2018 13:30,14.7234,78.624,,
2/21/2018 13:45,14.719,78.624,,
2/21/2018 14:00,14.7177,78.975,,
2/21/2018 14:15,14.7177,78.975,,
2/21/2018 14:30,14.7212,78.624,,
2/21/2018 14:45,14.7187,79.326,,
2/21/2018 15:00,14.718,79.853,,
2/21/2018 15:15,14.7165,79.326,,
2/21/2018 15:30,14.7177,78.975,,
2/21/2018 15:45,14.7173,78.8,,
2/21/2018 16:00,14.7168,78.624,,
2/21/2018 16:15,14.7147,78.624,,
2/21/2018 16:30,14.7142,78.449,,
2/21/2018 16:45,14.7168,78.624,,
2/21/2018 17:00,14.7186,78.449,,
2/21/2018 17:15,14.718,78.274,,
2/21/2018 17:30,14.718,78.274,,
2/21/2018 17:45,14.7219,78.098,,
2/21/2018 18:00,14.7241,78.098,,
2/21/2018 18:15,14.7263,78.098,,
2/21/2018 18:30,14.7302,77.923,,
2/21/2018 18:45,14.7324,77.923,,
2/21/2018 19:00,14.7389,77.923,,
2/21/2018 19:15,14.7405,77.749,,
2/21/2018 19:30,14.7427,77.749,,
2/21/2018 19:45,14.7448,77.749,,
2/21/2018 20:00,14.7448,77.749,,
2/21/2018 20:15,14.7466,77.574,,
2/21/2018 20:30,14.7509,77.574,,
2/21/2018 20:45,14.7509,77.574,,
2/21/2018 21:00,14.7509,77.574,,
2/21/2018 21:15,14.7531,77.574,,
2/21/2018 21:30,14.7548,77.4,,
2/21/2018 21:45,14.757,77.4,,
2/21/2018 22:00,14.7592,77.4,,
2/21/2018 22:15,14.7592,77.4,,
2/21/2018 22:30,14.7634,77.4,,
2/21/2018 22:45,14.763,77.225,,
2/21/2018 23:00,14.763,77.225,,
2/21/2018 23:15,14.7586,77.225,,
2/21/2018 23:30,14.763,77.225,,
2/21/2018 23:45,14.763,77.225,,
2/22/2018 0:00,14.7564,77.225,,
2/22/2018 0:15,14.7543,77.225,,
2/22/2018 0:30,14.756,77.05,,
2/22/2018 0:45,14.756,77.05,,
2/22/2018 1:00,14.7538,77.05,,
2/22/2018 1:15,14.7495,77.05,,
2/22/2018 1:30,14.7495,77.05,,
2/22/2018 1:45,14.749,76.876,,
2/22/2018 2:00,14.7469,76.876,,
2/22/2018 2:15,14.7447,76.876,,
2/22/2018 2:30,14.7382,76.876,,
2/22/2018 2:45,14.7361,76.876,,
2/22/2018 3:00,14.7318,76.876,,
2/22/2018 3:15,14.7355,76.703,,
2/22/2018 3:30,14.7377,76.703,,
2/22/2018 3:45,14.7355,76.703,,
2/22/2018 4:00,14.7377,76.703,,
2/22/2018 4:15,14.7355,76.703,,
2/22/2018 4:30,14.7373,76.528,,
2/22/2018 4:45,14.7416,76.528,,
2/22/2018 5:00,14.7416,76.528,,
2/22/2018 5:15,14.7438,76.528,,
2/22/2018 5:30,14.7482,76.528,,
2/22/2018 5:45,14.7482,76.528,,
2/22/2018 6:00,14.7503,76.528,,
2/22/2018 6:15,14.7547,76.528,,
2/22/2018 6:30,14.7569,76.528,,
2/22/2018 6:45,14.759,76.528,,
2/22/2018 7:00,14.7612,76.528,,
2/22/2018 7:15,14.7656,76.528,,
2/22/2018 7:30,14.7656,76.528,,
2/22/2018 7:45,14.7704,76.703,,
2/22/2018 8:00,14.7704,76.703,,
2/22/2018 8:15,14.7746,76.703,,
2/22/2018 8:30,14.7751,76.876,,
2/22/2018 8:45,14.7756,77.05,,
2/22/2018 9:00,14.7764,77.4,,
2/22/2018 9:15,14.7747,77.574,,
2/22/2018 9:30,14.7753,77.749,,
2/22/2018 9:45,14.7757,77.923,,
2/22/2018 10:00,14.7762,78.098,,
2/22/2018 10:15,14.7766,78.274,,
2/22/2018 10:30,14.7754,78.624,,
2/22/2018 10:45,14.7724,79.151,,
2/22/2018 11:00,14.7721,79.853,,
2/22/2018 11:15,14.7709,80.206,,
2/22/2018 11:30,14.7692,80.382,,
2/22/2018 11:45,14.7692,80.382,,
2/22/2018 12:00,14.7661,80.029,,
2/22/2018 12:15,14.7622,80.206,,
2/22/2018 12:30,14.7601,80.206,,
2/22/2018 12:45,14.7567,80.559,,
2/22/2018 13:00,14.7586,81.266,,
2/22/2018 13:15,14.7564,81.266,,
2/22/2018 13:30,14.7576,80.911,,
2/22/2018 13:45,14.7589,80.559,,
2/22/2018 14:00,14.7545,80.559,,
2/22/2018 14:15,14.7543,81.266,,
2/22/2018 14:30,14.7557,81.797,,
2/22/2018 14:45,14.7525,81.442,,
2/22/2018 15:00,14.7477,81.266,,
2/22/2018 15:15,14.7506,80.735,,
2/22/2018 15:30,14.7519,80.382,,
2/22/2018 15:45,14.7509,80.029,,
2/22/2018 16:00,14.7466,80.029,,
2/22/2018 16:15,14.7483,79.853,,
2/22/2018 16:30,14.7522,79.678,,
2/22/2018 16:45,14.756,79.502,,
2/22/2018 17:00,14.7512,79.326,,
2/22/2018 17:15,14.7551,79.151,,
2/22/2018 17:30,14.7551,79.151,,
2/22/2018 17:45,14.7589,78.975,,
2/22/2018 18:00,14.7589,78.975,,
2/22/2018 18:15,14.7585,78.8,,
2/22/2018 18:30,14.7624,78.624,,
2/22/2018 18:45,14.7689,78.624,,
2/22/2018 19:00,14.7733,78.624,,
2/22/2018 19:15,14.7727,78.449,,
2/22/2018 19:30,14.7727,78.449,,
2/22/2018 19:45,14.7727,78.449,,
2/22/2018 20:00,14.7792,78.449,,
2/22/2018 20:15,14.7983,78.274,,
2/22/2018 20:30,14.8243,78.274,,
2/22/2018 20:45,14.8629,78.098,,
2/22/2018 21:00,14.8625,77.923,,
2/22/2018 21:15,14.8794,77.749,,
2/22/2018 21:30,14.8858,77.749,,
2/22/2018 21:45,14.8767,77.574,,
2/22/2018 22:00,14.8546,77.4,,
2/22/2018 22:15,14.8394,77.4,,
2/22/2018 22:30,14.8307,77.4,,
2/22/2018 22:45,14.8237,77.225,,
2/22/2018 23:00,14.8172,77.225,,
2/22/2018 23:15,14.8194,77.225,,
2/22/2018 23:30,14.815,77.225,,
2/22/2018 23:45,14.8233,77.05,,
2/23/2018 0:00,14.9205,76.876,,
2/23/2018 0:15,15.4249,76.354,,
2/23/2018 0:30,15.4001,76.006,,
2/23/2018 0:45,15.2715,75.832,,
2/23/2018 1:00,15.3931,75.832,,
2/23/2018 1:15,15.5843,75.832,,
2/23/2018 1:30,15.4452,75.832,,
2/23/2018 1:45,15.4017,75.832,,
2/23/2018 2:00,15.367,75.832,,
2/23/2018 2:15,15.2758,75.832,,
2/23/2018 2:30,15.2285,76.006,,
2/23/2018 2:45,15.1876,76.181,,
2/23/2018 3:00,15.1704,76.181,,
2/23/2018 3:15,15.205,76.181,,
2/23/2018 3:30,15.5766,76.181,,
2/23/2018 3:45,15.3871,76.006,,
2/23/2018 4:00,15.2675,76.006,,
2/23/2018 4:15,15.2224,76.181,,
2/23/2018 4:30,15.1791,76.181,,
2/23/2018 4:45,15.1534,76.354,,
2/23/2018 5:00,15.1403,76.354,,
2/23/2018 5:15,15.1148,76.528,,
2/23/2018 5:30,15.1213,76.528,,
2/23/2018 5:45,15.1087,76.703,,
2/23/2018 6:00,15.0935,76.703,,
2/23/2018 6:15,15.0828,76.703,,
2/23/2018 6:30,15.0806,76.703,,
2/23/2018 6:45,15.0697,76.703,,
2/23/2018 7:00,15.0762,76.703,,
2/23/2018 7:15,15.0719,76.703,,
2/23/2018 7:30,15.0675,76.703,,
2/23/2018 7:45,15.0632,76.703,,
2/23/2018 8:00,15.0762,76.703,,
2/23/2018 8:15,15.0849,76.703,,
2/23/2018 8:30,15.0957,76.703,,
2/23/2018 8:45,15.0893,76.703,,
2/23/2018 9:00,15.0736,76.528,,
2/23/2018 9:15,15.0671,76.528,,
2/23/2018 9:30,15.0736,76.528,,
2/23/2018 9:45,15.0758,76.528,,
2/23/2018 10:00,15.0671,76.528,,
2/23/2018 10:15,15.054,76.528,,
2/23/2018 10:30,15.0627,76.528,,
2/23/2018 10:45,15.0458,76.703,,
2/23/2018 11:00,15.0458,76.703,,
2/23/2018 11:15,15.0414,76.703,,
2/23/2018 11:30,15.0377,76.876,,
2/23/2018 11:45,15.0268,76.876,,
2/23/2018 12:00,15.0203,76.876,,
2/23/2018 12:15,15.0076,77.05,,
2/23/2018 12:30,15.0076,77.05,,
2/23/2018 12:45,15.0033,77.05,,
2/23/2018 13:00,14.9969,77.05,,
2/23/2018 13:15,14.9969,77.05,,
2/23/2018 13:30,14.9882,77.05,,
2/23/2018 13:45,14.9838,77.05,,
2/23/2018 14:00,14.986,77.05,,
2/23/2018 14:15,14.9795,77.05,,
2/23/2018 14:30,14.9773,77.05,,
2/23/2018 14:45,14.9773,77.05,,
2/23/2018 15:00,14.9708,77.05,,
2/23/2018 15:15,14.9686,77.05,,
2/23/2018 15:30,14.9725,76.876,,
2/23/2018 15:45,14.966,76.876,,
2/23/2018 16:00,14.9573,76.876,,
2/23/2018 16:15,14.953,76.876,,
2/23/2018 16:30,14.9508,76.876,,
2/23/2018 16:45,14.9421,76.876,,
2/23/2018 17:00,14.9416,76.703,,
2/23/2018 17:15,14.9329,76.703,,
2/23/2018 17:30,14.9373,76.703,,
2/23/2018 17:45,14.9373,76.703,,
2/23/2018 18:00,14.9395,76.703,,
2/23/2018 18:15,14.9369,76.528,,
2/23/2018 18:30,14.939,76.528,,
2/23/2018 18:45,14.939,76.528,,
2/23/2018 19:00,14.939,76.528,,
2/23/2018 19:15,14.939,76.528,,
2/23/2018 19:30,14.9434,76.528,,
2/23/2018 19:45,14.939,76.528,,
2/23/2018 20:00,14.9412,76.528,,
2/23/2018 20:15,14.9434,76.528,,
2/23/2018 20:30,14.9456,76.528,,
2/23/2018 20:45,14.9438,76.703,,
2/23/2018 21:00,14.9438,76.703,,
2/23/2018 21:15,14.9438,76.703,,
2/23/2018 21:30,14.9416,76.703,,
2/23/2018 21:45,14.9395,76.703,,
2/23/2018 22:00,14.9438,76.703,,
2/23/2018 22:15,14.9438,76.703,,
2/23/2018 22:30,14.9416,76.703,,
2/23/2018 22:45,14.9421,76.876,,
2/23/2018 23:00,14.9421,76.876,,
2/23/2018 23:15,14.9399,76.876,,
2/23/2018 23:30,14.9377,76.876,,
2/23/2018 23:45,14.9312,76.876,,
2/24/2018 0:00,14.929,76.876,,
2/24/2018 0:15,14.929,76.876,,
2/24/2018 0:30,14.9248,76.876,,
2/24/2018 0:45,14.9248,76.876,,
2/24/2018 1:00,14.9226,76.876,,
2/24/2018 1:15,14.9205,76.876,,
2/24/2018 1:30,14.9161,76.876,,
2/24/2018 1:45,14.9139,76.876,,
2/24/2018 2:00,14.9118,76.876,,
2/24/2018 2:15,14.9074,76.876,,
2/24/2018 2:30,14.9052,76.876,,
2/24/2018 2:45,14.9009,76.876,,
2/24/2018 3:00,14.8965,76.876,,
2/24/2018 3:15,14.8987,76.876,,
2/24/2018 3:30,14.8944,76.876,,
2/24/2018 3:45,14.8944,76.876,,
2/24/2018 4:00,14.8944,76.876,,
2/24/2018 4:15,14.8944,76.876,,
2/24/2018 4:30,14.8944,76.876,,
2/24/2018 4:45,14.8944,76.876,,
2/24/2018 5:00,14.8987,76.876,,
2/24/2018 5:15,14.8965,76.876,,
2/24/2018 5:30,14.8987,76.876,,
2/24/2018 5:45,14.8965,76.876,,
2/24/2018 6:00,14.8987,76.876,,
2/24/2018 6:15,14.9031,76.876,,
2/24/2018 6:30,14.9074,76.876,,
2/24/2018 6:45,14.9074,76.876,,
2/24/2018 7:00,14.9052,76.876,,
2/24/2018 7:15,14.9074,76.876,,
2/24/2018 7:30,14.9074,76.876,,
2/24/2018 7:45,14.9122,77.05,,
2/24/2018 8:00,14.9187,77.05,,
2/24/2018 8:15,14.9235,77.225,,
2/24/2018 8:30,14.93,77.225,,
2/24/2018 8:45,14.9366,77.225,,
2/24/2018 9:00,14.9392,77.4,,
2/24/2018 9:15,14.9305,77.4,,
2/24/2018 9:30,14.9222,77.574,,
2/24/2018 9:45,14.9184,77.749,,
2/24/2018 10:00,14.9184,77.749,,
2/24/2018 10:15,14.9163,77.749,,
2/24/2018 10:30,14.9145,77.923,,
2/24/2018 10:45,14.9068,78.274,,
2/24/2018 11:00,14.9073,78.449,,
2/24/2018 11:15,14.9051,78.449,,
2/24/2018 11:30,14.9029,78.449,,
2/24/2018 11:45,14.8996,78.8,,
2/24/2018 12:00,14.8957,78.975,,
2/24/2018 12:15,14.8891,78.975,,
2/24/2018 12:30,14.888,79.326,,
2/24/2018 12:45,14.8845,79.678,,
2/24/2018 13:00,14.8812,80.029,,
2/24/2018 13:15,14.8772,80.206,,
2/24/2018 13:30,14.8703,80.029,,
2/24/2018 13:45,14.8671,79.678,,
2/24/2018 14:00,14.8677,79.853,,
2/24/2018 14:15,14.8633,79.853,,
2/24/2018 14:30,14.8633,79.853,,
2/24/2018 14:45,14.8568,79.853,,
2/24/2018 15:00,14.859,79.853,,
2/24/2018 15:15,14.8564,79.678,,
2/24/2018 15:30,14.8585,79.678,,
2/24/2018 15:45,14.8542,79.678,,
2/24/2018 16:00,14.8558,79.502,,
2/24/2018 16:15,14.8536,79.502,,
2/24/2018 16:30,14.8532,79.326,,
2/24/2018 16:45,14.8553,79.326,,
2/24/2018 17:00,14.8532,79.326,,
2/24/2018 17:15,14.8571,79.151,,
2/24/2018 17:30,14.8636,79.151,,
2/24/2018 17:45,14.868,79.151,,
2/24/2018 18:00,14.8717,78.975,,
2/24/2018 18:15,14.8691,78.8,,
2/24/2018 18:30,14.8713,78.8,,
2/24/2018 18:45,14.8752,78.624,,
2/24/2018 19:00,14.8796,78.624,,
2/24/2018 19:15,14.8768,78.449,,
2/24/2018 19:30,14.8812,78.449,,
2/24/2018 19:45,14.8829,78.274,,
2/24/2018 20:00,14.8873,78.274,,
2/24/2018 20:15,14.889,78.098,,
2/24/2018 20:30,14.8868,78.098,,
2/24/2018 20:45,14.8864,77.923,,
2/24/2018 21:00,14.8886,77.923,,
2/24/2018 21:15,14.888,77.749,,
2/24/2018 21:30,14.8902,77.749,,
2/24/2018 21:45,14.8875,77.574,,
2/24/2018 22:00,14.8897,77.574,,
2/24/2018 22:15,14.8897,77.574,,
2/24/2018 22:30,14.8915,77.4,,
2/24/2018 22:45,14.8849,77.4,,
2/24/2018 23:00,14.8849,77.4,,
2/24/2018 23:15,14.8845,77.225,,
2/24/2018 23:30,14.8823,77.225,,
2/24/2018 23:45,14.8801,77.225,,
2/25/2018 0:00,14.8801,77.225,,
2/25/2018 0:15,14.8801,77.225,,
2/25/2018 0:30,14.8775,77.05,,
2/25/2018 0:45,14.8775,77.05,,
2/25/2018 1:00,14.8754,77.05,,
2/25/2018 1:15,14.8688,77.05,,
2/25/2018 1:30,14.8667,77.05,,
2/25/2018 1:45,14.8645,77.05,,
2/25/2018 2:00,14.8601,77.05,,
2/25/2018 2:15,14.8575,76.876,,
2/25/2018 2:30,14.8553,76.876,,
2/25/2018 2:45,14.8532,76.876,,
2/25/2018 3:00,14.8553,76.876,,
2/25/2018 3:15,14.851,76.876,,
2/25/2018 3:30,14.851,76.876,,
2/25/2018 3:45,14.851,76.876,,
2/25/2018 4:00,14.851,76.876,,
2/25/2018 4:15,14.851,76.876,,
2/25/2018 4:30,14.851,76.876,,
2/25/2018 4:45,14.8532,76.876,,
2/25/2018 5:00,14.8532,76.876,,
2/25/2018 5:15,14.8553,76.876,,
2/25/2018 5:30,14.8593,76.703,,
2/25/2018 5:45,14.8636,76.703,,
2/25/2018 6:00,14.8636,76.703,,
2/25/2018 6:15,14.8636,76.703,,
2/25/2018 6:30,14.8636,76.703,,
2/25/2018 6:45,14.8636,76.703,,
2/25/2018 7:00,14.8678,76.703,,
2/25/2018 7:15,14.8722,76.703,,
2/25/2018 7:30,14.8743,76.703,,
2/25/2018 7:45,14.8743,76.703,,
2/25/2018 8:00,14.8765,76.703,,
2/25/2018 8:15,14.8813,76.876,,
2/25/2018 8:30,14.8791,76.876,,
2/25/2018 8:45,14.8841,77.05,,
2/25/2018 9:00,14.8823,77.225,,
2/25/2018 9:15,14.878,77.225,,
2/25/2018 9:30,14.8762,77.4,,
2/25/2018 9:45,14.8784,77.4,,
2/25/2018 10:00,14.8788,77.574,,
2/25/2018 10:15,14.8794,77.749,,
2/25/2018 10:30,14.8755,77.923,,
2/25/2018 10:45,14.8733,77.923,,
2/25/2018 11:00,14.8694,78.098,,
2/25/2018 11:15,14.872,78.274,,
2/25/2018 11:30,14.8704,78.449,,
2/25/2018 11:45,14.8704,78.449,,
2/25/2018 12:00,14.8665,78.624,,
2/25/2018 12:15,14.8669,78.8,,
2/25/2018 12:30,14.8636,79.151,,
2/25/2018 12:45,14.858,79.502,,
2/25/2018 13:00,14.8536,79.502,,
2/25/2018 13:15,14.8524,79.853,,
2/25/2018 13:30,14.8514,79.502,,
2/25/2018 13:45,14.8472,79.502,,
2/25/2018 14:00,14.851,79.326,,
2/25/2018 14:15,14.8433,79.678,,
2/25/2018 14:30,14.8433,79.678,,
2/25/2018 14:45,14.8385,79.502,,
2/25/2018 15:00,14.8411,79.678,,
2/25/2018 15:15,14.8368,79.678,,
2/25/2018 15:30,14.8372,79.853,,
2/25/2018 15:45,14.8368,79.678,,
2/25/2018 16:00,14.8368,79.678,,
2/25/2018 16:15,14.8372,79.853,,
2/25/2018 16:30,14.8346,79.678,,
2/25/2018 16:45,14.8363,79.502,,
2/25/2018 17:00,14.8379,79.326,,
2/25/2018 17:15,14.8379,79.326,,
2/25/2018 17:30,14.8419,79.151,,
2/25/2018 17:45,14.8458,78.975,,
2/25/2018 18:00,14.8501,78.975,,
2/25/2018 18:15,14.8517,78.8,,
2/25/2018 18:30,14.8539,78.8,,
2/25/2018 18:45,14.8578,78.624,,
2/25/2018 19:00,14.8622,78.624,,
2/25/2018 19:15,14.8639,78.449,,
2/25/2018 19:30,14.8683,78.449,,
2/25/2018 19:45,14.8704,78.449,,
2/25/2018 20:00,14.8698,78.274,,
2/25/2018 20:15,14.872,78.274,,
2/25/2018 20:30,14.8764,78.274,,
2/25/2018 20:45,14.8759,78.098,,
2/25/2018 21:00,14.8803,78.098,,
2/25/2018 21:15,14.8825,78.098,,
2/25/2018 21:30,14.882,77.923,,
2/25/2018 21:45,14.8864,77.923,,
2/25/2018 22:00,14.8864,77.923,,
2/25/2018 22:15,14.8902,77.749,,
2/25/2018 22:30,14.8945,77.749,,
2/25/2018 22:45,14.8945,77.749,,
2/25/2018 23:00,14.8923,77.749,,
2/25/2018 23:15,14.8897,77.574,,
2/25/2018 23:30,14.8875,77.574,,
2/25/2018 23:45,14.8832,77.574,,
2/26/2018 0:00,14.8788,77.574,,
2/26/2018 0:15,14.8806,77.4,,
2/26/2018 0:30,14.8806,77.4,,
2/26/2018 0:45,14.8784,77.4,,
2/26/2018 1:00,14.8784,77.4,,
2/26/2018 1:15,14.8736,77.225,,
2/26/2018 1:30,14.8758,77.225,,
2/26/2018 1:45,14.8736,77.225,,
2/26/2018 2:00,14.8693,77.225,,
2/26/2018 2:15,14.8649,77.225,,
2/26/2018 2:30,14.8714,77.225,,
2/26/2018 2:45,14.9057,77.05,,
2/26/2018 3:00,14.9817,77.05,,
2/26/2018 3:15,15.0978,76.703,,
2/26/2018 3:30,15.0133,76.703,,
2/26/2018 3:45,14.9628,76.528,,
2/26/2018 4:00,14.9303,76.528,,
2/26/2018 4:15,14.9086,76.528,,
2/26/2018 4:30,14.8978,76.528,,
2/26/2018 4:45,14.8935,76.528,,
2/26/2018 5:00,14.8891,76.528,,
2/26/2018 5:15,14.8826,76.528,,
2/26/2018 5:30,14.8848,76.528,,
2/26/2018 5:45,14.8848,76.528,,
2/26/2018 6:00,14.8826,76.528,,
2/26/2018 6:15,14.8848,76.528,,
2/26/2018 6:30,14.8848,76.528,,
2/26/2018 6:45,14.8891,76.528,,
2/26/2018 7:00,14.8917,76.703,,
2/26/2018 7:15,14.8917,76.703,,
2/26/2018 7:30,14.8961,76.703,,
2/26/2018 7:45,14.8922,76.876,,
2/26/2018 8:00,14.8944,76.876,,
2/26/2018 8:15,14.8965,76.876,,
2/26/2018 8:30,14.8948,77.05,,
2/26/2018 8:45,14.8926,77.05,,
2/26/2018 9:00,14.8954,77.225,,
2/26/2018 9:15,14.8915,77.4,,
2/26/2018 9:30,14.8941,77.574,,
2/26/2018 9:45,14.8945,77.749,,
2/26/2018 10:00,14.8962,77.574,,
2/26/2018 10:15,14.8989,77.749,,
2/26/2018 10:30,14.8981,78.274,,
2/26/2018 10:45,14.8981,78.274,,
2/26/2018 11:00,14.899,78.624,,
2/26/2018 11:15,14.9012,78.624,,
2/26/2018 11:30,14.8952,78.8,,
2/26/2018 11:45,14.8861,78.624,,
2/26/2018 12:00,14.8822,78.8,,
2/26/2018 12:15,14.8778,78.8,,
2/26/2018 12:30,14.8745,79.151,,
2/26/2018 12:45,14.8701,79.151,,
2/26/2018 13:00,14.8674,78.975,,
2/26/2018 13:15,14.8674,78.975,,
2/26/2018 13:30,14.8636,79.151,,
2/26/2018 13:45,14.8593,79.151,,
2/26/2018 14:00,14.8575,79.326,,
2/26/2018 14:15,14.8553,79.326,,
2/26/2018 14:30,14.8527,79.151,,
2/26/2018 14:45,14.8553,79.326,,
2/26/2018 15:00,14.8542,79.678,,
2/26/2018 15:15,14.852,79.678,,
2/26/2018 15:30,14.8472,79.502,,
2/26/2018 15:45,14.8445,79.326,,
2/26/2018 16:00,14.845,79.502,,
2/26/2018 16:15,14.845,79.502,,
2/26/2018 16:30,14.8423,79.326,,
2/26/2018 16:45,14.8419,79.151,,
2/26/2018 17:00,14.8414,78.975,,
2/26/2018 17:15,14.8388,78.8,,
2/26/2018 17:30,14.841,78.8,,
2/26/2018 17:45,14.8432,78.8,,
2/26/2018 18:00,14.8426,78.624,,
2/26/2018 18:15,14.8426,78.624,,
2/26/2018 18:30,14.8448,78.624,,
2/26/2018 18:45,14.8491,78.624,,
2/26/2018 19:00,14.8465,78.449,,
2/26/2018 19:15,14.8465,78.449,,
2/26/2018 19:30,14.8465,78.449,,
2/26/2018 19:45,14.8465,78.449,,
2/26/2018 20:00,14.8487,78.449,,
2/26/2018 20:15,14.8482,78.274,,
2/26/2018 20:30,14.8526,78.274,,
2/26/2018 20:45,14.8548,78.274,,
2/26/2018 21:00,14.8564,78.098,,
2/26/2018 21:15,14.8564,78.098,,
2/26/2018 21:30,14.8607,78.098,,
2/26/2018 21:45,14.8607,78.098,,
2/26/2018 22:00,14.8581,77.923,,
2/26/2018 22:15,14.8603,77.923,,
2/26/2018 22:30,14.8581,77.923,,
2/26/2018 22:45,14.8603,77.923,,
2/26/2018 23:00,14.8577,77.749,,
2/26/2018 23:15,14.8533,77.749,,
2/26/2018 23:30,14.8533,77.749,,
2/26/2018 23:45,14.8533,77.749,,
2/27/2018 0:00,14.8511,77.749,,
2/27/2018 0:15,14.8485,77.574,,
2/27/2018 0:30,14.8529,77.574,,
2/27/2018 0:45,14.8485,77.574,,
2/27/2018 1:00,14.8485,77.574,,
2/27/2018 1:15,14.8442,77.574,,
2/27/2018 1:30,14.8398,77.574,,
2/27/2018 1:45,14.8377,77.574,,
2/27/2018 2:00,14.835,77.4,,
2/27/2018 2:15,14.8307,77.4,,
2/27/2018 2:30,14.8285,77.4,,
2/27/2018 2:45,14.8285,77.4,,
2/27/2018 3:00,14.8263,77.4,,
2/27/2018 3:15,14.8242,77.4,,
2/27/2018 3:30,14.8263,77.4,,
2/27/2018 3:45,14.8237,77.225,,
2/27/2018 4:00,14.8259,77.225,,
2/27/2018 4:15,14.8237,77.225,,
2/27/2018 4:30,14.8237,77.225,,
2/27/2018 4:45,14.8259,77.225,,
2/27/2018 5:00,14.8259,77.225,,
2/27/2018 5:15,14.8237,77.225,,
2/27/2018 5:30,14.8259,77.225,,
2/27/2018 5:45,14.8281,77.225,,
2/27/2018 6:00,14.8281,77.225,,
2/27/2018 6:15,14.8281,77.225,,
2/27/2018 6:30,14.8281,77.225,,
2/27/2018 6:45,14.8303,77.225,,
2/27/2018 7:00,14.8324,77.225,,
2/27/2018 7:15,14.8324,77.225,,
2/27/2018 7:30,14.8346,77.225,,
2/27/2018 7:45,14.8368,77.225,,
2/27/2018 8:00,14.8368,77.225,,
2/27/2018 8:15,14.8368,77.225,,
2/27/2018 8:30,14.8416,77.4,,
2/27/2018 8:45,14.8416,77.4,,
2/27/2018 9:00,14.842,77.574,,
2/27/2018 9:15,14.8424,77.749,,
2/27/2018 9:30,14.845,77.923,,
2/27/2018 9:45,14.845,77.923,,
2/27/2018 10:00,14.8439,78.274,,
2/27/2018 10:15,14.8443,78.449,,
2/27/2018 10:30,14.8426,78.624,,
2/27/2018 10:45,14.8426,78.624,,
2/27/2018 11:00,14.8482,78.274,,
2/27/2018 11:15,14.8517,78.8,,
2/27/2018 11:30,14.8527,79.151,,
2/27/2018 11:45,14.8575,79.326,,
2/27/2018 12:00,14.871,79.502,,
2/27/2018 12:15,14.8732,79.502,,
2/27/2018 12:30,14.8568,79.853,,
2/27/2018 12:45,14.8437,79.853,,
2/27/2018 13:00,14.8378,80.029,,
2/27/2018 13:15,14.8321,80.382,,
2/27/2018 13:30,14.8269,80.029,,
2/27/2018 13:45,14.8226,80.029,,
2/27/2018 14:00,14.8182,80.029,,
2/27/2018 14:15,14.8139,80.029,,
2/27/2018 14:30,14.8131,80.559,,
2/27/2018 14:45,14.8095,80.029,,
2/27/2018 15:00,14.8062,80.382,,
2/27/2018 15:15,14.8066,80.559,,
2/27/2018 15:30,14.8018,80.382,,
2/27/2018 15:45,14.8018,80.382,,
2/27/2018 16:00,14.7975,80.382,,
2/27/2018 16:15,14.7965,80.029,,
2/27/2018 16:30,14.7982,79.853,,
2/27/2018 16:45,14.7956,79.678,,
2/27/2018 17:00,14.7956,79.678,,
2/27/2018 17:15,14.795,79.502,,
2/27/2018 17:30,14.8011,79.326,,
2/27/2018 17:45,14.8011,79.326,,
2/27/2018 18:00,14.8028,79.151,,
2/27/2018 18:15,14.8072,79.151,,
2/27/2018 18:30,14.8072,79.151,,
2/27/2018 18:45,14.811,78.975,,
2/27/2018 19:00,14.8131,78.975,,
2/27/2018 19:15,14.8105,78.8,,
2/27/2018 19:30,14.8171,78.8,,
2/27/2018 19:45,14.8171,78.8,,
2/27/2018 20:00,14.821,78.624,,
2/27/2018 20:15,14.8231,78.624,,
2/27/2018 20:30,14.8231,78.624,,
2/27/2018 20:45,14.8269,78.449,,
2/27/2018 21:00,14.8269,78.449,,
2/27/2018 21:15,14.8269,78.449,,
2/27/2018 21:30,14.8247,78.449,,
2/27/2018 21:45,14.8287,78.274,,
2/27/2018 22:00,14.8287,78.274,,
2/27/2018 22:15,14.8308,78.274,,
2/27/2018 22:30,14.8326,78.098,,
2/27/2018 22:45,14.8282,78.098,,
2/27/2018 23:00,14.826,78.098,,
2/27/2018 23:15,14.8239,78.098,,
2/27/2018 23:30,14.8234,77.923,,
2/27/2018 23:45,14.8234,77.923,,
2/28/2018 0:00,14.8213,77.923,,
2/28/2018 0:15,14.8191,77.923,,
2/28/2018 0:30,14.8169,77.923,,
2/28/2018 0:45,14.8165,77.749,,
2/28/2018 1:00,14.8143,77.749,,
2/28/2018 1:15,14.8099,77.749,,
2/28/2018 1:30,14.8056,77.749,,
2/28/2018 1:45,14.8012,77.749,,
2/28/2018 2:00,14.7986,77.574,,
2/28/2018 2:15,14.7986,77.574,,
2/28/2018 2:30,14.7986,77.574,,
2/28/2018 2:45,14.7943,77.574,,
2/28/2018 3:00,14.7921,77.574,,
2/28/2018 3:15,14.7921,77.574,,
2/28/2018 3:30,14.7899,77.574,,
2/28/2018 3:45,14.7895,77.4,,
2/28/2018 4:00,14.7895,77.4,,
2/28/2018 4:15,14.7917,77.4,,
2/28/2018 4:30,14.7917,77.4,,
2/28/2018 4:45,14.7895,77.4,,
2/28/2018 5:00,14.7895,77.4,,
2/28/2018 5:15,14.7938,77.4,,
2/28/2018 5:30,14.7912,77.225,,
2/28/2018 5:45,14.7934,77.225,,
2/28/2018 6:00,14.7912,77.225,,
2/28/2018 6:15,14.7978,77.225,,
2/28/2018 6:30,14.7998,77.225,,
2/28/2018 6:45,14.7998,77.225,,
2/28/2018 7:00,14.7998,77.225,,
2/28/2018 7:15,14.802,77.225,,
2/28/2018 7:30,14.802,77.225,,
2/28/2018 7:45,14.8041,77.225,,
2/28/2018 8:00,14.8041,77.225,,
2/28/2018 8:15,14.8089,77.4,,
2/28/2018 8:30,14.8089,77.4,,
2/28/2018 8:45,14.8117,77.574,,
2/28/2018 9:00,14.8078,77.749,,
2/28/2018 9:15,14.8104,77.923,,
2/28/2018 9:30,14.8108,78.098,,
2/28/2018 9:45,14.8092,78.274,,
2/28/2018 10:00,14.8097,78.449,,
2/28/2018 10:15,14.8105,78.8,,
2/28/2018 10:30,14.805,79.151,,
2/28/2018 10:45,14.805,79.151,,
2/28/2018 11:00,14.8059,79.502,,
2/28/2018 11:15,14.8059,79.502,,
2/28/2018 11:30,14.8021,79.678,,
2/28/2018 11:45,14.8008,80.029,,
2/28/2018 12:00,14.7965,80.029,,
2/28/2018 12:15,14.7931,80.382,,
2/28/2018 12:30,14.7914,80.559,,
2/28/2018 12:45,14.7896,80.735,,
2/28/2018 13:00,14.7888,80.382,,
2/28/2018 13:15,14.7844,80.382,,
2/28/2018 13:30,14.784,80.206,,
2/28/2018 13:45,14.7779,80.382,,
2/28/2018 14:00,14.7779,80.382,,
2/28/2018 14:15,14.775,80.911,,
2/28/2018 14:30,14.775,80.911,,
2/28/2018 14:45,14.774,80.559,,
2/28/2018 15:00,14.7724,80.735,,
2/28/2018 15:15,14.7688,80.206,,
2/28/2018 15:30,14.7683,80.029,,
2/28/2018 15:45,14.7657,79.853,,
2/28/2018 16:00,14.764,80.029,,
2/28/2018 16:15,14.7651,79.678,,
2/28/2018 16:30,14.7756,79.502,,
2/28/2018 16:45,14.7778,79.502,,
2/28/2018 17:00,14.773,79.326,,
2/28/2018 17:15,14.7686,79.326,,
2/28/2018 17:30,14.7708,79.326,,
2/28/2018 17:45,14.7682,79.151,,
2/28/2018 18:00,14.7789,79.151,,
2/28/2018 18:15,14.7872,78.975,,
2/28/2018 18:30,14.7981,78.975,,
2/28/2018 18:45,14.7953,78.8,,
2/28/2018 19:00,14.7949,78.624,,
2/28/2018 19:15,14.7966,78.449,,
2/28/2018 19:30,14.801,78.449,,
2/28/2018 19:45,14.7983,78.274,,
2/28/2018 20:00,14.7918,78.274,,
2/28/2018 20:15,14.7936,78.098,,
2/28/2018 20:30,14.7936,78.098,,
2/28/2018 20:45,14.793,77.923,,
2/28/2018 21:00,14.7952,77.923,,
2/28/2018 21:15,14.7952,77.923,,
2/28/2018 21:30,14.7969,77.749,,
2/28/2018 21:45,14.8012,77.749,,
2/28/2018 22:00,14.8034,77.749,,
2/28/2018 22:15,14.8034,77.749,,
2/28/2018 22:30,14.803,77.574,,
2/28/2018 22:45,14.8052,77.574,,
2/28/2018 23:00,14.8073,77.574,,
2/28/2018 23:15,14.8073,77.574,,
2/28/2018 23:30,14.8047,77.4,,
2/28/2018 23:45,14.8026,77.4,,
3/1/2018 0:00,14.8004,77.4,,
3/1/2018 0:15,14.7982,77.4,,
3/1/2018 0:30,14.796,77.4,,
3/1/2018 0:45,14.7978,77.225,,
3/1/2018 1:00,14.7934,77.225,,
3/1/2018 1:15,14.7869,77.225,,
3/1/2018 1:30,14.7847,77.225,,
3/1/2018 1:45,14.7843,77.05,,
3/1/2018 2:00,14.7799,77.05,,
3/1/2018 2:15,14.7821,77.05,,
3/1/2018 2:30,14.7799,77.05,,
3/1/2018 2:45,14.7756,77.05,,
3/1/2018 3:00,14.773,76.876,,
3/1/2018 3:15,14.7708,76.876,,
3/1/2018 3:30,14.7708,76.876,,
3/1/2018 3:45,14.7708,76.876,,
3/1/2018 4:00,14.773,76.876,,
3/1/2018 4:15,14.7704,76.703,,
3/1/2018 4:30,14.7725,76.703,,
3/1/2018 4:45,14.7725,76.703,,
3/1/2018 5:00,14.7725,76.703,,
3/1/2018 5:15,14.7725,76.703,,
3/1/2018 5:30,14.7725,76.703,,
3/1/2018 5:45,14.7719,76.528,,
3/1/2018 6:00,14.7763,76.528,,
3/1/2018 6:15,14.7741,76.528,,
3/1/2018 6:30,14.7763,76.528,,
3/1/2018 6:45,14.7785,76.528,,
3/1/2018 7:00,14.7785,76.528,,
3/1/2018 7:15,14.7785,76.528,,
3/1/2018 7:30,14.7828,76.528,,
3/1/2018 7:45,14.7828,76.528,,
3/1/2018 8:00,14.7807,76.528,,
3/1/2018 8:15,14.7833,76.703,,
3/1/2018 8:30,14.7859,76.876,,
3/1/2018 8:45,14.7843,77.05,,
3/1/2018 9:00,14.7821,77.05,,
3/1/2018 9:15,14.7851,77.4,,
3/1/2018 9:30,14.7878,77.574,,
3/1/2018 9:45,14.7899,77.574,,
3/1/2018 10:00,14.7904,77.749,,
3/1/2018 10:15,14.7947,77.749,,
3/1/2018 10:30,14.7952,77.923,,
3/1/2018 10:45,14.7927,78.624,,
3/1/2018 11:00,14.7915,78.975,,
3/1/2018 11:15,14.788,79.326,,
3/1/2018 11:30,14.7843,79.502,,
3/1/2018 11:45,14.7856,80.029,,
3/1/2018 12:00,14.7856,80.029,,
3/1/2018 12:15,14.7815,79.326,,
3/1/2018 12:30,14.7811,79.151,,
3/1/2018 12:45,14.7773,79.326,,
3/1/2018 13:00,14.7751,79.326,,
3/1/2018 13:15,14.7686,79.326,,
3/1/2018 13:30,14.773,79.326,,
3/1/2018 13:45,14.769,79.502,,
3/1/2018 14:00,14.7695,79.678,,
3/1/2018 14:15,14.7666,80.206,,
3/1/2018 14:30,14.7644,80.206,,
3/1/2018 14:45,14.7618,80.029,,
3/1/2018 15:00,14.7601,80.206,,
3/1/2018 15:15,14.7583,80.382,,
3/1/2018 15:30,14.7574,80.029,,
3/1/2018 15:45,14.7574,80.029,,
3/1/2018 16:00,14.7574,80.029,,
3/1/2018 16:15,14.7586,79.678,,
3/1/2018 16:30,14.7564,79.678,,
3/1/2018 16:45,14.756,79.502,,
3/1/2018 17:00,14.7625,79.502,,
3/1/2018 17:15,14.7603,79.502,,
3/1/2018 17:30,14.7577,79.326,,
3/1/2018 17:45,14.7599,79.326,,
3/1/2018 18:00,14.7621,79.326,,
3/1/2018 18:15,14.7682,79.151,,
3/1/2018 18:30,14.7724,79.151,,
3/1/2018 18:45,14.7741,78.975,,
3/1/2018 19:00,14.7785,78.975,,
3/1/2018 19:15,14.778,78.8,,
3/1/2018 19:30,14.7846,78.8,,
3/1/2018 19:45,14.7889,78.8,,
3/1/2018 20:00,14.7927,78.624,,
3/1/2018 20:15,14.7949,78.624,,
3/1/2018 20:30,14.7949,78.624,,
3/1/2018 20:45,14.7966,78.449,,
3/1/2018 21:00,14.801,78.449,,
3/1/2018 21:15,14.801,78.449,,
3/1/2018 21:30,14.8027,78.274,,
3/1/2018 21:45,14.8049,78.274,,
3/1/2018 22:00,14.8049,78.274,,
3/1/2018 22:15,14.8065,78.098,,
3/1/2018 22:30,14.8108,78.098,,
3/1/2018 22:45,14.8104,77.923,,
3/1/2018 23:00,14.8082,77.923,,
3/1/2018 23:15,14.8082,77.923,,
3/1/2018 23:30,14.8104,77.923,,
3/1/2018 23:45,14.8121,77.749,,
3/2/2018 0:00,14.8099,77.749,,
3/2/2018 0:15,14.8078,77.749,,
3/2/2018 0:30,14.8121,77.749,,
3/2/2018 0:45,14.8095,77.574,,
3/2/2018 1:00,14.8052,77.574,,
3/2/2018 1:15,14.803,77.574,,
3/2/2018 1:30,14.8008,77.574,,
3/2/2018 1:45,14.796,77.4,,
3/2/2018 2:00,14.796,77.4,,
3/2/2018 2:15,14.7938,77.4,,
3/2/2018 2:30,14.7917,77.4,,
3/2/2018 2:45,14.7917,77.4,,
3/2/2018 3:00,14.7895,77.4,,
3/2/2018 3:15,14.7917,77.4,,
3/2/2018 3:30,14.7891,77.225,,
3/2/2018 3:45,14.7869,77.225,,
3/2/2018 4:00,14.7891,77.225,,
3/2/2018 4:15,14.7912,77.225,,
3/2/2018 4:30,14.7891,77.225,,
3/2/2018 4:45,14.7912,77.225,,
3/2/2018 5:00,14.7912,77.225,,
3/2/2018 5:15,14.7956,77.225,,
3/2/2018 5:30,14.795,77.05,,
3/2/2018 5:45,14.795,77.05,,
3/2/2018 6:00,14.7972,77.05,,
3/2/2018 6:15,14.7994,77.05,,
3/2/2018 6:30,14.7994,77.05,,
3/2/2018 6:45,14.8015,77.05,,
3/2/2018 7:00,14.8059,77.05,,
3/2/2018 7:15,14.8059,77.05,,
3/2/2018 7:30,14.8081,77.05,,
3/2/2018 7:45,14.8102,77.05,,
3/2/2018 8:00,14.8146,77.05,,
3/2/2018 8:15,14.8189,77.05,,
3/2/2018 8:30,14.8194,77.225,,
3/2/2018 8:45,14.822,77.4,,
3/2/2018 9:00,14.8224,77.574,,
3/2/2018 9:15,14.8224,77.574,,
3/2/2018 9:30,14.8213,77.923,,
3/2/2018 9:45,14.8278,77.923,,
3/2/2018 10:00,14.8294,77.749,,
3/2/2018 10:15,14.8278,77.923,,
3/2/2018 10:30,14.83,77.923,,
3/2/2018 10:45,14.8287,78.274,,
3/2/2018 11:00,14.8279,78.8,,
3/2/2018 11:15,14.8207,79.326,,
3/2/2018 11:30,14.8172,79.678,,
3/2/2018 11:45,14.8085,79.678,,
3/2/2018 12:00,14.8091,79.853,,
3/2/2018 12:15,14.8012,80.206,,
3/2/2018 12:30,14.8008,80.029,,
3/2/2018 12:45,14.7953,80.382,,
3/2/2018 13:00,14.7931,80.382,,
3/2/2018 13:15,14.7914,80.559,,
3/2/2018 13:30,14.788,80.911,,
3/2/2018 13:45,14.7873,81.442,,
3/2/2018 14:00,14.786,81.797,,
3/2/2018 14:15,14.7866,81.975,,
3/2/2018 14:30,14.7801,81.975,,
3/2/2018 14:45,14.7801,81.975,,
3/2/2018 15:00,14.7801,81.975,,
3/2/2018 15:15,14.7817,81.797,,
3/2/2018 15:30,14.7808,81.442,,
3/2/2018 15:45,14.7798,81.09,,
3/2/2018 16:00,14.7772,80.911,,
3/2/2018 16:15,14.7793,80.911,,
3/2/2018 16:30,14.7789,80.735,,
3/2/2018 16:45,14.7827,80.559,,
3/2/2018 17:00,14.7866,80.382,,
3/2/2018 17:15,14.7862,80.206,,
3/2/2018 17:30,14.7856,80.029,,
3/2/2018 17:45,14.7873,79.853,,
3/2/2018 18:00,14.7917,79.853,,
3/2/2018 18:15,14.7934,79.678,,
3/2/2018 18:30,14.795,79.502,,
3/2/2018 18:45,14.7994,79.502,,
3/2/2018 19:00,14.8011,79.326,,
3/2/2018 19:15,14.8033,79.326,,
3/2/2018 19:30,14.8072,79.151,,
3/2/2018 19:45,14.8072,79.151,,
3/2/2018 20:00,14.8088,78.975,,
3/2/2018 20:15,14.8131,78.975,,
3/2/2018 20:30,14.8105,78.8,,
3/2/2018 20:45,14.8127,78.8,,
3/2/2018 21:00,14.8127,78.8,,
3/2/2018 21:15,14.8166,78.624,,
3/2/2018 21:30,14.821,78.624,,
3/2/2018 21:45,14.8184,78.449,,
3/2/2018 22:00,14.8184,78.449,,
3/2/2018 22:15,14.8156,78.274,,
3/2/2018 22:30,14.8178,78.274,,
3/2/2018 22:45,14.8178,78.274,,
3/2/2018 23:00,14.8173,78.098,,
3/2/2018 23:15,14.8152,78.098,,
3/2/2018 23:30,14.8147,77.923,,
3/2/2018 23:45,14.8147,77.923,,
3/3/2018 0:00,14.8126,77.923,,
3/3/2018 0:15,14.8104,77.923,,
3/3/2018 0:30,14.8082,77.923,,
3/3/2018 0:45,14.8034,77.749,,
3/3/2018 1:00,14.8012,77.749,,
3/3/2018 1:15,14.7969,77.749,,
3/3/2018 1:30,14.7947,77.749,,
3/3/2018 1:45,14.7965,77.574,,
3/3/2018 2:00,14.7943,77.574,,
3/3/2018 2:15,14.7899,77.574,,
3/3/2018 2:30,14.7899,77.574,,
3/3/2018 2:45,14.7878,77.574,,
3/3/2018 3:00,14.7878,77.574,,
3/3/2018 3:15,14.7878,77.574,,
3/3/2018 3:30,14.7856,77.574,,
3/3/2018 3:45,14.7873,77.4,,
3/3/2018 4:00,14.7851,77.4,,
3/3/2018 4:15,14.7851,77.4,,
3/3/2018 4:30,14.7851,77.4,,
3/3/2018 4:45,14.7873,77.4,,
3/3/2018 5:00,14.7851,77.4,,
3/3/2018 5:15,14.7873,77.4,,
3/3/2018 5:30,14.7873,77.4,,
3/3/2018 5:45,14.7917,77.4,,
3/3/2018 6:00,14.7917,77.4,,
3/3/2018 6:15,14.7938,77.4,,
3/3/2018 6:30,14.7956,77.225,,
3/3/2018 6:45,14.7982,77.4,,
3/3/2018 7:00,14.8004,77.4,,
3/3/2018 7:15,14.7982,77.4,,
3/3/2018 7:30,14.8026,77.4,,
3/3/2018 7:45,14.8004,77.4,,
3/3/2018 8:00,14.8026,77.4,,
3/3/2018 8:15,14.8052,77.574,,
3/3/2018 8:30,14.8073,77.574,,
3/3/2018 8:45,14.8099,77.749,,
3/3/2018 9:00,14.8082,77.923,,
3/3/2018 9:15,14.8092,78.274,,
3/3/2018 9:30,14.807,78.274,,
3/3/2018 9:45,14.8049,78.274,,
3/3/2018 10:00,14.8053,78.449,,
3/3/2018 10:15,14.8057,78.624,,
3/3/2018 10:30,14.8036,78.624,,
3/3/2018 10:45,14.7997,78.8,,
3/3/2018 11:00,14.8002,78.975,,
3/3/2018 11:15,14.8007,79.151,,
3/3/2018 11:30,14.7994,79.502,,
3/3/2018 11:45,14.7943,80.029,,
3/3/2018 12:00,14.7905,80.206,,
3/3/2018 12:15,14.7895,79.853,,
3/3/2018 12:30,14.7891,79.678,,
3/3/2018 12:45,14.783,79.853,,
3/3/2018 13:00,14.7814,80.029,,
3/3/2018 13:15,14.7796,80.206,,
3/3/2018 13:30,14.777,80.029,,
3/3/2018 13:45,14.777,80.029,,
3/3/2018 14:00,14.7782,79.678,,
3/3/2018 14:15,14.7756,79.502,,
3/3/2018 14:30,14.7717,79.678,,
3/3/2018 14:45,14.7764,79.853,,
3/3/2018 15:00,14.7814,80.029,,
3/3/2018 15:15,14.7818,80.206,,
3/3/2018 15:30,14.7796,80.206,,
3/3/2018 15:45,14.7796,80.206,,
3/3/2018 16:00,14.7743,79.853,,
3/3/2018 16:15,14.7717,79.678,,
3/3/2018 16:30,14.769,79.502,,
3/3/2018 16:45,14.7686,79.326,,
3/3/2018 17:00,14.766,79.151,,
3/3/2018 17:15,14.766,79.151,,
3/3/2018 17:30,14.766,79.151,,
3/3/2018 17:45,14.7682,79.151,,
3/3/2018 18:00,14.7719,78.975,,
3/3/2018 18:15,14.7741,78.975,,
3/3/2018 18:30,14.7759,78.8,,
3/3/2018 18:45,14.7759,78.8,,
3/3/2018 19:00,14.7798,78.624,,
3/3/2018 19:15,14.782,78.624,,
3/3/2018 19:30,14.7836,78.449,,
3/3/2018 19:45,14.7814,78.449,,
3/3/2018 20:00,14.7814,78.449,,
3/3/2018 20:15,14.7853,78.274,,
3/3/2018 20:30,14.7875,78.274,,
3/3/2018 20:45,14.7875,78.274,,
3/3/2018 21:00,14.7896,78.274,,
3/3/2018 21:15,14.7914,78.098,,
3/3/2018 21:30,14.7936,78.098,,
3/3/2018 21:45,14.7957,78.098,,
3/3/2018 22:00,14.7936,78.098,,
3/3/2018 22:15,14.7908,77.923,,
3/3/2018 22:30,14.793,77.923,,
3/3/2018 22:45,14.7908,77.923,,
3/3/2018 23:00,14.7888,77.923,,
3/3/2018 23:15,14.7908,77.923,,
3/3/2018 23:30,14.7866,77.923,,
3/3/2018 23:45,14.7866,77.923,,
3/4/2018 0:00,14.7822,77.923,,
3/4/2018 0:15,14.7822,77.923,,
3/4/2018 0:30,14.7801,77.923,,
3/4/2018 0:45,14.7757,77.923,,
3/4/2018 1:00,14.7757,77.923,,
3/4/2018 1:15,14.7757,77.923,,
3/4/2018 1:30,14.7714,77.923,,
3/4/2018 1:45,14.7688,77.749,,
3/4/2018 2:00,14.7688,77.749,,
3/4/2018 2:15,14.7666,77.749,,
3/4/2018 2:30,14.7644,77.749,,
3/4/2018 2:45,14.7622,77.749,,
3/4/2018 3:00,14.7622,77.749,,
3/4/2018 3:15,14.7601,77.749,,
3/4/2018 3:30,14.7579,77.749,,
3/4/2018 3:45,14.7601,77.749,,
3/4/2018 4:00,14.7622,77.749,,
3/4/2018 4:15,14.7644,77.749,,
3/4/2018 4:30,14.7644,77.749,,
3/4/2018 4:45,14.7644,77.749,,
3/4/2018 5:00,14.7644,77.749,,
3/4/2018 5:15,14.7666,77.749,,
3/4/2018 5:30,14.7683,77.574,,
3/4/2018 5:45,14.7683,77.574,,
3/4/2018 6:00,14.7725,77.574,,
3/4/2018 6:15,14.7704,77.574,,
3/4/2018 6:30,14.7725,77.574,,
3/4/2018 6:45,14.7725,77.574,,
3/4/2018 7:00,14.7725,77.574,,
3/4/2018 7:15,14.7812,77.574,,
3/4/2018 7:30,14.7812,77.574,,
3/4/2018 7:45,14.7834,77.574,,
3/4/2018 8:00,14.7856,77.574,,
3/4/2018 8:15,14.7943,77.574,,
3/4/2018 8:30,14.7904,77.749,,
3/4/2018 8:45,14.7904,77.749,,
3/4/2018 9:00,14.7947,77.749,,
3/4/2018 9:15,14.7952,77.923,,
3/4/2018 9:30,14.7973,77.923,,
3/4/2018 9:45,14.7936,78.098,,
3/4/2018 10:00,14.7923,78.449,,
3/4/2018 10:15,14.7905,78.624,,
3/4/2018 10:30,14.7898,79.151,,
3/4/2018 10:45,14.7898,79.151,,
3/4/2018 11:00,14.7933,78.8,,
3/4/2018 11:15,14.792,79.151,,
3/4/2018 11:30,14.7902,79.326,,
3/4/2018 11:45,14.7865,79.502,,
3/4/2018 12:00,14.7808,79.853,,
3/4/2018 12:15,14.7764,79.853,,
3/4/2018 12:30,14.7721,79.853,,
3/4/2018 12:45,14.7676,80.559,,
3/4/2018 13:00,14.7663,80.911,,
3/4/2018 13:15,14.759,81.442,,
3/4/2018 13:30,14.7535,81.797,,
3/4/2018 13:45,14.7492,81.797,,
3/4/2018 14:00,14.7492,81.797,,
3/4/2018 14:15,14.7492,81.797,,
3/4/2018 14:30,14.747,81.797,,
3/4/2018 14:45,14.7437,82.152,,
3/4/2018 15:00,14.7409,81.975,,
3/4/2018 15:15,14.7422,81.621,,
3/4/2018 15:30,14.7412,81.266,,
3/4/2018 15:45,14.74,81.621,,
3/4/2018 16:00,14.7374,81.442,,
3/4/2018 16:15,14.736,80.911,,
3/4/2018 16:30,14.7382,80.911,,
3/4/2018 16:45,14.7398,80.735,,
3/4/2018 17:00,14.7384,80.206,,
3/4/2018 17:15,14.7357,80.029,,
3/4/2018 17:30,14.7422,80.029,,
3/4/2018 17:45,14.744,79.853,,
3/4/2018 18:00,14.7457,79.678,,
3/4/2018 18:15,14.7473,79.502,,
3/4/2018 18:30,14.7473,79.502,,
3/4/2018 18:45,14.7516,79.502,,
3/4/2018 19:00,14.7534,79.326,,
3/4/2018 19:15,14.7556,79.326,,
3/4/2018 19:30,14.7573,79.151,,
3/4/2018 19:45,14.7595,79.151,,
3/4/2018 20:00,14.7589,78.975,,
3/4/2018 20:15,14.7611,78.975,,
3/4/2018 20:30,14.7654,78.975,,
3/4/2018 20:45,14.7676,78.975,,
3/4/2018 21:00,14.7672,78.8,,
3/4/2018 21:15,14.7693,78.8,,
3/4/2018 21:30,14.7711,78.624,,
3/4/2018 21:45,14.7711,78.624,,
3/4/2018 22:00,14.7706,78.449,,
3/4/2018 22:15,14.7706,78.449,,
3/4/2018 22:30,14.7727,78.449,,
3/4/2018 22:45,14.7701,78.274,,
3/4/2018 23:00,14.7679,78.274,,
3/4/2018 23:15,14.7701,78.274,,
3/4/2018 23:30,14.7718,78.098,,
3/4/2018 23:45,14.7675,78.098,,
3/5/2018 0:00,14.7675,78.098,,
3/5/2018 0:15,14.7631,78.098,,
3/5/2018 0:30,14.7631,78.098,,
3/5/2018 0:45,14.7605,77.923,,
3/5/2018 1:00,14.7605,77.923,,
3/5/2018 1:15,14.7605,77.923,,
3/5/2018 1:30,14.7561,77.923,,
3/5/2018 1:45,14.7557,77.749,,
3/5/2018 2:00,14.7535,77.749,,
3/5/2018 2:15,14.7514,77.749,,
3/5/2018 2:30,14.747,77.749,,
3/5/2018 2:45,14.7492,77.749,,
3/5/2018 3:00,14.7487,77.574,,
3/5/2018 3:15,14.7466,77.574,,
3/5/2018 3:30,14.7509,77.574,,
3/5/2018 3:45,14.7612,77.4,,
3/5/2018 4:00,14.7804,77.225,,
3/5/2018 4:15,14.7782,77.225,,
3/5/2018 4:30,14.802,77.225,,
3/5/2018 4:45,14.8146,77.05,,
3/5/2018 5:00,14.8076,76.876,,
3/5/2018 5:15,14.7924,76.876,,
3/5/2018 5:30,14.7854,76.703,,
3/5/2018 5:45,14.7746,76.703,,
3/5/2018 6:00,14.7767,76.703,,
3/5/2018 6:15,14.7704,76.703,,
3/5/2018 6:30,14.7746,76.703,,
3/5/2018 6:45,14.7746,76.703,,
3/5/2018 7:00,14.7704,76.703,,
3/5/2018 7:15,14.7725,76.703,,
3/5/2018 7:30,14.7704,76.703,,
3/5/2018 7:45,14.773,76.876,,
3/5/2018 8:00,14.773,76.876,,
3/5/2018 8:15,14.7751,76.876,,
3/5/2018 8:30,14.7799,77.05,,
3/5/2018 8:45,14.7734,77.05,,
3/5/2018 9:00,14.7712,77.05,,
3/5/2018 9:15,14.7738,77.225,,
3/5/2018 9:30,14.7673,77.225,,
3/5/2018 9:45,14.7721,77.4,,
3/5/2018 10:00,14.7704,77.574,,
3/5/2018 10:15,14.7699,77.4,,
3/5/2018 10:30,14.7704,77.574,,
3/5/2018 10:45,14.7714,77.923,,
3/5/2018 11:00,14.7679,78.274,,
3/5/2018 11:15,14.7641,78.449,,
3/5/2018 11:30,14.7611,78.975,,
3/5/2018 11:45,14.7538,79.502,,
3/5/2018 12:00,14.75,79.678,,
3/5/2018 12:15,14.7492,80.206,,
3/5/2018 12:30,14.7454,80.382,,
3/5/2018 12:45,14.7437,80.559,,
3/5/2018 13:00,14.7415,80.559,,
3/5/2018 13:15,14.7376,80.735,,
3/5/2018 13:30,14.7393,80.559,,
3/5/2018 13:45,14.7371,80.559,,
3/5/2018 14:00,14.7324,80.382,,
3/5/2018 14:15,14.729,80.735,,
3/5/2018 14:30,14.7299,81.09,,
3/5/2018 14:45,14.7268,80.735,,
3/5/2018 15:00,14.7306,80.559,,
3/5/2018 15:15,14.728,80.382,,
3/5/2018 15:30,14.7258,80.382,,
3/5/2018 15:45,14.725,80.029,,
3/5/2018 16:00,14.7283,79.678,,
3/5/2018 16:15,14.7257,79.502,,
3/5/2018 16:30,14.7252,79.326,,
3/5/2018 16:45,14.7312,79.151,,
3/5/2018 17:00,14.7334,79.151,,
3/5/2018 17:15,14.7395,78.975,,
3/5/2018 17:30,14.7373,78.975,,
3/5/2018 17:45,14.7368,78.8,,
3/5/2018 18:00,14.7412,78.8,,
3/5/2018 18:15,14.7428,78.624,,
3/5/2018 18:30,14.7471,78.624,,
3/5/2018 18:45,14.7467,78.449,,
3/5/2018 19:00,14.7528,78.274,,
3/5/2018 19:15,14.7528,78.274,,
3/5/2018 19:30,14.7522,78.098,,
3/5/2018 19:45,14.7518,77.923,,
3/5/2018 20:00,14.7496,77.923,,
3/5/2018 20:15,14.7514,77.749,,
3/5/2018 20:30,14.7535,77.749,,
3/5/2018 20:45,14.7531,77.574,,
3/5/2018 21:00,14.7531,77.574,,
3/5/2018 21:15,14.7527,77.4,,
3/5/2018 21:30,14.7527,77.4,,
3/5/2018 21:45,14.7548,77.4,,
3/5/2018 22:00,14.7564,77.225,,
3/5/2018 22:15,14.7586,77.225,,
3/5/2018 22:30,14.7586,77.225,,
3/5/2018 22:45,14.756,77.05,,
3/5/2018 23:00,14.756,77.05,,
3/5/2018 23:15,14.7582,77.05,,
3/5/2018 23:30,14.756,77.05,,
3/5/2018 23:45,14.7556,76.876,,
3/6/2018 0:00,14.7534,76.876,,
3/6/2018 0:15,14.7512,76.876,,
3/6/2018 0:30,14.749,76.876,,
3/6/2018 0:45,14.7469,76.876,,
3/6/2018 1:00,14.7447,76.876,,
3/6/2018 1:15,14.7399,76.703,,
3/6/2018 1:30,14.7377,76.703,,
3/6/2018 1:45,14.7355,76.703,,
3/6/2018 2:00,14.7355,76.703,,
3/6/2018 2:15,14.7312,76.703,,
3/6/2018 2:30,14.7292,76.703,,
3/6/2018 2:45,14.7286,76.528,,
3/6/2018 3:00,14.7242,76.528,,
3/6/2018 3:15,14.7222,76.528,,
3/6/2018 3:30,14.72,76.528,,
3/6/2018 3:45,14.7222,76.528,,
3/6/2018 4:00,14.72,76.528,,
3/6/2018 4:15,14.7238,76.354,,
3/6/2018 4:30,14.7194,76.354,,
3/6/2018 4:45,14.7194,76.354,,
3/6/2018 5:00,14.726,76.354,,
3/6/2018 5:15,14.7281,76.354,,
3/6/2018 5:30,14.7281,76.354,,
3/6/2018 5:45,14.726,76.354,,
3/6/2018 6:00,14.7303,76.354,,
3/6/2018 6:15,14.7281,76.354,,
3/6/2018 6:30,14.7303,76.354,,
3/6/2018 6:45,14.7321,76.181,,
3/6/2018 7:00,14.7347,76.354,,
3/6/2018 7:15,14.7368,76.354,,
3/6/2018 7:30,14.739,76.354,,
3/6/2018 7:45,14.7438,76.528,,
3/6/2018 8:00,14.746,76.528,,
3/6/2018 8:15,14.7482,76.528,,
3/6/2018 8:30,14.7482,76.528,,
3/6/2018 8:45,14.7482,76.528,,
3/6/2018 9:00,14.7482,76.528,,
3/6/2018 9:15,14.7482,76.528,,
3/6/2018 9:30,14.7486,76.703,,
3/6/2018 9:45,14.7464,76.703,,
3/6/2018 10:00,14.7469,76.876,,
3/6/2018 10:15,14.7435,77.225,,
3/6/2018 10:30,14.7411,77.923,,
3/6/2018 10:45,14.738,78.449,,
3/6/2018 11:00,14.7368,78.8,,
3/6/2018 11:15,14.7329,78.975,,
3/6/2018 11:30,14.7351,78.975,,
3/6/2018 11:45,14.7334,79.151,,
3/6/2018 12:00,14.7274,79.326,,
3/6/2018 12:15,14.7281,78.8,,
3/6/2018 12:30,14.7234,78.624,,
3/6/2018 12:45,14.7234,78.624,,
3/6/2018 13:00,14.7212,78.624,,
3/6/2018 13:15,14.7229,78.449,,
3/6/2018 13:30,14.7289,78.274,,
3/6/2018 13:45,14.7419,78.274,,
3/6/2018 14:00,14.8269,78.449,,
3/6/2018 14:15,14.9688,77.923,,
3/6/2018 14:30,14.9071,77.574,,
3/6/2018 14:45,14.8551,77.574,,
3/6/2018 15:00,14.8723,77.574,,
3/6/2018 15:15,14.8546,77.4,,
3/6/2018 15:30,14.835,77.4,,
3/6/2018 15:45,14.8111,77.4,,
3/6/2018 16:00,14.7938,77.4,,
3/6/2018 16:15,14.7786,77.4,,
3/6/2018 16:30,14.7656,77.4,,
3/6/2018 16:45,14.7596,77.574,,
3/6/2018 17:00,14.7487,77.574,,
3/6/2018 17:15,14.7466,77.574,,
3/6/2018 17:30,14.7444,77.574,,
3/6/2018 17:45,14.7466,77.574,,
3/6/2018 18:00,14.7466,77.574,,
3/6/2018 18:15,14.7422,77.574,,
3/6/2018 18:30,14.7444,77.574,,
3/6/2018 18:45,14.7527,77.4,,
3/6/2018 19:00,14.7527,77.4,,
3/6/2018 19:15,14.7527,77.4,,
3/6/2018 19:30,14.7527,77.4,,
3/6/2018 19:45,14.7548,77.4,,
3/6/2018 20:00,14.7592,77.4,,
3/6/2018 20:15,14.7548,77.4,,
3/6/2018 20:30,14.7564,77.225,,
3/6/2018 20:45,14.7564,77.225,,
3/6/2018 21:00,14.7564,77.225,,
3/6/2018 21:15,14.7543,77.225,,
3/6/2018 21:30,14.7543,77.225,,
3/6/2018 21:45,14.7564,77.225,,
3/6/2018 22:00,14.7516,77.05,,
3/6/2018 22:15,14.7495,77.05,,
3/6/2018 22:30,14.7495,77.05,,
3/6/2018 22:45,14.7473,77.05,,
3/6/2018 23:00,14.7473,77.05,,
3/6/2018 23:15,14.7451,77.05,,
3/6/2018 23:30,14.7447,76.876,,
3/6/2018 23:45,14.7425,76.876,,
3/7/2018 0:00,14.7447,76.876,,
3/7/2018 0:15,14.7447,76.876,,
3/7/2018 0:30,14.7425,76.876,,
3/7/2018 0:45,14.7399,76.703,,
3/7/2018 1:00,14.7377,76.703,,
3/7/2018 1:15,14.7355,76.703,,
3/7/2018 1:30,14.7377,76.703,,
3/7/2018 1:45,14.7312,76.703,,
3/7/2018 2:00,14.7312,76.703,,
3/7/2018 2:15,14.7329,76.528,,
3/7/2018 2:30,14.7308,76.528,,
3/7/2018 2:45,14.7308,76.528,,
3/7/2018 3:00,14.7308,76.528,,
3/7/2018 3:15,14.7308,76.528,,
3/7/2018 3:30,14.7286,76.528,,
3/7/2018 3:45,14.7308,76.528,,
3/7/2018 4:00,14.7286,76.528,,
3/7/2018 4:15,14.7286,76.528,,
3/7/2018 4:30,14.7264,76.528,,
3/7/2018 4:45,14.7281,76.354,,
3/7/2018 5:00,14.7303,76.354,,
3/7/2018 5:15,14.7325,76.354,,
3/7/2018 5:30,14.7325,76.354,,
3/7/2018 5:45,14.7325,76.354,,
3/7/2018 6:00,14.739,76.354,,
3/7/2018 6:15,14.739,76.354,,
3/7/2018 6:30,14.7412,76.354,,
3/7/2018 6:45,14.7412,76.354,,
3/7/2018 7:00,14.7412,76.354,,
3/7/2018 7:15,14.7456,76.354,,
3/7/2018 7:30,14.7499,76.354,,
3/7/2018 7:45,14.7547,76.528,,
3/7/2018 8:00,14.7569,76.528,,
3/7/2018 8:15,14.7595,76.703,,
3/7/2018 8:30,14.7595,76.703,,
3/7/2018 8:45,14.7599,76.876,,
3/7/2018 9:00,14.7621,76.876,,
3/7/2018 9:15,14.7603,77.05,,
3/7/2018 9:30,14.7603,77.05,,
3/7/2018 9:45,14.7596,77.574,,
3/7/2018 10:00,14.7605,77.923,,
3/7/2018 10:15,14.7609,78.098,,
3/7/2018 10:30,14.7588,78.098,,
3/7/2018 10:45,14.7528,78.274,,
3/7/2018 11:00,14.7558,78.624,,
3/7/2018 11:15,14.7566,78.098,,
3/7/2018 11:30,14.7583,77.923,,
3/7/2018 11:45,14.7579,77.749,,
3/7/2018 12:00,14.7514,77.749,,
3/7/2018 12:15,14.7509,77.574,,
3/7/2018 12:30,14.7531,77.574,,
3/7/2018 12:45,14.764,77.574,,
3/7/2018 13:00,14.8481,77.4,,
3/7/2018 13:15,14.8996,77.225,,
3/7/2018 13:30,14.897,77.05,,
3/7/2018 13:45,14.8819,77.05,,
3/7/2018 14:00,14.8601,77.05,,
3/7/2018 14:15,14.8433,77.225,,
3/7/2018 14:30,14.8281,77.225,,
3/7/2018 14:45,14.8133,77.4,,
3/7/2018 15:00,14.7982,77.4,,
3/7/2018 15:15,14.786,77.749,,
3/7/2018 15:30,14.7838,77.749,,
3/7/2018 15:45,14.7822,77.923,,
3/7/2018 16:00,14.7796,77.749,,
3/7/2018 16:15,14.7757,77.923,,
3/7/2018 16:30,14.7718,78.098,,
3/7/2018 16:45,14.7675,78.098,,
3/7/2018 17:00,14.767,77.923,,
3/7/2018 17:15,14.7627,77.923,,
3/7/2018 17:30,14.7579,77.749,,
3/7/2018 17:45,14.7601,77.749,,
3/7/2018 18:00,14.7596,77.574,,
3/7/2018 18:15,14.7618,77.574,,
3/7/2018 18:30,14.7618,77.574,,
3/7/2018 18:45,14.7656,77.4,,
3/7/2018 19:00,14.7677,77.4,,
3/7/2018 19:15,14.7699,77.4,,
3/7/2018 19:30,14.7677,77.4,,
3/7/2018 19:45,14.7673,77.225,,
3/7/2018 20:00,14.7717,77.225,,
3/7/2018 20:15,14.7738,77.225,,
3/7/2018 20:30,14.776,77.225,,
3/7/2018 20:45,14.769,77.05,,
3/7/2018 21:00,14.7734,77.05,,
3/7/2018 21:15,14.7712,77.05,,
3/7/2018 21:30,14.7756,77.05,,
3/7/2018 21:45,14.773,76.876,,
3/7/2018 22:00,14.7751,76.876,,
3/7/2018 22:15,14.7751,76.876,,
3/7/2018 22:30,14.7773,76.876,,
3/7/2018 22:45,14.7751,76.876,,
3/7/2018 23:00,14.7725,76.703,,
3/7/2018 23:15,14.7767,76.703,,
3/7/2018 23:30,14.7746,76.703,,
3/7/2018 23:45,14.7725,76.703,,
3/8/2018 0:00,14.7682,76.703,,
3/8/2018 0:15,14.766,76.703,,
3/8/2018 0:30,14.7638,76.703,,
3/8/2018 0:45,14.759,76.528,,
3/8/2018 1:00,14.7569,76.528,,
3/8/2018 1:15,14.7547,76.528,,
3/8/2018 1:30,14.7547,76.528,,
3/8/2018 1:45,14.7503,76.528,,
3/8/2018 2:00,14.7482,76.528,,
3/8/2018 2:15,14.7503,76.528,,
3/8/2018 2:30,14.746,76.528,,
3/8/2018 2:45,14.7482,76.528,,
3/8/2018 3:00,14.7482,76.528,,
3/8/2018 3:15,14.7477,76.354,,
3/8/2018 3:30,14.7477,76.354,,
3/8/2018 3:45,14.7477,76.354,,
3/8/2018 4:00,14.7521,76.354,,
3/8/2018 4:15,14.7521,76.354,,
3/8/2018 4:30,14.7521,76.354,,
3/8/2018 4:45,14.7558,76.181,,
3/8/2018 5:00,14.7602,76.181,,
3/8/2018 5:15,14.7602,76.181,,
3/8/2018 5:30,14.758,76.181,,
3/8/2018 5:45,14.7602,76.181,,
3/8/2018 6:00,14.7619,76.006,,
3/8/2018 6:15,14.7663,76.006,,
3/8/2018 6:30,14.7663,76.006,,
3/8/2018 6:45,14.7685,76.006,,
3/8/2018 7:00,14.775,76.006,,
3/8/2018 7:15,14.775,76.006,,
3/8/2018 7:30,14.7815,76.006,,
3/8/2018 7:45,14.782,76.181,,
3/8/2018 8:00,14.782,76.181,,
3/8/2018 8:15,14.7846,76.354,,
3/8/2018 8:30,14.7867,76.354,,
3/8/2018 8:45,14.785,76.528,,
3/8/2018 9:00,14.7872,76.528,,
3/8/2018 9:15,14.7876,76.703,,
3/8/2018 9:30,14.7876,76.703,,
3/8/2018 9:45,14.788,76.876,,
3/8/2018 10:00,14.7891,77.225,,
3/8/2018 10:15,14.783,77.4,,
3/8/2018 10:30,14.7822,77.923,,
3/8/2018 10:45,14.7849,78.098,,
3/8/2018 11:00,14.7814,78.449,,
3/8/2018 11:15,14.7811,79.151,,
3/8/2018 11:30,14.7756,79.502,,
3/8/2018 11:45,14.7767,79.151,,
3/8/2018 12:00,14.7719,78.975,,
3/8/2018 12:15,14.7741,78.975,,
3/8/2018 12:30,14.7702,79.151,,
3/8/2018 12:45,14.7651,79.678,,
3/8/2018 13:00,14.7644,80.206,,
3/8/2018 13:15,14.7632,80.559,,
3/8/2018 13:30,14.7554,80.911,,
3/8/2018 13:45,14.7572,80.735,,
3/8/2018 14:00,14.7676,80.559,,
3/8/2018 14:15,14.7657,79.853,,
3/8/2018 14:30,14.764,80.029,,
3/8/2018 14:45,14.7632,80.559,,
3/8/2018 15:00,14.7622,80.206,,
3/8/2018 15:15,14.7586,79.678,,
3/8/2018 15:30,14.756,79.502,,
3/8/2018 15:45,14.756,79.502,,
3/8/2018 16:00,14.7538,79.502,,
3/8/2018 16:15,14.7512,79.326,,
3/8/2018 16:30,14.7469,79.326,,
3/8/2018 16:45,14.7486,79.151,,
3/8/2018 17:00,14.7508,79.151,,
3/8/2018 17:15,14.7547,78.975,,
3/8/2018 17:30,14.7541,78.8,,
3/8/2018 17:45,14.7541,78.8,,
3/8/2018 18:00,14.7558,78.624,,
3/8/2018 18:15,14.7602,78.624,,
3/8/2018 18:30,14.7624,78.624,,
3/8/2018 18:45,14.7641,78.449,,
3/8/2018 19:00,14.7706,78.449,,
3/8/2018 19:15,14.7679,78.274,,
3/8/2018 19:30,14.7701,78.274,,
3/8/2018 19:45,14.7701,78.274,,
3/8/2018 20:00,14.7722,78.274,,
3/8/2018 20:15,14.7744,78.274,,
3/8/2018 20:30,14.7762,78.098,,
3/8/2018 20:45,14.7783,78.098,,
3/8/2018 21:00,14.7783,78.098,,
3/8/2018 21:15,14.7801,77.923,,
3/8/2018 21:30,14.7822,77.923,,
3/8/2018 21:45,14.7844,77.923,,
3/8/2018 22:00,14.7844,77.923,,
3/8/2018 22:15,14.7838,77.749,,
3/8/2018 22:30,14.7838,77.749,,
3/8/2018 22:45,14.7838,77.749,,
3/8/2018 23:00,14.7838,77.749,,
3/8/2018 23:15,14.7796,77.749,,
3/8/2018 23:30,14.7791,77.574,,
3/8/2018 23:45,14.7769,77.574,,
3/9/2018 0:00,14.7725,77.574,,
3/9/2018 0:15,14.7747,77.574,,
3/9/2018 0:30,14.7725,77.574,,
3/9/2018 0:45,14.7699,77.4,,
3/9/2018 1:00,14.7699,77.4,,
3/9/2018 1:15,14.7677,77.4,,
3/9/2018 1:30,14.7634,77.4,,
3/9/2018 1:45,14.7656,77.4,,
3/9/2018 2:00,14.7612,77.4,,
3/9/2018 2:15,14.7612,77.4,,
3/9/2018 2:30,14.7612,77.4,,
3/9/2018 2:45,14.7612,77.4,,
3/9/2018 3:00,14.7608,77.225,,
3/9/2018 3:15,14.7608,77.225,,
3/9/2018 3:30,14.763,77.225,,
3/9/2018 3:45,14.7608,77.225,,
3/9/2018 4:00,14.7564,77.225,,
3/9/2018 4:15,14.7586,77.225,,
3/9/2018 4:30,14.7608,77.225,,
3/9/2018 4:45,14.763,77.225,,
3/9/2018 5:00,14.763,77.225,,
3/9/2018 5:15,14.7651,77.225,,
3/9/2018 5:30,14.7651,77.225,,
3/9/2018 5:45,14.7673,77.225,,
3/9/2018 6:00,14.769,77.05,,
3/9/2018 6:15,14.7712,77.05,,
3/9/2018 6:30,14.7734,77.05,,
3/9/2018 6:45,14.7799,77.05,,
3/9/2018 7:00,14.7843,77.05,,
3/9/2018 7:15,14.7886,77.05,,
3/9/2018 7:30,14.7928,77.05,,
3/9/2018 7:45,14.795,77.05,,
3/9/2018 8:00,14.795,77.05,,
3/9/2018 8:15,14.795,77.05,,
3/9/2018 8:30,14.7956,77.225,,
3/9/2018 8:45,14.7938,77.4,,
3/9/2018 9:00,14.7965,77.574,,
3/9/2018 9:15,14.7925,77.749,,
3/9/2018 9:30,14.7925,77.749,,
3/9/2018 9:45,14.7947,77.749,,
3/9/2018 10:00,14.7952,77.923,,
3/9/2018 10:15,14.7875,78.274,,
3/9/2018 10:30,14.7862,78.624,,
3/9/2018 10:45,14.7854,79.151,,
3/9/2018 11:00,14.7843,79.502,,
3/9/2018 11:15,14.783,79.853,,
3/9/2018 11:30,14.7814,80.029,,
3/9/2018 11:45,14.7801,80.382,,
3/9/2018 12:00,14.7783,80.559,,
3/9/2018 12:15,14.7762,80.559,,
3/9/2018 12:30,14.7702,80.735,,
3/9/2018 12:45,14.7714,80.382,,
3/9/2018 13:00,14.7705,80.029,,
3/9/2018 13:15,14.7644,80.206,,
3/9/2018 13:30,14.7661,80.029,,
3/9/2018 13:45,14.7622,80.206,,
3/9/2018 14:00,14.7619,80.911,,
3/9/2018 14:15,14.7586,81.266,,
3/9/2018 14:30,14.7582,81.09,,
3/9/2018 14:45,14.7576,80.911,,
3/9/2018 15:00,14.7572,80.735,,
3/9/2018 15:15,14.7563,80.382,,
3/9/2018 15:30,14.7545,80.559,,
3/9/2018 15:45,14.7567,80.559,,
3/9/2018 16:00,14.7601,80.206,,
3/9/2018 16:15,14.7596,80.029,,
3/9/2018 16:30,14.7596,80.029,,
3/9/2018 16:45,14.7614,79.853,,
3/9/2018 17:00,14.7614,79.853,,
3/9/2018 17:15,14.7669,79.502,,
3/9/2018 17:30,14.7643,79.326,,
3/9/2018 17:45,14.7682,79.151,,
3/9/2018 18:00,14.7698,78.975,,
3/9/2018 18:15,14.7719,78.975,,
3/9/2018 18:30,14.7737,78.8,,
3/9/2018 18:45,14.7737,78.8,,
3/9/2018 19:00,14.7798,78.624,,
3/9/2018 19:15,14.782,78.624,,
3/9/2018 19:30,14.7836,78.449,,
3/9/2018 19:45,14.7836,78.449,,
3/9/2018 20:00,14.7901,78.449,,
3/9/2018 20:15,14.7901,78.449,,
3/9/2018 20:30,14.7896,78.274,,
3/9/2018 20:45,14.794,78.274,,
3/9/2018 21:00,14.7936,78.098,,
3/9/2018 21:15,14.7957,78.098,,
3/9/2018 21:30,14.7957,78.098,,
3/9/2018 21:45,14.7952,77.923,,
3/9/2018 22:00,14.793,77.923,,
3/9/2018 22:15,14.7947,77.749,,
3/9/2018 22:30,14.7925,77.749,,
3/9/2018 22:45,14.7904,77.749,,
3/9/2018 23:00,14.7921,77.574,,
3/9/2018 23:15,14.7921,77.574,,
3/9/2018 23:30,14.7899,77.574,,
3/9/2018 23:45,14.7895,77.4,,
3/10/2018 0:00,14.7895,77.4,,
3/10/2018 0:15,14.7873,77.4,,
3/10/2018 0:30,14.7847,77.225,,
3/10/2018 0:45,14.7825,77.225,,
3/10/2018 1:00,14.7825,77.225,,
3/10/2018 1:15,14.7799,77.05,,
3/10/2018 1:30,14.7778,77.05,,
3/10/2018 1:45,14.7756,77.05,,
3/10/2018 2:00,14.773,76.876,,
3/10/2018 2:15,14.7708,76.876,,
3/10/2018 2:30,14.7686,76.876,,
3/10/2018 2:45,14.7708,76.876,,
3/10/2018 3:00,14.7682,76.703,,
3/10/2018 3:15,14.7682,76.703,,
3/10/2018 3:30,14.7682,76.703,,
3/10/2018 3:45,14.7682,76.703,,
3/10/2018 4:00,14.7682,76.703,,
3/10/2018 4:15,14.7698,76.528,,
3/10/2018 4:30,14.7741,76.528,,
3/10/2018 4:45,14.7763,76.528,,
3/10/2018 5:00,14.7763,76.528,,
3/10/2018 5:15,14.7785,76.528,,
3/10/2018 5:30,14.7828,76.528,,
3/10/2018 5:45,14.7802,76.354,,
3/10/2018 6:00,14.7846,76.354,,
3/10/2018 6:15,14.7867,76.354,,
3/10/2018 6:30,14.7867,76.354,,
3/10/2018 6:45,14.7867,76.354,,
3/10/2018 7:00,14.7889,76.354,,
3/10/2018 7:15,14.7867,76.354,,
3/10/2018 7:30,14.7911,76.354,,
3/10/2018 7:45,14.7937,76.528,,
3/10/2018 8:00,14.7937,76.528,,
3/10/2018 8:15,14.7981,76.528,,
3/10/2018 8:30,14.8007,76.703,,
3/10/2018 8:45,14.7989,76.876,,
3/10/2018 9:00,14.7994,77.05,,
3/10/2018 9:15,14.7994,77.05,,
3/10/2018 9:30,14.7994,77.05,,
3/10/2018 9:45,14.7994,77.05,,
3/10/2018 10:00,14.7998,77.225,,
3/10/2018 10:15,14.8008,77.574,,
3/10/2018 10:30,14.8039,77.923,,
3/10/2018 10:45,14.8113,78.274,,
3/10/2018 11:00,14.845,77.923,,
3/10/2018 11:15,14.8359,77.749,,
3/10/2018 11:30,14.8252,77.749,,
3/10/2018 11:45,14.8118,78.449,,
3/10/2018 12:00,14.8046,78.975,,
3/10/2018 12:15,14.7985,79.151,,
3/10/2018 12:30,14.7946,79.326,,
3/10/2018 12:45,14.7869,79.678,,
3/10/2018 13:00,14.7837,79.326,,
3/10/2018 13:15,14.7804,79.678,,
3/10/2018 13:30,14.7808,79.853,,
3/10/2018 13:45,14.7731,80.206,,
3/10/2018 14:00,14.7757,80.382,,
3/10/2018 14:15,14.7746,80.735,,
3/10/2018 14:30,14.7724,80.735,,
3/10/2018 14:45,14.7724,80.735,,
3/10/2018 15:00,14.7719,80.559,,
3/10/2018 15:15,14.767,80.382,,
3/10/2018 15:30,14.767,80.382,,
3/10/2018 15:45,14.7666,80.206,,
3/10/2018 16:00,14.7657,79.853,,
3/10/2018 16:15,14.7651,79.678,,
3/10/2018 16:30,14.7647,79.502,,
3/10/2018 16:45,14.7621,79.326,,
3/10/2018 17:00,14.7643,79.326,,
3/10/2018 17:15,14.7617,79.151,,
3/10/2018 17:30,14.7654,78.975,,
3/10/2018 17:45,14.7698,78.975,,
3/10/2018 18:00,14.7698,78.975,,
3/10/2018 18:15,14.7737,78.8,,
3/10/2018 18:30,14.778,78.8,,
3/10/2018 18:45,14.7798,78.624,,
3/10/2018 19:00,14.782,78.624,,
3/10/2018 19:15,14.7857,78.449,,
3/10/2018 19:30,14.7901,78.449,,
3/10/2018 19:45,14.7923,78.449,,
3/10/2018 20:00,14.7966,78.449,,
3/10/2018 20:15,14.7988,78.449,,
3/10/2018 20:30,14.7983,78.274,,
3/10/2018 20:45,14.7962,78.274,,
3/10/2018 21:00,14.8005,78.274,,
3/10/2018 21:15,14.8043,78.098,,
3/10/2018 21:30,14.8043,78.098,,
3/10/2018 21:45,14.8169,77.923,,
3/10/2018 22:00,14.8169,77.923,,
3/10/2018 22:15,14.8234,77.923,,
3/10/2018 22:30,14.8252,77.749,,
3/10/2018 22:45,14.8208,77.749,,
3/10/2018 23:00,14.8208,77.749,,
3/10/2018 23:15,14.8181,77.574,,
3/10/2018 23:30,14.8139,77.574,,
3/10/2018 23:45,14.8111,77.4,,
3/11/2018 0:00,14.8089,77.4,,
3/11/2018 0:15,14.8063,77.225,,
3/11/2018 0:30,14.8041,77.225,,
3/11/2018 0:45,14.7998,77.225,,
3/11/2018 1:00,14.7928,77.05,,
3/11/2018 1:15,14.7907,77.05,,
3/11/2018 1:30,14.7886,77.05,,
3/11/2018 1:45,14.7837,76.876,,
3/11/2018 2:00,14.7815,76.876,,
3/11/2018 2:15,14.7837,76.876,,
3/11/2018 2:30,14.7815,76.876,,
3/11/2018 2:45,14.7795,76.876,,
3/11/2018 3:00,14.7767,76.703,,
3/11/2018 3:15,14.7767,76.703,,
3/11/2018 3:30,14.7746,76.703,,
3/11/2018 3:45,14.7746,76.703,,
3/11/2018 4:00,14.7785,76.528,,
3/11/2018 4:15,14.7763,76.528,,
3/11/2018 4:30,14.7785,76.528,,
3/11/2018 4:45,14.7785,76.528,,
3/11/2018 5:00,14.7785,76.528,,
3/11/2018 5:15,14.778,76.354,,
3/11/2018 5:30,14.7802,76.354,,
3/11/2018 5:45,14.7802,76.354,,
3/11/2018 6:00,14.778,76.354,,
3/11/2018 6:15,14.782,76.181,,
3/11/2018 6:30,14.7841,76.181,,
3/11/2018 6:45,14.782,76.181,,
3/11/2018 7:00,14.7841,76.181,,
3/11/2018 7:15,14.7907,76.181,,
3/11/2018 7:30,14.7885,76.181,,
3/11/2018 7:45,14.7911,76.354,,
3/11/2018 8:00,14.7954,76.354,,
3/11/2018 8:15,14.7954,76.354,,
3/11/2018 8:30,14.7959,76.528,,
3/11/2018 8:45,14.7915,76.528,,
3/11/2018 9:00,14.792,76.703,,
3/11/2018 9:15,14.7989,76.876,,
3/11/2018 9:30,14.7994,77.05,,
3/11/2018 9:45,14.796,77.4,,
3/11/2018 10:00,14.7965,77.574,,
3/11/2018 10:15,14.7947,77.749,,
3/11/2018 10:30,14.7952,77.923,,
3/11/2018 10:45,14.7936,78.098,,
3/11/2018 11:00,14.7918,78.274,,
3/11/2018 11:15,14.7875,78.274,,
3/11/2018 11:30,14.7879,78.449,,
3/11/2018 11:45,14.7862,78.624,,
3/11/2018 12:00,14.7824,78.8,,
3/11/2018 12:15,14.7807,78.975,,
3/11/2018 12:30,14.7795,79.326,,
3/11/2018 12:45,14.7811,79.151,,
3/11/2018 13:00,14.7764,79.853,,
3/11/2018 13:15,14.7757,80.382,,
3/11/2018 13:30,14.7746,80.735,,
3/11/2018 13:45,14.7689,81.09,,
3/11/2018 14:00,14.7717,81.266,,
3/11/2018 14:15,14.7667,81.09,,
3/11/2018 14:30,14.7659,80.735,,
3/11/2018 14:45,14.7654,80.559,,
3/11/2018 15:00,14.7632,80.559,,
3/11/2018 15:15,14.7627,80.382,,
3/11/2018 15:30,14.7611,80.559,,
3/11/2018 15:45,14.7563,80.382,,
3/11/2018 16:00,14.7557,80.206,,
3/11/2018 16:15,14.7574,80.029,,
3/11/2018 16:30,14.7586,79.678,,
3/11/2018 16:45,14.7603,79.502,,
3/11/2018 17:00,14.7625,79.502,,
3/11/2018 17:15,14.7599,79.326,,
3/11/2018 17:30,14.7643,79.326,,
3/11/2018 17:45,14.7682,79.151,,
3/11/2018 18:00,14.7698,78.975,,
3/11/2018 18:15,14.7741,78.975,,
3/11/2018 18:30,14.778,78.8,,
3/11/2018 18:45,14.778,78.8,,
3/11/2018 19:00,14.7802,78.8,,
3/11/2018 19:15,14.7798,78.624,,
3/11/2018 19:30,14.784,78.624,,
3/11/2018 19:45,14.784,78.624,,
3/11/2018 20:00,14.7814,78.449,,
3/11/2018 20:15,14.7836,78.449,,
3/11/2018 20:30,14.7857,78.449,,
3/11/2018 20:45,14.7879,78.449,,
3/11/2018 21:00,14.7923,78.449,,
3/11/2018 21:15,14.7918,78.274,,
3/11/2018 21:30,14.794,78.274,,
3/11/2018 21:45,14.7918,78.274,,
3/11/2018 22:00,14.7918,78.274,,
3/11/2018 22:15,14.7936,78.098,,
3/11/2018 22:30,14.7914,78.098,,
3/11/2018 22:45,14.7936,78.098,,
3/11/2018 23:00,14.7936,78.098,,
3/11/2018 23:15,14.7914,78.098,,
3/11/2018 23:30,14.793,77.923,,
3/11/2018 23:45,14.7888,77.923,,
3/12/2018 0:00,14.7888,77.923,,
3/12/2018 0:15,14.7866,77.923,,
3/12/2018 0:30,14.7844,77.923,,
3/12/2018 0:45,14.7822,77.923,,
3/12/2018 1:00,14.7838,77.749,,
3/12/2018 1:15,14.7775,77.749,,
3/12/2018 1:30,14.7775,77.749,,
3/12/2018 1:45,14.7753,77.749,,
3/12/2018 2:00,14.7753,77.749,,
3/12/2018 2:15,14.7753,77.749,,
3/12/2018 2:30,14.7731,77.749,,
3/12/2018 2:45,14.7704,77.574,,
3/12/2018 3:00,14.7683,77.574,,
3/12/2018 3:15,14.7683,77.574,,
3/12/2018 3:30,14.7683,77.574,,
3/12/2018 3:45,14.7661,77.574,,
3/12/2018 4:00,14.7661,77.574,,
3/12/2018 4:15,14.7683,77.574,,
3/12/2018 4:30,14.7699,77.4,,
3/12/2018 4:45,14.7677,77.4,,
3/12/2018 5:00,14.7699,77.4,,
3/12/2018 5:15,14.7721,77.4,,
3/12/2018 5:30,14.7743,77.4,,
3/12/2018 5:45,14.7743,77.4,,
3/12/2018 6:00,14.776,77.225,,
3/12/2018 6:15,14.7782,77.225,,
3/12/2018 6:30,14.7804,77.225,,
3/12/2018 6:45,14.7804,77.225,,
3/12/2018 7:00,14.7847,77.225,,
3/12/2018 7:15,14.7869,77.225,,
3/12/2018 7:30,14.7934,77.225,,
3/12/2018 7:45,14.7934,77.225,,
3/12/2018 8:00,14.7982,77.4,,
3/12/2018 8:15,14.8004,77.4,,
3/12/2018 8:30,14.8047,77.4,,
3/12/2018 8:45,14.8052,77.574,,
3/12/2018 9:00,14.8078,77.749,,
3/12/2018 9:15,14.8104,77.923,,
3/12/2018 9:30,14.813,78.098,,
3/12/2018 9:45,14.8134,78.274,,
3/12/2018 10:00,14.814,78.449,,
3/12/2018 10:15,14.814,78.449,,
3/12/2018 10:30,14.8127,78.8,,
3/12/2018 10:45,14.8094,79.151,,
3/12/2018 11:00,14.8102,79.502,,
3/12/2018 11:15,14.8047,79.853,,
3/12/2018 11:30,14.8069,79.853,,
3/12/2018 11:45,14.8015,79.502,,
3/12/2018 12:00,14.8021,79.678,,
3/12/2018 12:15,14.7956,79.678,,
3/12/2018 12:30,14.793,79.502,,
3/12/2018 12:45,14.7912,79.678,,
3/12/2018 13:00,14.7873,79.853,,
3/12/2018 13:15,14.7834,80.029,,
3/12/2018 13:30,14.7805,80.559,,
3/12/2018 13:45,14.7804,81.266,,
3/12/2018 14:00,14.7772,80.911,,
3/12/2018 14:15,14.7746,80.735,,
3/12/2018 14:30,14.7719,80.559,,
3/12/2018 14:45,14.7746,80.735,,
3/12/2018 15:00,14.7676,80.559,,
3/12/2018 15:15,14.7659,80.735,,
3/12/2018 15:30,14.7731,80.206,,
3/12/2018 15:45,14.7699,79.853,,
3/12/2018 16:00,14.767,80.382,,
3/12/2018 16:15,14.7757,80.382,,
3/12/2018 16:30,14.7782,79.678,,
3/12/2018 16:45,14.7778,79.502,,
3/12/2018 17:00,14.7837,79.326,,
3/12/2018 17:15,14.7859,79.326,,
3/12/2018 17:30,14.792,79.151,,
3/12/2018 17:45,14.7915,78.975,,
3/12/2018 18:00,14.7911,78.8,,
3/12/2018 18:15,14.7889,78.8,,
3/12/2018 18:30,14.7911,78.8,,
3/12/2018 18:45,14.7927,78.624,,
3/12/2018 19:00,14.7927,78.624,,
3/12/2018 19:15,14.7927,78.624,,
3/12/2018 19:30,14.7944,78.449,,
3/12/2018 19:45,14.7944,78.449,,
3/12/2018 20:00,14.7944,78.449,,
3/12/2018 20:15,14.7966,78.449,,
3/12/2018 20:30,14.7988,78.449,,
3/12/2018 20:45,14.7983,78.274,,
3/12/2018 21:00,14.8005,78.274,,
3/12/2018 21:15,14.8027,78.274,,
3/12/2018 21:30,14.8027,78.274,,
3/12/2018 21:45,14.8005,78.274,,
3/12/2018 22:00,14.8001,78.098,,
3/12/2018 22:15,14.8001,78.098,,
3/12/2018 22:30,14.8021,78.098,,
3/12/2018 22:45,14.8001,78.098,,
3/12/2018 23:00,14.7979,78.098,,
3/12/2018 23:15,14.7995,77.923,,
3/12/2018 23:30,14.7952,77.923,,
3/12/2018 23:45,14.7973,77.923,,
3/13/2018 0:00,14.7973,77.923,,
3/13/2018 0:15,14.793,77.923,,
3/13/2018 0:30,14.7888,77.923,,
3/13/2018 0:45,14.7866,77.923,,
3/13/2018 1:00,14.7888,77.923,,
3/13/2018 1:15,14.7838,77.749,,
3/13/2018 1:30,14.7838,77.749,,
3/13/2018 1:45,14.7796,77.749,,
3/13/2018 2:00,14.7796,77.749,,
3/13/2018 2:15,14.7775,77.749,,
3/13/2018 2:30,14.7753,77.749,,
3/13/2018 2:45,14.7731,77.749,,
3/13/2018 3:00,14.7775,77.749,,
3/13/2018 3:15,14.7753,77.749,,
3/13/2018 3:30,14.7747,77.574,,
3/13/2018 3:45,14.7769,77.574,,
3/13/2018 4:00,14.7725,77.574,,
3/13/2018 4:15,14.7747,77.574,,
3/13/2018 4:30,14.7747,77.574,,
3/13/2018 4:45,14.7769,77.574,,
3/13/2018 5:00,14.7747,77.574,,
3/13/2018 5:15,14.7786,77.4,,
3/13/2018 5:30,14.7786,77.4,,
3/13/2018 5:45,14.7808,77.4,,
3/13/2018 6:00,14.7808,77.4,,
3/13/2018 6:15,14.783,77.4,,
3/13/2018 6:30,14.7851,77.4,,
3/13/2018 6:45,14.7851,77.4,,
3/13/2018 7:00,14.7895,77.4,,
3/13/2018 7:15,14.7917,77.4,,
3/13/2018 7:30,14.796,77.4,,
3/13/2018 7:45,14.7986,77.574,,
3/13/2018 8:00,14.803,77.574,,
3/13/2018 8:15,14.803,77.574,,
3/13/2018 8:30,14.8052,77.574,,
3/13/2018 8:45,14.8056,77.749,,
3/13/2018 9:00,14.806,77.923,,
3/13/2018 9:15,14.806,77.923,,
3/13/2018 9:30,14.8065,78.098,,
3/13/2018 9:45,14.8049,78.274,,
3/13/2018 10:00,14.8075,78.449,,
3/13/2018 10:15,14.8079,78.624,,
3/13/2018 10:30,14.805,79.151,,
3/13/2018 10:45,14.8046,78.975,,
3/13/2018 11:00,14.8028,79.151,,
3/13/2018 11:15,14.8015,79.502,,
3/13/2018 11:30,14.7999,79.678,,
3/13/2018 11:45,14.797,80.206,,
3/13/2018 12:00,14.7962,80.735,,
3/13/2018 12:15,14.7962,80.735,,
3/13/2018 12:30,14.7918,80.735,,
3/13/2018 12:45,14.7907,81.09,,
3/13/2018 13:00,14.7878,81.621,,
3/13/2018 13:15,14.7856,81.621,,
3/13/2018 13:30,14.7834,81.621,,
3/13/2018 13:45,14.7808,81.442,,
3/13/2018 14:00,14.7757,81.975,,
3/13/2018 14:15,14.7724,82.33,,
3/13/2018 14:30,14.7706,82.508,,
3/13/2018 14:45,14.768,82.33,,
3/13/2018 15:00,14.7675,82.152,,
3/13/2018 15:15,14.7644,81.797,,
3/13/2018 15:30,14.7634,81.442,,
3/13/2018 15:45,14.7625,81.09,,
3/13/2018 16:00,14.7598,80.911,,
3/13/2018 16:15,14.7625,81.09,,
3/13/2018 16:30,14.7598,80.911,,
3/13/2018 16:45,14.7589,80.559,,
3/13/2018 17:00,14.7583,80.382,,
3/13/2018 17:15,14.7596,80.029,,
3/13/2018 17:30,14.7548,79.853,,
3/13/2018 17:45,14.7564,79.678,,
3/13/2018 18:00,14.7608,79.678,,
3/13/2018 18:15,14.7625,79.502,,
3/13/2018 18:30,14.7647,79.502,,
3/13/2018 18:45,14.7643,79.326,,
3/13/2018 19:00,14.7643,79.326,,
3/13/2018 19:15,14.7638,79.151,,
3/13/2018 19:30,14.766,79.151,,
3/13/2018 19:45,14.7682,79.151,,
3/13/2018 20:00,14.7676,78.975,,
3/13/2018 20:15,14.7676,78.975,,
3/13/2018 20:30,14.7698,78.975,,
3/13/2018 20:45,14.7715,78.8,,
3/13/2018 21:00,14.7737,78.8,,
3/13/2018 21:15,14.7737,78.8,,
3/13/2018 21:30,14.7737,78.8,,
3/13/2018 21:45,14.7754,78.624,,
3/13/2018 22:00,14.7776,78.624,,
3/13/2018 22:15,14.7776,78.624,,
3/13/2018 22:30,14.7754,78.624,,
3/13/2018 22:45,14.777,78.449,,
3/13/2018 23:00,14.7748,78.449,,
3/13/2018 23:15,14.777,78.449,,
3/13/2018 23:30,14.7748,78.449,,
3/13/2018 23:45,14.7744,78.274,,
3/14/2018 0:00,14.7701,78.274,,
3/14/2018 0:15,14.7701,78.274,,
3/14/2018 0:30,14.7657,78.274,,
3/14/2018 0:45,14.7631,78.098,,
3/14/2018 1:00,14.7631,78.098,,
3/14/2018 1:15,14.7588,78.098,,
3/14/2018 1:30,14.7588,78.098,,
3/14/2018 1:45,14.7561,77.923,,
3/14/2018 2:00,14.7518,77.923,,
3/14/2018 2:15,14.7518,77.923,,
3/14/2018 2:30,14.7496,77.923,,
3/14/2018 2:45,14.7492,77.749,,
3/14/2018 3:00,14.7448,77.749,,
3/14/2018 3:15,14.7427,77.749,,
3/14/2018 3:30,14.7405,77.749,,
3/14/2018 3:45,14.74,77.574,,
3/14/2018 4:00,14.74,77.574,,
3/14/2018 4:15,14.7422,77.574,,
3/14/2018 4:30,14.7422,77.574,,
3/14/2018 4:45,14.7418,77.4,,
3/14/2018 5:00,14.7461,77.4,,
3/14/2018 5:15,14.7461,77.4,,
3/14/2018 5:30,14.7483,77.4,,
3/14/2018 5:45,14.7479,77.225,,
3/14/2018 6:00,14.75,77.225,,
3/14/2018 6:15,14.7522,77.225,,
3/14/2018 6:30,14.7522,77.225,,
3/14/2018 6:45,14.7522,77.225,,
3/14/2018 7:00,14.7564,77.225,,
3/14/2018 7:15,14.7586,77.225,,
3/14/2018 7:30,14.7608,77.225,,
3/14/2018 7:45,14.763,77.225,,
3/14/2018 8:00,14.7651,77.225,,
3/14/2018 8:15,14.7673,77.225,,
3/14/2018 8:30,14.7673,77.225,,
3/14/2018 8:45,14.7699,77.4,,
3/14/2018 9:00,14.7683,77.574,,
3/14/2018 9:15,14.7709,77.749,,
3/14/2018 9:30,14.7692,77.923,,
3/14/2018 9:45,14.7718,78.098,,
3/14/2018 10:00,14.7718,78.098,,
3/14/2018 10:15,14.7701,78.274,,
3/14/2018 10:30,14.7685,78.449,,
3/14/2018 10:45,14.7689,78.624,,
3/14/2018 11:00,14.7676,78.975,,
3/14/2018 11:15,14.7632,78.975,,
3/14/2018 11:30,14.7632,78.975,,
3/14/2018 11:45,14.7599,79.326,,
3/14/2018 12:00,14.7586,79.678,,
3/14/2018 12:15,14.7564,79.678,,
3/14/2018 12:30,14.7522,79.678,,
3/14/2018 12:45,14.7495,79.502,,
3/14/2018 13:00,14.7457,79.678,,
3/14/2018 13:15,14.7444,80.029,,
3/14/2018 13:30,14.7418,79.853,,
3/14/2018 13:45,14.7418,79.853,,
3/14/2018 14:00,14.7411,80.382,,
3/14/2018 14:15,14.739,81.266,,
3/14/2018 14:30,14.7368,81.266,,
3/14/2018 14:45,14.7379,81.621,,
3/14/2018 15:00,14.7357,81.621,,
3/14/2018 15:15,14.7325,81.266,,
3/14/2018 15:30,14.7334,80.735,,
3/14/2018 15:45,14.735,80.559,,
3/14/2018 16:00,14.7363,80.206,,
3/14/2018 16:15,14.7357,80.029,,
3/14/2018 16:30,14.7374,79.853,,
3/14/2018 16:45,14.737,79.678,,
3/14/2018 17:00,14.7409,79.502,,
3/14/2018 17:15,14.7382,79.326,,
3/14/2018 17:30,14.7403,79.326,,
3/14/2018 17:45,14.7377,79.151,,
3/14/2018 18:00,14.7438,78.975,,
3/14/2018 18:15,14.7412,78.8,,
3/14/2018 18:30,14.7456,78.8,,
3/14/2018 18:45,14.7471,78.624,,
3/14/2018 19:00,14.7493,78.624,,
3/14/2018 19:15,14.7537,78.624,,
3/14/2018 19:30,14.7532,78.449,,
3/14/2018 19:45,14.7554,78.449,,
3/14/2018 20:00,14.7598,78.449,,
3/14/2018 20:15,14.7598,78.449,,
3/14/2018 20:30,14.7593,78.274,,
3/14/2018 20:45,14.7635,78.274,,
3/14/2018 21:00,14.7657,78.274,,
3/14/2018 21:15,14.7653,78.098,,
3/14/2018 21:30,14.7653,78.098,,
3/14/2018 21:45,14.7653,78.098,,
3/14/2018 22:00,14.767,77.923,,
3/14/2018 22:15,14.7648,77.923,,
3/14/2018 22:30,14.7648,77.923,,
3/14/2018 22:45,14.767,77.923,,
3/14/2018 23:00,14.7688,77.749,,
3/14/2018 23:15,14.7688,77.749,,
3/14/2018 23:30,14.7688,77.749,,
3/14/2018 23:45,14.7683,77.574,,
3/15/2018 0:00,14.7683,77.574,,
3/15/2018 0:15,14.7661,77.574,,
3/15/2018 0:30,14.7634,77.4,,
3/15/2018 0:45,14.7634,77.4,,
3/15/2018 1:00,14.7634,77.4,,
3/15/2018 1:15,14.7592,77.4,,
3/15/2018 1:30,14.7564,77.225,,
3/15/2018 1:45,14.7564,77.225,,
3/15/2018 2:00,14.7543,77.225,,
3/15/2018 2:15,14.7522,77.225,,
3/15/2018 2:30,14.7516,77.05,,
3/15/2018 2:45,14.7495,77.05,,
3/15/2018 3:00,14.7473,77.05,,
3/15/2018 3:15,14.7451,77.05,,
3/15/2018 3:30,14.7447,76.876,,
3/15/2018 3:45,14.7469,76.876,,
3/15/2018 4:00,14.7469,76.876,,
3/15/2018 4:15,14.7469,76.876,,
3/15/2018 4:30,14.7464,76.703,,
3/15/2018 4:45,14.7464,76.703,,
3/15/2018 5:00,14.7486,76.703,,
3/15/2018 5:15,14.7486,76.703,,
3/15/2018 5:30,14.7503,76.528,,
3/15/2018 5:45,14.7525,76.528,,
3/15/2018 6:00,14.7547,76.528,,
3/15/2018 6:15,14.7525,76.528,,
3/15/2018 6:30,14.7543,76.354,,
3/15/2018 6:45,14.7564,76.354,,
3/15/2018 7:00,14.7585,76.354,,
3/15/2018 7:15,14.7585,76.354,,
3/15/2018 7:30,14.7606,76.354,,
3/15/2018 7:45,14.7606,76.354,,
3/15/2018 8:00,14.7628,76.354,,
3/15/2018 8:15,14.7676,76.528,,
3/15/2018 8:30,14.7682,76.703,,
3/15/2018 8:45,14.7682,76.703,,
3/15/2018 9:00,14.7686,76.876,,
3/15/2018 9:15,14.769,77.05,,
3/15/2018 9:30,14.7673,77.225,,
3/15/2018 9:45,14.7699,77.4,,
3/15/2018 10:00,14.7656,77.4,,
3/15/2018 10:15,14.7661,77.574,,
3/15/2018 10:30,14.7657,78.274,,
3/15/2018 10:45,14.7676,78.975,,
3/15/2018 11:00,14.7632,78.975,,
3/15/2018 11:15,14.7641,78.449,,
3/15/2018 11:30,14.7619,78.449,,
3/15/2018 11:45,14.7602,78.624,,
3/15/2018 12:00,14.7598,78.449,,
3/15/2018 12:15,14.7593,78.274,,
3/15/2018 12:30,14.7566,78.098,,
3/15/2018 12:45,14.7566,78.098,,
3/15/2018 13:00,14.7528,78.274,,
3/15/2018 13:15,14.7511,78.449,,
3/15/2018 13:30,14.7493,78.624,,
3/15/2018 13:45,14.7442,79.151,,
3/15/2018 14:00,14.7422,80.029,,
3/15/2018 14:15,14.7648,80.382,,
3/15/2018 14:30,14.7592,79.853,,
3/15/2018 14:45,14.7483,79.853,,
3/15/2018 15:00,14.7409,79.502,,
3/15/2018 15:15,14.736,79.326,,
3/15/2018 15:30,14.7334,79.151,,
3/15/2018 15:45,14.7326,79.678,,
3/15/2018 16:00,14.7331,79.853,,
3/15/2018 16:15,14.7309,79.853,,
3/15/2018 16:30,14.7296,79.326,,
3/15/2018 16:45,14.7312,79.151,,
3/15/2018 17:00,14.729,79.151,,
3/15/2018 17:15,14.7286,78.975,,
3/15/2018 17:30,14.7303,78.8,,
3/15/2018 17:45,14.7299,78.624,,
3/15/2018 18:00,14.7342,78.624,,
3/15/2018 18:15,14.7337,78.449,,
3/15/2018 18:30,14.738,78.449,,
3/15/2018 18:45,14.7376,78.274,,
3/15/2018 19:00,14.7419,78.274,,
3/15/2018 19:15,14.7415,78.098,,
3/15/2018 19:30,14.7458,78.098,,
3/15/2018 19:45,14.7474,77.923,,
3/15/2018 20:00,14.7496,77.923,,
3/15/2018 20:15,14.7535,77.749,,
3/15/2018 20:30,14.7535,77.749,,
3/15/2018 20:45,14.7557,77.749,,
3/15/2018 21:00,14.7596,77.574,,
3/15/2018 21:15,14.7574,77.574,,
3/15/2018 21:30,14.7596,77.574,,
3/15/2018 21:45,14.7612,77.4,,
3/15/2018 22:00,14.7612,77.4,,
3/15/2018 22:15,14.7612,77.4,,
3/15/2018 22:30,14.7608,77.225,,
3/15/2018 22:45,14.7586,77.225,,
3/15/2018 23:00,14.7608,77.225,,
3/15/2018 23:15,14.7586,77.225,,
3/15/2018 23:30,14.7603,77.05,,
3/15/2018 23:45,14.7603,77.05,,
3/16/2018 0:00,14.7582,77.05,,
3/16/2018 0:15,14.7556,76.876,,
3/16/2018 0:30,14.7534,76.876,,
3/16/2018 0:45,14.7556,76.876,,
3/16/2018 1:00,14.7534,76.876,,
3/16/2018 1:15,14.7512,76.876,,
3/16/2018 1:30,14.749,76.876,,
3/16/2018 1:45,14.7486,76.703,,
3/16/2018 2:00,14.7442,76.703,,
3/16/2018 2:15,14.7399,76.703,,
3/16/2018 2:30,14.7399,76.703,,
3/16/2018 2:45,14.7399,76.703,,
3/16/2018 3:00,14.7399,76.703,,
3/16/2018 3:15,14.7395,76.528,,
3/16/2018 3:30,14.7373,76.528,,
3/16/2018 3:45,14.7351,76.528,,
3/16/2018 4:00,14.7351,76.528,,
3/16/2018 4:15,14.7351,76.528,,
3/16/2018 4:30,14.7373,76.528,,
3/16/2018 4:45,14.7373,76.528,,
3/16/2018 5:00,14.7373,76.528,,
3/16/2018 5:15,14.7373,76.528,,
3/16/2018 5:30,14.739,76.354,,
3/16/2018 5:45,14.7412,76.354,,
3/16/2018 6:00,14.7434,76.354,,
3/16/2018 6:15,14.7456,76.354,,
3/16/2018 6:30,14.7477,76.354,,
3/16/2018 6:45,14.7499,76.354,,
3/16/2018 7:00,14.7521,76.354,,
3/16/2018 7:15,14.7521,76.354,,
3/16/2018 7:30,14.7521,76.354,,
3/16/2018 7:45,14.7543,76.354,,
3/16/2018 8:00,14.7543,76.354,,
3/16/2018 8:15,14.7585,76.354,,
3/16/2018 8:30,14.7585,76.354,,
3/16/2018 8:45,14.7595,76.703,,
3/16/2018 9:00,14.7599,76.876,,
3/16/2018 9:15,14.7608,77.225,,
3/16/2018 9:30,14.7618,77.574,,
3/16/2018 9:45,14.7622,77.749,,
3/16/2018 10:00,14.7605,77.923,,
3/16/2018 10:15,14.7588,78.098,,
3/16/2018 10:30,14.7576,78.449,,
3/16/2018 10:45,14.7585,78.8,,
3/16/2018 11:00,14.7577,79.326,,
3/16/2018 11:15,14.7564,79.678,,
3/16/2018 11:30,14.7553,80.029,,
3/16/2018 11:45,14.7553,80.029,,
3/16/2018 12:00,14.7621,79.326,,
3/16/2018 12:15,14.7608,79.678,,
3/16/2018 12:30,14.7579,80.206,,
3/16/2018 12:45,14.7593,80.735,,
3/16/2018 13:00,14.7557,80.206,,
3/16/2018 13:15,14.748,80.559,,
3/16/2018 13:30,14.7473,81.09,,
3/16/2018 13:45,14.739,81.266,,
3/16/2018 14:00,14.7374,81.442,,
3/16/2018 14:15,14.7368,81.266,,
3/16/2018 14:30,14.7353,81.442,,
3/16/2018 14:45,14.7313,81.621,,
3/16/2018 15:00,14.7255,81.09,,
3/16/2018 15:15,14.7247,80.735,,
3/16/2018 15:30,14.7237,80.382,,
3/16/2018 15:45,14.7237,80.382,,
3/16/2018 16:00,14.7215,80.382,,
3/16/2018 16:15,14.7215,80.382,,
3/16/2018 16:30,14.7215,80.382,,
3/16/2018 16:45,14.7189,80.206,,
3/16/2018 17:00,14.7196,79.678,,
3/16/2018 17:15,14.7213,79.502,,
3/16/2018 17:30,14.7209,79.326,,
3/16/2018 17:45,14.7203,79.151,,
3/16/2018 18:00,14.7242,78.975,,
3/16/2018 18:15,14.7264,78.975,,
3/16/2018 18:30,14.7303,78.8,,
3/16/2018 18:45,14.7303,78.8,,
3/16/2018 19:00,14.7368,78.8,,
3/16/2018 19:15,14.7384,78.624,,
3/16/2018 19:30,14.7384,78.624,,
3/16/2018 19:45,14.7428,78.624,,
3/16/2018 20:00,14.7445,78.449,,
3/16/2018 20:15,14.7445,78.449,,
3/16/2018 20:30,14.7554,78.449,,
3/16/2018 20:45,14.7615,78.274,,
3/16/2018 21:00,14.7615,78.274,,
3/16/2018 21:15,14.7615,78.274,,
3/16/2018 21:30,14.7653,78.098,,
3/16/2018 21:45,14.7696,78.098,,
3/16/2018 22:00,14.7805,78.098,,
3/16/2018 22:15,14.7822,77.923,,
3/16/2018 22:30,14.7844,77.923,,
3/16/2018 22:45,14.7925,77.749,,
3/16/2018 23:00,14.8274,77.749,,
3/16/2018 23:15,14.918,77.574,,
3/16/2018 23:30,15.032,77.225,,
3/16/2018 23:45,15.0246,76.876,,
3/17/2018 0:00,15.0089,76.703,,
3/17/2018 0:15,15.2581,76.528,,
3/17/2018 0:30,15.136,76.354,,
3/17/2018 0:45,15.0427,76.354,,
3/17/2018 1:00,14.9841,76.354,,
3/17/2018 1:15,14.9473,76.354,,
3/17/2018 1:30,14.9342,76.354,,
3/17/2018 1:45,14.9473,76.354,,
3/17/2018 2:00,14.9451,76.354,,
3/17/2018 2:15,14.9386,76.354,,
3/17/2018 2:30,14.9338,76.181,,
3/17/2018 2:45,14.9142,76.181,,
3/17/2018 3:00,14.8903,76.181,,
3/17/2018 3:15,14.8774,76.181,,
3/17/2018 3:30,14.8643,76.181,,
3/17/2018 3:45,14.8578,76.181,,
3/17/2018 4:00,14.8426,76.181,,
3/17/2018 4:15,14.8406,76.181,,
3/17/2018 4:30,14.8318,76.181,,
3/17/2018 4:45,14.8271,76.006,,
3/17/2018 5:00,14.8271,76.006,,
3/17/2018 5:15,14.8205,76.006,,
3/17/2018 5:30,14.8184,76.006,,
3/17/2018 5:45,14.8184,76.006,,
3/17/2018 6:00,14.8162,76.006,,
3/17/2018 6:15,14.8184,76.006,,
3/17/2018 6:30,14.8227,76.006,,
3/17/2018 6:45,14.8184,76.006,,
3/17/2018 7:00,14.8162,76.006,,
3/17/2018 7:15,14.8184,76.006,,
3/17/2018 7:30,14.821,76.181,,
3/17/2018 7:45,14.8231,76.181,,
3/17/2018 8:00,14.8166,76.181,,
3/17/2018 8:15,14.8214,76.354,,
3/17/2018 8:30,14.8236,76.354,,
3/17/2018 8:45,14.824,76.528,,
3/17/2018 9:00,14.8262,76.528,,
3/17/2018 9:15,14.8245,76.703,,
3/17/2018 9:30,14.8288,76.703,,
3/17/2018 9:45,14.825,76.876,,
3/17/2018 10:00,14.8298,77.05,,
3/17/2018 10:15,14.8242,77.4,,
3/17/2018 10:30,14.8198,77.4,,
3/17/2018 10:45,14.8202,77.574,,
3/17/2018 11:00,14.8202,77.574,,
3/17/2018 11:15,14.8152,78.098,,
3/17/2018 11:30,14.8104,77.923,,
3/17/2018 11:45,14.8104,77.923,,
3/17/2018 12:00,14.806,77.923,,
3/17/2018 12:15,14.8065,78.098,,
3/17/2018 12:30,14.8036,78.624,,
3/17/2018 12:45,14.7963,79.151,,
3/17/2018 13:00,14.7933,78.8,,
3/17/2018 13:15,14.7933,78.8,,
3/17/2018 13:30,14.7894,78.975,,
3/17/2018 13:45,14.7851,79.853,,
3/17/2018 14:00,14.7837,79.326,,
3/17/2018 14:15,14.7778,79.502,,
3/17/2018 14:30,14.7738,79.678,,
3/17/2018 14:45,14.7764,79.853,,
3/17/2018 15:00,14.7721,79.853,,
3/17/2018 15:15,14.7679,79.853,,
3/17/2018 15:30,14.7669,79.502,,
3/17/2018 15:45,14.7664,79.326,,
3/17/2018 16:00,14.7638,79.151,,
3/17/2018 16:15,14.7654,78.975,,
3/17/2018 16:30,14.765,78.8,,
3/17/2018 16:45,14.7698,78.975,,
3/17/2018 17:00,14.7676,78.975,,
3/17/2018 17:15,14.7693,78.8,,
3/17/2018 17:30,14.7689,78.624,,
3/17/2018 17:45,14.7711,78.624,,
3/17/2018 18:00,14.7748,78.449,,
3/17/2018 18:15,14.7727,78.449,,
3/17/2018 18:30,14.7744,78.274,,
3/17/2018 18:45,14.7766,78.274,,
3/17/2018 19:00,14.7783,78.098,,
3/17/2018 19:15,14.7805,78.098,,
3/17/2018 19:30,14.7827,78.098,,
3/17/2018 19:45,14.7849,78.098,,
3/17/2018 20:00,14.7888,77.923,,
3/17/2018 20:15,14.7908,77.923,,
3/17/2018 20:30,14.7952,77.923,,
3/17/2018 20:45,14.793,77.923,,
3/17/2018 21:00,14.793,77.923,,
3/17/2018 21:15,14.7947,77.749,,
3/17/2018 21:30,14.7947,77.749,,
3/17/2018 21:45,14.7969,77.749,,
3/17/2018 22:00,14.7986,77.574,,
3/17/2018 22:15,14.8008,77.574,,
3/17/2018 22:30,14.7986,77.574,,
3/17/2018 22:45,14.8004,77.4,,
3/17/2018 23:00,14.7982,77.4,,
3/17/2018 23:15,14.796,77.4,,
3/17/2018 23:30,14.7938,77.4,,
3/17/2018 23:45,14.7938,77.4,,
3/18/2018 0:00,14.7912,77.225,,
3/18/2018 0:15,14.7891,77.225,,
3/18/2018 0:30,14.7869,77.225,,
3/18/2018 0:45,14.7869,77.225,,
3/18/2018 1:00,14.7847,77.225,,
3/18/2018 1:15,14.7843,77.05,,
3/18/2018 1:30,14.7799,77.05,,
3/18/2018 1:45,14.7756,77.05,,
3/18/2018 2:00,14.7734,77.05,,
3/18/2018 2:15,14.769,77.05,,
3/18/2018 2:30,14.769,77.05,,
3/18/2018 2:45,14.7669,77.05,,
3/18/2018 3:00,14.7647,77.05,,
3/18/2018 3:15,14.7647,77.05,,
3/18/2018 3:30,14.7621,76.876,,
3/18/2018 3:45,14.7599,76.876,,
3/18/2018 4:00,14.7599,76.876,,
3/18/2018 4:15,14.7621,76.876,,
3/18/2018 4:30,14.7599,76.876,,
3/18/2018 4:45,14.7621,76.876,,
3/18/2018 5:00,14.7599,76.876,,
3/18/2018 5:15,14.7643,76.876,,
3/18/2018 5:30,14.7643,76.876,,
3/18/2018 5:45,14.7617,76.703,,
3/18/2018 6:00,14.7638,76.703,,
3/18/2018 6:15,14.7682,76.703,,
3/18/2018 6:30,14.7704,76.703,,
3/18/2018 6:45,14.7682,76.703,,
3/18/2018 7:00,14.7682,76.703,,
3/18/2018 7:15,14.7704,76.703,,
3/18/2018 7:30,14.7746,76.703,,
3/18/2018 7:45,14.773,76.876,,
3/18/2018 8:00,14.7795,76.876,,
3/18/2018 8:15,14.7795,76.876,,
3/18/2018 8:30,14.7799,77.05,,
3/18/2018 8:45,14.7782,77.225,,
3/18/2018 9:00,14.7808,77.4,,
3/18/2018 9:15,14.7834,77.574,,
3/18/2018 9:30,14.7866,77.923,,
3/18/2018 9:45,14.7866,77.923,,
3/18/2018 10:00,14.7866,77.923,,
3/18/2018 10:15,14.7836,78.449,,
3/18/2018 10:30,14.785,78.975,,
3/18/2018 10:45,14.7833,79.151,,
3/18/2018 11:00,14.7802,78.8,,
3/18/2018 11:15,14.777,78.449,,
3/18/2018 11:30,14.7727,78.449,,
3/18/2018 11:45,14.7706,78.449,,
3/18/2018 12:00,14.7706,78.449,,
3/18/2018 12:15,14.7663,78.449,,
3/18/2018 12:30,14.7706,78.449,,
3/18/2018 12:45,14.7689,78.624,,
3/18/2018 13:00,14.7679,78.274,,
3/18/2018 13:15,14.7657,78.274,,
3/18/2018 13:30,14.7593,78.274,,
3/18/2018 13:45,14.7537,78.624,,
3/18/2018 14:00,14.7547,78.975,,
3/18/2018 14:15,14.7551,79.151,,
3/18/2018 14:30,14.7541,78.8,,
3/18/2018 14:45,14.7537,78.624,,
3/18/2018 15:00,14.7624,78.624,,
3/18/2018 15:15,14.8079,78.624,,
3/18/2018 15:30,14.8075,78.449,,
3/18/2018 15:45,14.7918,78.274,,
3/18/2018 16:00,14.7831,78.274,,
3/18/2018 16:15,14.7722,78.274,,
3/18/2018 16:30,14.7609,78.098,,
3/18/2018 16:45,14.7609,78.098,,
3/18/2018 17:00,14.7588,78.098,,
3/18/2018 17:15,14.754,77.923,,
3/18/2018 17:30,14.7518,77.923,,
3/18/2018 17:45,14.7535,77.749,,
3/18/2018 18:00,14.7579,77.749,,
3/18/2018 18:15,14.7579,77.749,,
3/18/2018 18:30,14.7596,77.574,,
3/18/2018 18:45,14.764,77.574,,
3/18/2018 19:00,14.764,77.574,,
3/18/2018 19:15,14.7656,77.4,,
3/18/2018 19:30,14.7656,77.4,,
3/18/2018 19:45,14.7699,77.4,,
3/18/2018 20:00,14.7721,77.4,,
3/18/2018 20:15,14.776,77.225,,
3/18/2018 20:30,14.776,77.225,,
3/18/2018 20:45,14.7738,77.225,,
3/18/2018 21:00,14.7738,77.225,,
3/18/2018 21:15,14.776,77.225,,
3/18/2018 21:30,14.7804,77.225,,
3/18/2018 21:45,14.7821,77.05,,
3/18/2018 22:00,14.7799,77.05,,
3/18/2018 22:15,14.7778,77.05,,
3/18/2018 22:30,14.7799,77.05,,
3/18/2018 22:45,14.7799,77.05,,
3/18/2018 23:00,14.7751,76.876,,
3/18/2018 23:15,14.773,76.876,,
3/18/2018 23:30,14.773,76.876,,
3/18/2018 23:45,14.773,76.876,,
3/19/2018 0:00,14.7708,76.876,,
3/19/2018 0:15,14.766,76.703,,
3/19/2018 0:30,14.7638,76.703,,
3/19/2018 0:45,14.7638,76.703,,
3/19/2018 1:00,14.7638,76.703,,
3/19/2018 1:15,14.7595,76.703,,
3/19/2018 1:30,14.7573,76.703,,
3/19/2018 1:45,14.7525,76.528,,
3/19/2018 2:00,14.7525,76.528,,
3/19/2018 2:15,14.7503,76.528,,
3/19/2018 2:30,14.7482,76.528,,
3/19/2018 2:45,14.7482,76.528,,
3/19/2018 3:00,14.7438,76.528,,
3/19/2018 3:15,14.7438,76.528,,
3/19/2018 3:30,14.7434,76.354,,
3/19/2018 3:45,14.739,76.354,,
3/19/2018 4:00,14.7368,76.354,,
3/19/2018 4:15,14.7368,76.354,,
3/19/2018 4:30,14.739,76.354,,
3/19/2018 4:45,14.7412,76.354,,
3/19/2018 5:00,14.7412,76.354,,
3/19/2018 5:15,14.7434,76.354,,
3/19/2018 5:30,14.7456,76.354,,
3/19/2018 5:45,14.7473,76.181,,
3/19/2018 6:00,14.7451,76.181,,
3/19/2018 6:15,14.7451,76.181,,
3/19/2018 6:30,14.7473,76.181,,
3/19/2018 6:45,14.7495,76.181,,
3/19/2018 7:00,14.7495,76.181,,
3/19/2018 7:15,14.7495,76.181,,
3/19/2018 7:30,14.7521,76.354,,
3/19/2018 7:45,14.7521,76.354,,
3/19/2018 8:00,14.7543,76.354,,
3/19/2018 8:15,14.7606,76.354,,
3/19/2018 8:30,14.7606,76.354,,
3/19/2018 8:45,14.7612,76.528,,
3/19/2018 9:00,14.7573,76.703,,
3/19/2018 9:15,14.7556,76.876,,
3/19/2018 9:30,14.7564,77.225,,
3/19/2018 9:45,14.7586,77.225,,
3/19/2018 10:00,14.7601,77.749,,
3/19/2018 10:15,14.7588,78.098,,
3/19/2018 10:30,14.7609,78.098,,
3/19/2018 10:45,14.7572,78.274,,
3/19/2018 11:00,14.758,78.624,,
3/19/2018 11:15,14.7569,78.975,,
3/19/2018 11:30,14.7556,79.326,,
3/19/2018 11:45,14.7505,79.853,,
3/19/2018 12:00,14.7509,80.029,,
3/19/2018 12:15,14.7437,80.559,,
3/19/2018 12:30,14.7382,80.911,,
3/19/2018 12:45,14.7325,81.266,,
3/19/2018 13:00,14.7338,80.911,,
3/19/2018 13:15,14.7303,81.266,,
3/19/2018 13:30,14.7345,80.382,,
3/19/2018 13:45,14.7319,80.206,,
3/19/2018 14:00,14.7302,80.382,,
3/19/2018 14:15,14.728,80.382,,
3/19/2018 14:30,14.725,80.029,,
3/19/2018 14:45,14.7244,79.853,,
3/19/2018 15:00,14.7322,79.502,,
3/19/2018 15:15,14.7708,79.326,,
3/19/2018 15:30,14.7837,79.326,,
3/19/2018 15:45,14.766,79.151,,
3/19/2018 16:00,14.7529,79.151,,
3/19/2018 16:15,14.7438,78.975,,
3/19/2018 16:30,14.7368,78.8,,
3/19/2018 16:45,14.7368,78.8,,
3/19/2018 17:00,14.7384,78.624,,
3/19/2018 17:15,14.7406,78.624,,
3/19/2018 17:30,14.738,78.449,,
3/19/2018 17:45,14.7358,78.449,,
3/19/2018 18:00,14.731,78.274,,
3/19/2018 18:15,14.7306,78.098,,
3/19/2018 18:30,14.7328,78.098,,
3/19/2018 18:45,14.7345,77.923,,
3/19/2018 19:00,14.7389,77.923,,
3/19/2018 19:15,14.7339,77.749,,
3/19/2018 19:30,14.7339,77.749,,
3/19/2018 19:45,14.7379,77.574,,
3/19/2018 20:00,14.7422,77.574,,
3/19/2018 20:15,14.74,77.574,,
3/19/2018 20:30,14.7422,77.574,,
3/19/2018 20:45,14.7396,77.4,,
3/19/2018 21:00,14.744,77.4,,
3/19/2018 21:15,14.7435,77.225,,
3/19/2018 21:30,14.7457,77.225,,
3/19/2018 21:45,14.7435,77.225,,
3/19/2018 22:00,14.7479,77.225,,
3/19/2018 22:15,14.7522,77.225,,
3/19/2018 22:30,14.7538,77.05,,
3/19/2018 22:45,14.7495,77.05,,
3/19/2018 23:00,14.7516,77.05,,
3/19/2018 23:15,14.7473,77.05,,
3/19/2018 23:30,14.7451,77.05,,
3/19/2018 23:45,14.7473,77.05,,
3/20/2018 0:00,14.7431,77.05,,
3/20/2018 0:15,14.7469,76.876,,
3/20/2018 0:30,14.7469,76.876,,
3/20/2018 0:45,14.749,76.876,,
3/20/2018 1:00,14.7447,76.876,,
3/20/2018 1:15,14.749,76.876,,
3/20/2018 1:30,14.7512,76.876,,
3/20/2018 1:45,14.749,76.876,,
3/20/2018 2:00,14.7469,76.876,,
3/20/2018 2:15,14.749,76.876,,
3/20/2018 2:30,14.749,76.876,,
3/20/2018 2:45,14.7486,76.703,,
3/20/2018 3:00,14.7421,76.703,,
3/20/2018 3:15,14.7442,76.703,,
3/20/2018 3:30,14.7421,76.703,,
3/20/2018 3:45,14.7442,76.703,,
3/20/2018 4:00,14.7464,76.703,,
3/20/2018 4:15,14.7464,76.703,,
3/20/2018 4:30,14.746,76.528,,
3/20/2018 4:45,14.7482,76.528,,
3/20/2018 5:00,14.7482,76.528,,
3/20/2018 5:15,14.7438,76.528,,
3/20/2018 5:30,14.7438,76.528,,
3/20/2018 5:45,14.7412,76.354,,
3/20/2018 6:00,14.739,76.354,,
3/20/2018 6:15,14.739,76.354,,
3/20/2018 6:30,14.739,76.354,,
3/20/2018 6:45,14.7434,76.354,,
3/20/2018 7:00,14.7477,76.354,,
3/20/2018 7:15,14.7456,76.354,,
3/20/2018 7:30,14.7434,76.354,,
3/20/2018 7:45,14.7412,76.354,,
3/20/2018 8:00,14.739,76.354,,
3/20/2018 8:15,14.7395,76.528,,
3/20/2018 8:30,14.7395,76.528,,
3/20/2018 8:45,14.7355,76.703,,
3/20/2018 9:00,14.7339,76.876,,
3/20/2018 9:15,14.7318,76.876,,
3/20/2018 9:30,14.7361,76.876,,
3/20/2018 9:45,14.7344,77.05,,
3/20/2018 10:00,14.7348,77.225,,
3/20/2018 10:15,14.7313,77.574,,
3/20/2018 10:30,14.7276,77.749,,
3/20/2018 10:45,14.7237,77.923,,
3/20/2018 11:00,14.7197,78.098,,
3/20/2018 11:15,14.7168,78.624,,
3/20/2018 11:30,14.7112,78.975,,
3/20/2018 11:45,14.7118,79.151,,
3/20/2018 12:00,14.7112,78.975,,
3/20/2018 12:15,14.7103,78.624,,
3/20/2018 12:30,14.7038,78.624,,
3/20/2018 12:45,14.7061,79.502,,
3/20/2018 13:00,14.7036,80.206,,
3/20/2018 13:15,14.7025,80.559,,
3/20/2018 13:30,14.7012,80.911,,
3/20/2018 13:45,14.6938,80.559,,
3/20/2018 14:00,14.6916,80.559,,
3/20/2018 14:15,14.6916,80.559,,
3/20/2018 14:30,14.6929,80.206,,
3/20/2018 14:45,14.6971,80.206,,
3/20/2018 15:00,14.6962,79.853,,
3/20/2018 15:15,14.6984,79.853,,
3/20/2018 15:30,14.7018,79.502,,
3/20/2018 15:45,14.7023,79.678,,
3/20/2018 16:00,14.6984,79.853,,
3/20/2018 16:15,14.6996,79.502,,
3/20/2018 16:30,14.7013,79.326,,
3/20/2018 16:45,14.7013,79.326,,
3/20/2018 17:00,14.7009,79.151,,
3/20/2018 17:15,14.702,78.8,,
3/20/2018 17:30,14.706,78.624,,
3/20/2018 17:45,14.7081,78.624,,
3/20/2018 18:00,14.712,78.449,,
3/20/2018 18:15,14.7138,78.274,,
3/20/2018 18:30,14.7158,78.274,,
3/20/2018 18:45,14.7219,78.098,,
3/20/2018 19:00,14.7219,78.098,,
3/20/2018 19:15,14.7237,77.923,,
3/20/2018 19:30,14.7258,77.923,,
3/20/2018 19:45,14.7258,77.923,,
3/20/2018 20:00,14.7254,77.749,,
3/20/2018 20:15,14.7254,77.749,,
3/20/2018 20:30,14.7276,77.749,,
3/20/2018 20:45,14.727,77.574,,
3/20/2018 21:00,14.7292,77.574,,
3/20/2018 21:15,14.7292,77.574,,
3/20/2018 21:30,14.7309,77.4,,
3/20/2018 21:45,14.7331,77.4,,
3/20/2018 22:00,14.7331,77.4,,
3/20/2018 22:15,14.7326,77.225,,
3/20/2018 22:30,14.7326,77.225,,
3/20/2018 22:45,14.7305,77.225,,
3/20/2018 23:00,14.7326,77.225,,
3/20/2018 23:15,14.7322,77.05,,
3/20/2018 23:30,14.7322,77.05,,
3/20/2018 23:45,14.7344,77.05,,
3/21/2018 0:00,14.7344,77.05,,
3/21/2018 0:15,14.7339,76.876,,
3/21/2018 0:30,14.7318,76.876,,
3/21/2018 0:45,14.7318,76.876,,
3/21/2018 1:00,14.7274,76.876,,
3/21/2018 1:15,14.727,76.703,,
3/21/2018 1:30,14.7248,76.703,,
3/21/2018 1:45,14.7205,76.703,,
3/21/2018 2:00,14.7226,76.703,,
3/21/2018 2:15,14.7226,76.703,,
3/21/2018 2:30,14.7226,76.703,,
3/21/2018 2:45,14.7286,76.528,,
3/21/2018 3:00,14.7377,76.703,,
3/21/2018 3:15,14.7486,76.703,,
3/21/2018 3:30,14.7941,76.703,,
3/21/2018 3:45,14.8366,76.354,,
3/21/2018 4:00,14.8171,76.354,,
3/21/2018 4:15,14.7954,76.354,,
3/21/2018 4:30,14.7802,76.354,,
3/21/2018 4:45,14.7693,76.354,,
3/21/2018 5:00,14.7628,76.354,,
3/21/2018 5:15,14.7564,76.354,,
3/21/2018 5:30,14.7543,76.354,,
3/21/2018 5:45,14.7521,76.354,,
3/21/2018 6:00,14.7521,76.354,,
3/21/2018 6:15,14.7521,76.354,,
3/21/2018 6:30,14.7499,76.354,,
3/21/2018 6:45,14.7521,76.354,,
3/21/2018 7:00,14.7499,76.354,,
3/21/2018 7:15,14.7521,76.354,,
3/21/2018 7:30,14.7521,76.354,,
3/21/2018 7:45,14.7499,76.354,,
3/21/2018 8:00,14.7499,76.354,,
3/21/2018 8:15,14.7521,76.354,,
3/21/2018 8:30,14.7503,76.528,,
3/21/2018 8:45,14.7503,76.528,,
3/21/2018 9:00,14.7534,76.876,,
3/21/2018 9:15,14.7538,77.05,,
3/21/2018 9:30,14.7522,77.225,,
3/21/2018 9:45,14.7527,77.4,,
3/21/2018 10:00,14.7487,77.574,,
3/21/2018 10:15,14.7518,77.923,,
3/21/2018 10:30,14.755,78.274,,
3/21/2018 10:45,14.7537,78.624,,
3/21/2018 11:00,14.7547,78.975,,
3/21/2018 11:15,14.7558,78.624,,
3/21/2018 11:30,14.7563,78.8,,
3/21/2018 11:45,14.7564,79.678,,
3/21/2018 12:00,14.7548,79.853,,
3/21/2018 12:15,14.7505,79.853,,
3/21/2018 12:30,14.7483,79.853,,
3/21/2018 12:45,14.7444,80.029,,
3/21/2018 13:00,14.744,79.853,,
3/21/2018 13:15,14.7411,80.382,,
3/21/2018 13:30,14.7398,80.735,,
3/21/2018 13:45,14.7432,80.382,,
3/21/2018 14:00,14.7428,80.206,,
3/21/2018 14:15,14.7384,80.206,,
3/21/2018 14:30,14.7345,80.382,,
3/21/2018 14:45,14.7363,80.206,,
3/21/2018 15:00,14.7331,79.853,,
3/21/2018 15:15,14.7319,80.206,,
3/21/2018 15:30,14.7297,80.206,,
3/21/2018 15:45,14.7297,80.206,,
3/21/2018 16:00,14.7297,80.206,,
3/21/2018 16:15,14.7228,80.029,,
3/21/2018 16:30,14.7222,79.853,,
3/21/2018 16:45,14.7235,79.502,,
3/21/2018 17:00,14.7274,79.326,,
3/21/2018 17:15,14.7312,79.151,,
3/21/2018 17:30,14.7351,78.975,,
3/21/2018 17:45,14.7368,78.8,,
3/21/2018 18:00,14.739,78.8,,
3/21/2018 18:15,14.7406,78.624,,
3/21/2018 18:30,14.745,78.624,,
3/21/2018 18:45,14.7445,78.449,,
3/21/2018 19:00,14.7511,78.449,,
3/21/2018 19:15,14.7576,78.449,,
3/21/2018 19:30,14.7641,78.449,,
3/21/2018 19:45,14.7663,78.449,,
3/21/2018 20:00,14.7657,78.274,,
3/21/2018 20:15,14.7701,78.274,,
3/21/2018 20:30,14.7701,78.274,,
3/21/2018 20:45,14.774,78.098,,
3/21/2018 21:00,14.7783,78.098,,
3/21/2018 21:15,14.7783,78.098,,
3/21/2018 21:30,14.7762,78.098,,
3/21/2018 21:45,14.7757,77.923,,
3/21/2018 22:00,14.7801,77.923,,
3/21/2018 22:15,14.7779,77.923,,
3/21/2018 22:30,14.7779,77.923,,
3/21/2018 22:45,14.7757,77.923,,
3/21/2018 23:00,14.7775,77.749,,
3/21/2018 23:15,14.7731,77.749,,
3/21/2018 23:30,14.7753,77.749,,
3/21/2018 23:45,14.7753,77.749,,
3/22/2018 0:00,14.7709,77.749,,
3/22/2018 0:15,14.7683,77.574,,
3/22/2018 0:30,14.764,77.574,,
3/22/2018 0:45,14.7683,77.574,,
3/22/2018 1:00,14.764,77.574,,
3/22/2018 1:15,14.7618,77.574,,
3/22/2018 1:30,14.7592,77.4,,
3/22/2018 1:45,14.757,77.4,,
3/22/2018 2:00,14.7592,77.4,,
3/22/2018 2:15,14.757,77.4,,
3/22/2018 2:30,14.7564,77.225,,
3/22/2018 2:45,14.7564,77.225,,
3/22/2018 3:00,14.7564,77.225,,
3/22/2018 3:15,14.763,77.225,,
3/22/2018 3:30,14.7608,77.225,,
3/22/2018 3:45,14.7586,77.225,,
3/22/2018 4:00,14.7564,77.225,,
3/22/2018 4:15,14.7608,77.225,,
3/22/2018 4:30,14.7608,77.225,,
3/22/2018 4:45,14.7608,77.225,,
3/22/2018 5:00,14.7625,77.05,,
3/22/2018 5:15,14.7647,77.05,,
3/22/2018 5:30,14.7669,77.05,,
3/22/2018 5:45,14.769,77.05,,
3/22/2018 6:00,14.769,77.05,,
3/22/2018 6:15,14.7734,77.05,,
3/22/2018 6:30,14.7734,77.05,,
3/22/2018 6:45,14.7907,77.05,,
3/22/2018 7:00,14.8233,77.05,,
3/22/2018 7:15,14.8584,77.225,,
3/22/2018 7:30,14.8411,77.225,,
3/22/2018 7:45,14.8303,77.225,,
3/22/2018 8:00,14.8324,77.225,,
3/22/2018 8:15,14.8433,77.225,,
3/22/2018 8:30,14.8411,77.225,,
3/22/2018 8:45,14.8324,77.225,,
3/22/2018 9:00,14.8281,77.225,,
3/22/2018 9:15,14.8237,77.225,,
3/22/2018 9:30,14.8216,77.225,,
3/22/2018 9:45,14.8176,77.4,,
3/22/2018 10:00,14.8117,77.574,,
3/22/2018 10:15,14.8086,78.098,,
3/22/2018 10:30,14.8097,78.449,,
3/22/2018 10:45,14.8256,77.923,,
3/22/2018 11:00,14.8197,78.975,,
3/22/2018 11:15,14.8202,79.151,,
3/22/2018 11:30,14.8163,79.326,,
3/22/2018 11:45,14.8445,79.326,,
3/22/2018 12:00,14.8419,79.151,,
3/22/2018 12:15,14.8337,79.326,,
3/22/2018 12:30,14.8211,79.502,,
3/22/2018 12:45,14.8091,79.853,,
3/22/2018 13:00,14.803,80.029,,
3/22/2018 13:15,14.7921,80.029,,
3/22/2018 13:30,14.7899,80.029,,
3/22/2018 13:45,14.7883,80.206,,
3/22/2018 14:00,14.7862,80.206,,
3/22/2018 14:15,14.787,80.559,,
3/22/2018 14:30,14.7862,80.206,,
3/22/2018 14:45,14.784,80.206,,
3/22/2018 15:00,14.7805,80.559,,
3/22/2018 15:15,14.7822,80.382,,
3/22/2018 15:30,14.7775,80.206,,
3/22/2018 15:45,14.7775,80.206,,
3/22/2018 16:00,14.7796,80.206,,
3/22/2018 16:15,14.7792,80.029,,
3/22/2018 16:30,14.783,79.853,,
3/22/2018 16:45,14.7804,79.678,,
3/22/2018 17:00,14.7821,79.502,,
3/22/2018 17:15,14.7837,79.326,,
3/22/2018 17:30,14.7876,79.151,,
3/22/2018 17:45,14.7876,79.151,,
3/22/2018 18:00,14.7872,78.975,,
3/22/2018 18:15,14.7894,78.975,,
3/22/2018 18:30,14.7911,78.8,,
3/22/2018 18:45,14.7911,78.8,,
3/22/2018 19:00,14.7975,78.8,,
3/22/2018 19:15,14.797,78.624,,
3/22/2018 19:30,14.797,78.624,,
3/22/2018 19:45,14.7966,78.449,,
3/22/2018 20:00,14.801,78.449,,
3/22/2018 20:15,14.8031,78.449,,
3/22/2018 20:30,14.8049,78.274,,
3/22/2018 20:45,14.807,78.274,,
3/22/2018 21:00,14.8086,78.098,,
3/22/2018 21:15,14.8086,78.098,,
3/22/2018 21:30,14.8108,78.098,,
3/22/2018 21:45,14.8104,77.923,,
3/22/2018 22:00,14.8126,77.923,,
3/22/2018 22:15,14.8147,77.923,,
3/22/2018 22:30,14.8121,77.749,,
3/22/2018 22:45,14.8121,77.749,,
3/22/2018 23:00,14.8099,77.749,,
3/22/2018 23:15,14.8078,77.749,,
3/22/2018 23:30,14.8052,77.574,,
3/22/2018 23:45,14.8052,77.574,,
3/23/2018 0:00,14.8052,77.574,,
3/23/2018 0:15,14.8026,77.4,,
3/23/2018 0:30,14.8026,77.4,,
3/23/2018 0:45,14.8004,77.4,,
3/23/2018 1:00,14.7982,77.4,,
3/23/2018 1:15,14.796,77.4,,
3/23/2018 1:30,14.7934,77.225,,
3/23/2018 1:45,14.7934,77.225,,
3/23/2018 2:00,14.7891,77.225,,
3/23/2018 2:15,14.7869,77.225,,
3/23/2018 2:30,14.7847,77.225,,
3/23/2018 2:45,14.7825,77.225,,
3/23/2018 3:00,14.7778,77.05,,
3/23/2018 3:15,14.7799,77.05,,
3/23/2018 3:30,14.7778,77.05,,
3/23/2018 3:45,14.7778,77.05,,
3/23/2018 4:00,14.7756,77.05,,
3/23/2018 4:15,14.7734,77.05,,
3/23/2018 4:30,14.7751,76.876,,
3/23/2018 4:45,14.7751,76.876,,
3/23/2018 5:00,14.7751,76.876,,
3/23/2018 5:15,14.7751,76.876,,
3/23/2018 5:30,14.7751,76.876,,
3/23/2018 5:45,14.7751,76.876,,
3/23/2018 6:00,14.7746,76.703,,
3/23/2018 6:15,14.7789,76.703,,
3/23/2018 6:30,14.7789,76.703,,
3/23/2018 6:45,14.7811,76.703,,
3/23/2018 7:00,14.7833,76.703,,
3/23/2018 7:15,14.7854,76.703,,
3/23/2018 7:30,14.7876,76.703,,
3/23/2018 7:45,14.7898,76.703,,
3/23/2018 8:00,14.7963,76.703,,
3/23/2018 8:15,14.7985,76.703,,
3/23/2018 8:30,14.8011,76.876,,
3/23/2018 8:45,14.8037,77.05,,
3/23/2018 9:00,14.8041,77.225,,
3/23/2018 9:15,14.8047,77.4,,
3/23/2018 9:30,14.8052,77.574,,
3/23/2018 9:45,14.8034,77.749,,
3/23/2018 10:00,14.803,77.574,,
3/23/2018 10:15,14.8056,77.749,,
3/23/2018 10:30,14.8012,77.749,,
3/23/2018 10:45,14.7995,77.923,,
3/23/2018 11:00,14.8005,78.274,,
3/23/2018 11:15,14.7997,78.8,,
3/23/2018 11:30,14.7988,78.449,,
3/23/2018 11:45,14.7985,79.151,,
3/23/2018 12:00,14.7963,79.151,,
3/23/2018 12:15,14.7949,78.624,,
3/23/2018 12:30,14.7966,78.449,,
3/23/2018 12:45,14.814,78.449,,
3/23/2018 13:00,14.9316,78.624,,
3/23/2018 13:15,15.4591,77.749,,
3/23/2018 13:30,15.2517,77.4,,
3/23/2018 13:45,15.1476,77.4,,
3/23/2018 14:00,15.0546,77.574,,
3/23/2018 14:15,14.9982,77.574,,
3/23/2018 14:30,14.9596,77.749,,
3/23/2018 14:45,14.9341,77.923,,
3/23/2018 15:00,14.9102,77.923,,
3/23/2018 15:15,14.8907,77.923,,
3/23/2018 15:30,14.8864,77.923,,
3/23/2018 15:45,14.8738,78.098,,
3/23/2018 16:00,14.8651,78.098,,
3/23/2018 16:15,14.8585,78.098,,
3/23/2018 16:30,14.8564,78.098,,
3/23/2018 16:45,14.8504,78.274,,
3/23/2018 17:00,14.8482,78.274,,
3/23/2018 17:15,14.8439,78.274,,
3/23/2018 17:30,14.8395,78.274,,
3/23/2018 17:45,14.8395,78.274,,
3/23/2018 18:00,14.8417,78.274,,
3/23/2018 18:15,14.8417,78.274,,
3/23/2018 18:30,14.8435,78.098,,
3/23/2018 18:45,14.8413,78.098,,
3/23/2018 19:00,14.8413,78.098,,
3/23/2018 19:15,14.8435,78.098,,
3/23/2018 19:30,14.8407,77.923,,
3/23/2018 19:45,14.8429,77.923,,
3/23/2018 20:00,14.8429,77.923,,
3/23/2018 20:15,14.8407,77.923,,
3/23/2018 20:30,14.8381,77.749,,
3/23/2018 20:45,14.8424,77.749,,
3/23/2018 21:00,14.8446,77.749,,
3/23/2018 21:15,14.8424,77.749,,
3/23/2018 21:30,14.8442,77.574,,
3/23/2018 21:45,14.8464,77.574,,
3/23/2018 22:00,14.8485,77.574,,
3/23/2018 22:15,14.8507,77.574,,
3/23/2018 22:30,14.8485,77.574,,
3/23/2018 22:45,14.8481,77.4,,
3/23/2018 23:00,14.8437,77.4,,
3/23/2018 23:15,14.8437,77.4,,
3/23/2018 23:30,14.8394,77.4,,
3/23/2018 23:45,14.8372,77.4,,
3/24/2018 0:00,14.8372,77.4,,
3/24/2018 0:15,14.835,77.4,,
3/24/2018 0:30,14.8372,77.4,,
3/24/2018 0:45,14.835,77.4,,
3/24/2018 1:00,14.8303,77.225,,
3/24/2018 1:15,14.8281,77.225,,
3/24/2018 1:30,14.8259,77.225,,
3/24/2018 1:45,14.8237,77.225,,
3/24/2018 2:00,14.8172,77.225,,
3/24/2018 2:15,14.8146,77.05,,
3/24/2018 2:30,14.8102,77.05,,
3/24/2018 2:45,14.8081,77.05,,
3/24/2018 3:00,14.8081,77.05,,
3/24/2018 3:15,14.8059,77.05,,
3/24/2018 3:30,14.8015,77.05,,
3/24/2018 3:45,14.8037,77.05,,
3/24/2018 4:00,14.8037,77.05,,
3/24/2018 4:15,14.8037,77.05,,
3/24/2018 4:30,14.8059,77.05,,
3/24/2018 4:45,14.8059,77.05,,
3/24/2018 5:00,14.8059,77.05,,
3/24/2018 5:15,14.8037,77.05,,
3/24/2018 5:30,14.8081,77.05,,
3/24/2018 5:45,14.8055,76.876,,
3/24/2018 6:00,14.8033,76.876,,
3/24/2018 6:15,14.8055,76.876,,
3/24/2018 6:30,14.8055,76.876,,
3/24/2018 6:45,14.8098,76.876,,
3/24/2018 7:00,14.8098,76.876,,
3/24/2018 7:15,14.8142,76.876,,
3/24/2018 7:30,14.8163,76.876,,
3/24/2018 7:45,14.8168,77.05,,
3/24/2018 8:00,14.8211,77.05,,
3/24/2018 8:15,14.8233,77.05,,
3/24/2018 8:30,14.8237,77.225,,
3/24/2018 8:45,14.822,77.4,,
3/24/2018 9:00,14.8198,77.4,,
3/24/2018 9:15,14.8181,77.574,,
3/24/2018 9:30,14.8187,77.749,,
3/24/2018 9:45,14.8195,78.098,,
3/24/2018 10:00,14.82,78.274,,
3/24/2018 10:15,14.8162,78.449,,
3/24/2018 10:30,14.814,78.449,,
3/24/2018 10:45,14.814,78.449,,
3/24/2018 11:00,14.8101,78.624,,
3/24/2018 11:15,14.8115,79.151,,
3/24/2018 11:30,14.8098,79.326,,
3/24/2018 11:45,14.8055,79.326,,
3/24/2018 12:00,14.8033,79.326,,
3/24/2018 12:15,14.8004,79.853,,
3/24/2018 12:30,14.7999,79.678,,
3/24/2018 12:45,14.7978,79.678,,
3/24/2018 13:00,14.7912,79.678,,
3/24/2018 13:15,14.7912,79.678,,
3/24/2018 13:30,14.7851,79.853,,
3/24/2018 13:45,14.7825,79.678,,
3/24/2018 14:00,14.7847,79.678,,
3/24/2018 14:15,14.7804,79.678,,
3/24/2018 14:30,14.7804,79.678,,
3/24/2018 14:45,14.7782,79.678,,
3/24/2018 15:00,14.7764,79.853,,
3/24/2018 15:15,14.7743,79.853,,
3/24/2018 15:30,14.7738,79.678,,
3/24/2018 15:45,14.776,79.678,,
3/24/2018 16:00,14.776,79.678,,
3/24/2018 16:15,14.7738,79.678,,
3/24/2018 16:30,14.7734,79.502,,
3/24/2018 16:45,14.7734,79.502,,
3/24/2018 17:00,14.773,79.326,,
3/24/2018 17:15,14.773,79.326,,
3/24/2018 17:30,14.773,79.326,,
3/24/2018 17:45,14.7767,79.151,,
3/24/2018 18:00,14.7767,79.151,,
3/24/2018 18:15,14.7785,78.975,,
3/24/2018 18:30,14.7828,78.975,,
3/24/2018 18:45,14.7894,78.975,,
3/24/2018 19:00,14.7889,78.8,,
3/24/2018 19:15,14.7911,78.8,,
3/24/2018 19:30,14.7953,78.8,,
3/24/2018 19:45,14.7997,78.8,,
3/24/2018 20:00,14.8014,78.624,,
3/24/2018 20:15,14.8014,78.624,,
3/24/2018 20:30,14.8101,78.624,,
3/24/2018 20:45,14.853,78.449,,
3/24/2018 21:00,15.3879,77.923,,
3/24/2018 21:15,15.2545,77.574,,
3/24/2018 21:30,15.1319,77.225,,
3/24/2018 21:45,15.0555,77.05,,
3/24/2018 22:00,15.0098,77.05,,
3/24/2018 22:15,14.9643,77.05,,
3/24/2018 22:30,14.9464,76.876,,
3/24/2018 22:45,14.9334,76.876,,
3/24/2018 23:00,14.9161,76.876,,
3/24/2018 23:15,14.9031,76.876,,
3/24/2018 23:30,14.8961,76.703,,
3/24/2018 23:45,14.8874,76.703,,
3/25/2018 0:00,14.8787,76.703,,
3/25/2018 0:15,14.8722,76.703,,
3/25/2018 0:30,14.8636,76.703,,
3/25/2018 0:45,14.8571,76.703,,
3/25/2018 1:00,14.8506,76.703,,
3/25/2018 1:15,14.8506,76.703,,
3/25/2018 1:30,14.8462,76.703,,
3/25/2018 1:45,14.8375,76.703,,
3/25/2018 2:00,14.8332,76.703,,
3/25/2018 2:15,14.831,76.703,,
3/25/2018 2:30,14.8272,76.876,,
3/25/2018 2:45,14.825,76.876,,
3/25/2018 3:00,14.825,76.876,,
3/25/2018 3:15,14.8229,76.876,,
3/25/2018 3:30,14.8229,76.876,,
3/25/2018 3:45,14.8207,76.876,,
3/25/2018 4:00,14.8207,76.876,,
3/25/2018 4:15,14.8207,76.876,,
3/25/2018 4:30,14.8185,76.876,,
3/25/2018 4:45,14.8185,76.876,,
3/25/2018 5:00,14.8185,76.876,,
3/25/2018 5:15,14.8207,76.876,,
3/25/2018 5:30,14.8207,76.876,,
3/25/2018 5:45,14.8207,76.876,,
3/25/2018 6:00,14.8229,76.876,,
3/25/2018 6:15,14.825,76.876,,
3/25/2018 6:30,14.8229,76.876,,
3/25/2018 6:45,14.8272,76.876,,
3/25/2018 7:00,14.8292,76.876,,
3/25/2018 7:15,14.8336,76.876,,
3/25/2018 7:30,14.8336,76.876,,
3/25/2018 7:45,14.8379,76.876,,
3/25/2018 8:00,14.8384,77.05,,
3/25/2018 8:15,14.8406,77.05,,
3/25/2018 8:30,14.8427,77.05,,
3/25/2018 8:45,14.8433,77.225,,
3/25/2018 9:00,14.8455,77.225,,
3/25/2018 9:15,14.8416,77.4,,
3/25/2018 9:30,14.8437,77.4,,
3/25/2018 9:45,14.842,77.574,,
3/25/2018 10:00,14.8359,77.749,,
3/25/2018 10:15,14.8347,78.098,,
3/25/2018 10:30,14.833,78.274,,
3/25/2018 10:45,14.8297,78.624,,
3/25/2018 11:00,14.8284,78.975,,
3/25/2018 11:15,14.8223,79.151,,
3/25/2018 11:30,14.8233,79.502,,
3/25/2018 11:45,14.8194,79.678,,
3/25/2018 12:00,14.816,80.029,,
3/25/2018 12:15,14.8117,80.029,,
3/25/2018 12:30,14.8085,79.678,,
3/25/2018 12:45,14.8059,79.502,,
3/25/2018 13:00,14.7994,79.502,,
3/25/2018 13:15,14.7978,79.678,,
3/25/2018 13:30,14.7895,79.853,,
3/25/2018 13:45,14.7891,79.678,,
3/25/2018 14:00,14.7859,79.326,,
3/25/2018 14:15,14.7821,79.502,,
3/25/2018 14:30,14.7808,79.853,,
3/25/2018 14:45,14.777,80.029,,
3/25/2018 15:00,14.7743,79.853,,
3/25/2018 15:15,14.7743,79.853,,
3/25/2018 15:30,14.7727,80.029,,
3/25/2018 15:45,14.7705,80.029,,
3/25/2018 16:00,14.7721,79.853,,
3/25/2018 16:15,14.7721,79.853,,
3/25/2018 16:30,14.7695,79.678,,
3/25/2018 16:45,14.7695,79.678,,
3/25/2018 17:00,14.7669,79.502,,
3/25/2018 17:15,14.773,79.326,,
3/25/2018 17:30,14.7746,79.151,,
3/25/2018 17:45,14.7746,79.151,,
3/25/2018 18:00,14.7746,79.151,,
3/25/2018 18:15,14.7811,79.151,,
3/25/2018 18:30,14.7807,78.975,,
3/25/2018 18:45,14.7872,78.975,,
3/25/2018 19:00,14.7872,78.975,,
3/25/2018 19:15,14.7889,78.8,,
3/25/2018 19:30,14.7911,78.8,,
3/25/2018 19:45,14.7911,78.8,,
3/25/2018 20:00,14.797,78.624,,
3/25/2018 20:15,14.7992,78.624,,
3/25/2018 20:30,14.7992,78.624,,
3/25/2018 20:45,14.8014,78.624,,
3/25/2018 21:00,14.8031,78.449,,
3/25/2018 21:15,14.801,78.449,,
3/25/2018 21:30,14.8027,78.274,,
3/25/2018 21:45,14.8027,78.274,,
3/25/2018 22:00,14.8005,78.274,,
3/25/2018 22:15,14.7979,78.098,,
3/25/2018 22:30,14.8043,78.098,,
3/25/2018 22:45,14.8001,78.098,,
3/25/2018 23:00,14.7973,77.923,,
3/25/2018 23:15,14.7973,77.923,,
3/25/2018 23:30,14.7995,77.923,,
3/25/2018 23:45,14.793,77.923,,
3/26/2018 0:00,14.793,77.923,,
3/26/2018 0:15,14.7904,77.749,,
3/26/2018 0:30,14.7925,77.749,,
3/26/2018 0:45,14.7925,77.749,,
3/26/2018 1:00,14.7899,77.574,,
3/26/2018 1:15,14.7899,77.574,,
3/26/2018 1:30,14.7856,77.574,,
3/26/2018 1:45,14.7812,77.574,,
3/26/2018 2:00,14.7769,77.574,,
3/26/2018 2:15,14.7764,77.4,,
3/26/2018 2:30,14.7721,77.4,,
3/26/2018 2:45,14.7699,77.4,,
3/26/2018 3:00,14.7656,77.4,,
3/26/2018 3:15,14.7651,77.225,,
3/26/2018 3:30,14.7651,77.225,,
3/26/2018 3:45,14.7651,77.225,,
3/26/2018 4:00,14.7673,77.225,,
3/26/2018 4:15,14.7695,77.225,,
3/26/2018 4:30,14.7669,77.05,,
3/26/2018 4:45,14.7647,77.05,,
3/26/2018 5:00,14.7669,77.05,,
3/26/2018 5:15,14.769,77.05,,
3/26/2018 5:30,14.7734,77.05,,
3/26/2018 5:45,14.7756,77.05,,
3/26/2018 6:00,14.7773,76.876,,
3/26/2018 6:15,14.7795,76.876,,
3/26/2018 6:30,14.7795,76.876,,
3/26/2018 6:45,14.7815,76.876,,
3/26/2018 7:00,14.7859,76.876,,
3/26/2018 7:15,14.7859,76.876,,
3/26/2018 7:30,14.788,76.876,,
3/26/2018 7:45,14.7907,77.05,,
3/26/2018 8:00,14.795,77.05,,
3/26/2018 8:15,14.8015,77.05,,
3/26/2018 8:30,14.8037,77.05,,
3/26/2018 8:45,14.8085,77.225,,
3/26/2018 9:00,14.8063,77.225,,
3/26/2018 9:15,14.8063,77.225,,
3/26/2018 9:30,14.8089,77.4,,
3/26/2018 9:45,14.8047,77.4,,
3/26/2018 10:00,14.803,77.574,,
3/26/2018 10:15,14.8034,77.749,,
3/26/2018 10:30,14.8017,77.923,,
3/26/2018 10:45,14.8001,78.098,,
3/26/2018 11:00,14.7979,78.098,,
3/26/2018 11:15,14.7966,78.449,,
3/26/2018 11:30,14.7918,78.274,,
3/26/2018 11:45,14.7896,78.274,,
3/26/2018 12:00,14.7836,78.449,,
3/26/2018 12:15,14.7798,78.624,,
3/26/2018 12:30,14.7754,78.624,,
3/26/2018 12:45,14.7715,78.8,,
3/26/2018 13:00,14.7676,78.975,,
3/26/2018 13:15,14.765,78.8,,
3/26/2018 13:30,14.7563,78.8,,
3/26/2018 13:45,14.7541,78.8,,
3/26/2018 14:00,14.7498,78.8,,
3/26/2018 14:15,14.7525,78.975,,
3/26/2018 14:30,14.7508,79.151,,
3/26/2018 14:45,14.749,79.326,,
3/26/2018 15:00,14.7486,79.151,,
3/26/2018 15:15,14.7508,79.151,,
3/26/2018 15:30,14.7469,79.326,,
3/26/2018 15:45,14.7512,79.326,,
3/26/2018 16:00,14.749,79.326,,
3/26/2018 16:15,14.7464,79.151,,
3/26/2018 16:30,14.7464,79.151,,
3/26/2018 16:45,14.7508,79.151,,
3/26/2018 17:00,14.7503,78.975,,
3/26/2018 17:15,14.7547,78.975,,
3/26/2018 17:30,14.7569,78.975,,
3/26/2018 17:45,14.7585,78.8,,
3/26/2018 18:00,14.7628,78.8,,
3/26/2018 18:15,14.7646,78.624,,
3/26/2018 18:30,14.7646,78.624,,
3/26/2018 18:45,14.7646,78.624,,
3/26/2018 19:00,14.7663,78.449,,
3/26/2018 19:15,14.7685,78.449,,
3/26/2018 19:30,14.7706,78.449,,
3/26/2018 19:45,14.7706,78.449,,
3/26/2018 20:00,14.7727,78.449,,
3/26/2018 20:15,14.7748,78.449,,
3/26/2018 20:30,14.7744,78.274,,
3/26/2018 20:45,14.7766,78.274,,
3/26/2018 21:00,14.7766,78.274,,
3/26/2018 21:15,14.7788,78.274,,
3/26/2018 21:30,14.7783,78.098,,
3/26/2018 21:45,14.7783,78.098,,
3/26/2018 22:00,14.7762,78.098,,
3/26/2018 22:15,14.7762,78.098,,
3/26/2018 22:30,14.7757,77.923,,
3/26/2018 22:45,14.7757,77.923,,
3/26/2018 23:00,14.7757,77.923,,
3/26/2018 23:15,14.7757,77.923,,
3/26/2018 23:30,14.7757,77.923,,
3/26/2018 23:45,14.7731,77.749,,
3/27/2018 0:00,14.7731,77.749,,
3/27/2018 0:15,14.7688,77.749,,
3/27/2018 0:30,14.7688,77.749,,
3/27/2018 0:45,14.7688,77.749,,
3/27/2018 1:00,14.7666,77.749,,
3/27/2018 1:15,14.7601,77.749,,
3/27/2018 1:30,14.7596,77.574,,
3/27/2018 1:45,14.7618,77.574,,
3/27/2018 2:00,14.7596,77.574,,
3/27/2018 2:15,14.7574,77.574,,
3/27/2018 2:30,14.7553,77.574,,
3/27/2018 2:45,14.7553,77.574,,
3/27/2018 3:00,14.7531,77.574,,
3/27/2018 3:15,14.7531,77.574,,
3/27/2018 3:30,14.7531,77.574,,
3/27/2018 3:45,14.7531,77.574,,
3/27/2018 4:00,14.7531,77.574,,
3/27/2018 4:15,14.7531,77.574,,
3/27/2018 4:30,14.7574,77.574,,
3/27/2018 4:45,14.7592,77.4,,
3/27/2018 5:00,14.7592,77.4,,
3/27/2018 5:15,14.757,77.4,,
3/27/2018 5:30,14.757,77.4,,
3/27/2018 5:45,14.7592,77.4,,
3/27/2018 6:00,14.7634,77.4,,
3/27/2018 6:15,14.7677,77.4,,
3/27/2018 6:30,14.7699,77.4,,
3/27/2018 6:45,14.7721,77.4,,
3/27/2018 7:00,14.7764,77.4,,
3/27/2018 7:15,14.7808,77.4,,
3/27/2018 7:30,14.783,77.4,,
3/27/2018 7:45,14.7851,77.4,,
3/27/2018 8:00,14.7878,77.574,,
3/27/2018 8:15,14.7921,77.574,,
3/27/2018 8:30,14.7965,77.574,,
3/27/2018 8:45,14.803,77.574,,
3/27/2018 9:00,14.8073,77.574,,
3/27/2018 9:15,14.8073,77.574,,
3/27/2018 9:30,14.8176,77.4,,
3/27/2018 9:45,14.8568,77.4,,
3/27/2018 10:00,14.8503,77.4,,
3/27/2018 10:15,14.8437,77.4,,
3/27/2018 10:30,14.8359,77.749,,
3/27/2018 10:45,14.8294,77.749,,
3/27/2018 11:00,14.8213,77.923,,
3/27/2018 11:15,14.8191,77.923,,
3/27/2018 11:30,14.8147,77.923,,
3/27/2018 11:45,14.8049,78.274,,
3/27/2018 12:00,14.7966,78.449,,
3/27/2018 12:15,14.7923,78.449,,
3/27/2018 12:30,14.7867,78.8,,
3/27/2018 12:45,14.7833,79.151,,
3/27/2018 13:00,14.773,79.326,,
3/27/2018 13:15,14.7673,79.678,,
3/27/2018 13:30,14.7664,79.326,,
3/27/2018 13:45,14.7647,79.502,,
3/27/2018 14:00,14.7608,79.678,,
3/27/2018 14:15,14.7586,79.678,,
3/27/2018 14:30,14.7586,79.678,,
3/27/2018 14:45,14.7586,79.678,,
3/27/2018 15:00,14.7556,79.326,,
3/27/2018 15:15,14.7534,79.326,,
3/27/2018 15:30,14.7512,79.326,,
3/27/2018 15:45,14.7486,79.151,,
3/27/2018 16:00,14.7529,79.151,,
3/27/2018 16:15,14.7508,79.151,,
3/27/2018 16:30,14.7556,79.326,,
3/27/2018 16:45,14.7573,79.151,,
3/27/2018 17:00,14.7589,78.975,,
3/27/2018 17:15,14.7606,78.8,,
3/27/2018 17:30,14.7628,78.8,,
3/27/2018 17:45,14.7624,78.624,,
3/27/2018 18:00,14.7624,78.624,,
3/27/2018 18:15,14.7663,78.449,,
3/27/2018 18:30,14.7685,78.449,,
3/27/2018 18:45,14.7706,78.449,,
3/27/2018 19:00,14.7766,78.274,,
3/27/2018 19:15,14.7744,78.274,,
3/27/2018 19:30,14.7788,78.274,,
3/27/2018 19:45,14.7809,78.274,,
3/27/2018 20:00,14.7827,78.098,,
3/27/2018 20:15,14.7849,78.098,,
3/27/2018 20:30,14.7827,78.098,,
3/27/2018 20:45,14.7849,78.098,,
3/27/2018 21:00,14.7892,78.098,,
3/27/2018 21:15,14.7892,78.098,,
3/27/2018 21:30,14.7908,77.923,,
3/27/2018 21:45,14.7908,77.923,,
3/27/2018 22:00,14.7888,77.923,,
3/27/2018 22:15,14.7866,77.923,,
3/27/2018 22:30,14.7866,77.923,,
3/27/2018 22:45,14.7866,77.923,,
3/27/2018 23:00,14.7822,77.923,,
3/27/2018 23:15,14.7796,77.749,,
3/27/2018 23:30,14.7796,77.749,,
3/27/2018 23:45,14.7775,77.749,,
3/28/2018 0:00,14.7775,77.749,,
3/28/2018 0:15,14.7796,77.749,,
3/28/2018 0:30,14.7775,77.749,,
3/28/2018 0:45,14.7817,77.749,,
3/28/2018 1:00,14.7731,77.749,,
3/28/2018 1:15,14.7709,77.749,,
3/28/2018 1:30,14.7731,77.749,,
3/28/2018 1:45,14.7753,77.749,,
3/28/2018 2:00,14.7688,77.749,,
3/28/2018 2:15,14.7688,77.749,,
3/28/2018 2:30,14.7666,77.749,,
3/28/2018 2:45,14.7618,77.574,,
3/28/2018 3:00,14.764,77.574,,
3/28/2018 3:15,14.7661,77.574,,
3/28/2018 3:30,14.7683,77.574,,
3/28/2018 3:45,14.7704,77.574,,
3/28/2018 4:00,14.7683,77.574,,
3/28/2018 4:15,14.7704,77.574,,
3/28/2018 4:30,14.7743,77.4,,
3/28/2018 4:45,14.7764,77.4,,
3/28/2018 5:00,14.7743,77.4,,
3/28/2018 5:15,14.7743,77.4,,
3/28/2018 5:30,14.7743,77.4,,
3/28/2018 5:45,14.7764,77.4,,
3/28/2018 6:00,14.7786,77.4,,
3/28/2018 6:15,14.7808,77.4,,
3/28/2018 6:30,14.783,77.4,,
3/28/2018 6:45,14.783,77.4,,
3/28/2018 7:00,14.783,77.4,,
3/28/2018 7:15,14.7873,77.4,,
3/28/2018 7:30,14.7917,77.4,,
3/28/2018 7:45,14.7921,77.574,,
3/28/2018 8:00,14.7943,77.574,,
3/28/2018 8:15,14.7965,77.574,,
3/28/2018 8:30,14.7965,77.574,,
3/28/2018 8:45,14.7991,77.749,,
3/28/2018 9:00,14.8012,77.749,,
3/28/2018 9:15,14.7973,77.923,,
3/28/2018 9:30,14.8001,78.098,,
3/28/2018 9:45,14.7979,78.098,,
3/28/2018 10:00,14.7983,78.274,,
3/28/2018 10:15,14.7966,78.449,,
3/28/2018 10:30,14.7949,78.624,,
3/28/2018 10:45,14.7953,78.8,,
3/28/2018 11:00,14.7953,78.8,,
3/28/2018 11:15,14.7933,78.8,,
3/28/2018 11:30,14.7894,78.975,,
3/28/2018 11:45,14.7872,78.975,,
3/28/2018 12:00,14.7833,79.151,,
3/28/2018 12:15,14.7872,78.975,,
3/28/2018 12:30,14.7828,78.975,,
3/28/2018 12:45,14.7756,79.502,,
3/28/2018 13:00,14.7778,79.502,,
3/28/2018 13:15,14.7746,79.151,,
3/28/2018 13:30,14.7724,79.151,,
3/28/2018 13:45,14.7702,79.151,,
3/28/2018 14:00,14.7669,79.502,,
3/28/2018 14:15,14.7661,80.029,,
3/28/2018 14:30,14.7651,79.678,,
3/28/2018 14:45,14.763,79.678,,
3/28/2018 15:00,14.763,79.678,,
3/28/2018 15:15,14.7625,79.502,,
3/28/2018 15:30,14.7586,79.678,,
3/28/2018 15:45,14.757,79.853,,
3/28/2018 16:00,14.7548,79.853,,
3/28/2018 16:15,14.7544,79.678,,
3/28/2018 16:30,14.7538,79.502,,
3/28/2018 16:45,14.7556,79.326,,
3/28/2018 17:00,14.7551,79.151,,
3/28/2018 17:15,14.7541,78.8,,
3/28/2018 17:30,14.7585,78.8,,
3/28/2018 17:45,14.758,78.624,,
3/28/2018 18:00,14.7624,78.624,,
3/28/2018 18:15,14.7663,78.449,,
3/28/2018 18:30,14.7685,78.449,,
3/28/2018 18:45,14.7706,78.449,,
3/28/2018 19:00,14.7722,78.274,,
3/28/2018 19:15,14.7744,78.274,,
3/28/2018 19:30,14.7722,78.274,,
3/28/2018 19:45,14.774,78.098,,
3/28/2018 20:00,14.7783,78.098,,
3/28/2018 20:15,14.7762,78.098,,
3/28/2018 20:30,14.7801,77.923,,
3/28/2018 20:45,14.7822,77.923,,
3/28/2018 21:00,14.7844,77.923,,
3/28/2018 21:15,14.786,77.749,,
3/28/2018 21:30,14.7882,77.749,,
3/28/2018 21:45,14.7882,77.749,,
3/28/2018 22:00,14.7925,77.749,,
3/28/2018 22:15,14.7921,77.574,,
3/28/2018 22:30,14.7921,77.574,,
3/28/2018 22:45,14.7943,77.574,,
3/28/2018 23:00,14.7943,77.574,,
3/28/2018 23:15,14.8026,77.4,,
3/28/2018 23:30,14.8026,77.4,,
3/28/2018 23:45,14.8026,77.4,,
3/29/2018 0:00,14.8004,77.4,,
3/29/2018 0:15,14.796,77.4,,
3/29/2018 0:30,14.7956,77.225,,
3/29/2018 0:45,14.7956,77.225,,
3/29/2018 1:00,14.7912,77.225,,
3/29/2018 1:15,14.7891,77.225,,
3/29/2018 1:30,14.7869,77.225,,
3/29/2018 1:45,14.7825,77.225,,
3/29/2018 2:00,14.7825,77.225,,
3/29/2018 2:15,14.7847,77.225,,
3/29/2018 2:30,14.7825,77.225,,
3/29/2018 2:45,14.7825,77.225,,
3/29/2018 3:00,14.7778,77.05,,
3/29/2018 3:15,14.7756,77.05,,
3/29/2018 3:30,14.7778,77.05,,
3/29/2018 3:45,14.7734,77.05,,
3/29/2018 4:00,14.7756,77.05,,
3/29/2018 4:15,14.7799,77.05,,
3/29/2018 4:30,14.7756,77.05,,
3/29/2018 4:45,14.7756,77.05,,
3/29/2018 5:00,14.7734,77.05,,
3/29/2018 5:15,14.7756,77.05,,
3/29/2018 5:30,14.7778,77.05,,
3/29/2018 5:45,14.7821,77.05,,
3/29/2018 6:00,14.7865,77.05,,
3/29/2018 6:15,14.7859,76.876,,
3/29/2018 6:30,14.7859,76.876,,
3/29/2018 6:45,14.7859,76.876,,
3/29/2018 7:00,14.7902,76.876,,
3/29/2018 7:15,14.7924,76.876,,
3/29/2018 7:30,14.795,77.05,,
3/29/2018 7:45,14.795,77.05,,
3/29/2018 8:00,14.8015,77.05,,
3/29/2018 8:15,14.7972,77.05,,
3/29/2018 8:30,14.7978,77.225,,
3/29/2018 8:45,14.7982,77.4,,
3/29/2018 9:00,14.8008,77.574,,
3/29/2018 9:15,14.8012,77.749,,
3/29/2018 9:30,14.8017,77.923,,
3/29/2018 9:45,14.8001,78.098,,
3/29/2018 10:00,14.7979,78.098,,
3/29/2018 10:15,14.801,78.449,,
3/29/2018 10:30,14.8018,78.8,,
3/29/2018 10:45,14.7981,78.975,,
3/29/2018 11:00,14.7941,79.151,,
3/29/2018 11:15,14.7946,79.326,,
3/29/2018 11:30,14.795,79.502,,
3/29/2018 11:45,14.7917,79.853,,
3/29/2018 12:00,14.7905,80.206,,
3/29/2018 12:15,14.7856,80.029,,
3/29/2018 12:30,14.7822,80.382,,
3/29/2018 12:45,14.7811,80.735,,
3/29/2018 13:00,14.775,80.911,,
3/29/2018 13:15,14.7738,81.266,,
3/29/2018 13:30,14.7717,81.266,,
3/29/2018 13:45,14.7725,81.621,,
3/29/2018 14:00,14.7688,81.797,,
3/29/2018 14:15,14.7666,81.797,,
3/29/2018 14:30,14.7638,81.621,,
3/29/2018 14:45,14.7612,81.442,,
3/29/2018 15:00,14.7608,81.266,,
3/29/2018 15:15,14.7603,81.09,,
3/29/2018 15:30,14.7554,80.911,,
3/29/2018 15:45,14.755,80.735,,
3/29/2018 16:00,14.7528,80.735,,
3/29/2018 16:15,14.7545,80.559,,
3/29/2018 16:30,14.7541,80.382,,
3/29/2018 16:45,14.7535,80.206,,
3/29/2018 17:00,14.7553,80.029,,
3/29/2018 17:15,14.757,79.853,,
3/29/2018 17:30,14.7586,79.678,,
3/29/2018 17:45,14.7625,79.502,,
3/29/2018 18:00,14.7669,79.502,,
3/29/2018 18:15,14.7686,79.326,,
3/29/2018 18:30,14.7708,79.326,,
3/29/2018 18:45,14.7724,79.151,,
3/29/2018 19:00,14.7767,79.151,,
3/29/2018 19:15,14.7741,78.975,,
3/29/2018 19:30,14.7763,78.975,,
3/29/2018 19:45,14.778,78.8,,
3/29/2018 20:00,14.7824,78.8,,
3/29/2018 20:15,14.7862,78.624,,
3/29/2018 20:30,14.7862,78.624,,
3/29/2018 20:45,14.7905,78.624,,
3/29/2018 21:00,14.7923,78.449,,
3/29/2018 21:15,14.7944,78.449,,
3/29/2018 21:30,14.7962,78.274,,
3/29/2018 21:45,14.7962,78.274,,
3/29/2018 22:00,14.7979,78.098,,
3/29/2018 22:15,14.7979,78.098,,
3/29/2018 22:30,14.7979,78.098,,
3/29/2018 22:45,14.7973,77.923,,
3/29/2018 23:00,14.7952,77.923,,
3/29/2018 23:15,14.7969,77.749,,
3/29/2018 23:30,14.7947,77.749,,
3/29/2018 23:45,14.7925,77.749,,
3/30/2018 0:00,14.7943,77.574,,
3/30/2018 0:15,14.7943,77.574,,
3/30/2018 0:30,14.7921,77.574,,
3/30/2018 0:45,14.7921,77.574,,
3/30/2018 1:00,14.7917,77.4,,
3/30/2018 1:15,14.7895,77.4,,
3/30/2018 1:30,14.7895,77.4,,
3/30/2018 1:45,14.7847,77.225,,
3/30/2018 2:00,14.7825,77.225,,
3/30/2018 2:15,14.7821,77.05,,
3/30/2018 2:30,14.7799,77.05,,
3/30/2018 2:45,14.7821,77.05,,
3/30/2018 3:00,14.7821,77.05,,
3/30/2018 3:15,14.7773,76.876,,
3/30/2018 3:30,14.7751,76.876,,
3/30/2018 3:45,14.7773,76.876,,
3/30/2018 4:00,14.7789,76.703,,
3/30/2018 4:15,14.7789,76.703,,
3/30/2018 4:30,14.7811,76.703,,
3/30/2018 4:45,14.7785,76.528,,
3/30/2018 5:00,14.7785,76.528,,
3/30/2018 5:15,14.7828,76.528,,
3/30/2018 5:30,14.785,76.528,,
3/30/2018 5:45,14.7846,76.354,,
3/30/2018 6:00,14.7846,76.354,,
3/30/2018 6:15,14.7889,76.354,,
3/30/2018 6:30,14.7911,76.354,,
3/30/2018 6:45,14.795,76.181,,
3/30/2018 7:00,14.797,76.181,,
3/30/2018 7:15,14.797,76.181,,
3/30/2018 7:30,14.797,76.181,,
3/30/2018 7:45,14.8014,76.181,,
3/30/2018 8:00,14.8014,76.181,,
3/30/2018 8:15,14.8036,76.181,,
3/30/2018 8:30,14.804,76.354,,
3/30/2018 8:45,14.8089,76.528,,
3/30/2018 9:00,14.8094,76.703,,
3/30/2018 9:15,14.8076,76.876,,
3/30/2018 9:30,14.8085,77.225,,
3/30/2018 9:45,14.8069,77.4,,
3/30/2018 10:00,14.8073,77.574,,
3/30/2018 10:15,14.8089,77.4,,
3/30/2018 10:30,14.8052,77.574,,
3/30/2018 10:45,14.806,77.923,,
3/30/2018 11:00,14.8031,78.449,,
3/30/2018 11:15,14.8014,78.624,,
3/30/2018 11:30,14.7937,78.975,,
3/30/2018 11:45,14.7941,79.151,,
3/30/2018 12:00,14.7889,78.8,,
3/30/2018 12:15,14.7825,79.678,,
3/30/2018 12:30,14.7828,78.975,,
3/30/2018 12:45,14.778,78.8,,
3/30/2018 13:00,14.7763,78.975,,
3/30/2018 13:15,14.7708,79.326,,
3/30/2018 13:30,14.7664,79.326,,
3/30/2018 13:45,14.764,80.029,,
3/30/2018 14:00,14.7661,80.029,,
3/30/2018 14:15,14.7635,79.853,,
3/30/2018 14:30,14.7614,79.853,,
3/30/2018 14:45,14.7582,79.502,,
3/30/2018 15:00,14.7582,79.502,,
3/30/2018 15:15,14.7556,79.326,,
3/30/2018 15:30,14.7595,79.151,,
3/30/2018 15:45,14.7556,79.326,,
3/30/2018 16:00,14.7547,78.975,,
3/30/2018 16:15,14.7525,78.975,,
3/30/2018 16:30,14.7525,78.975,,
3/30/2018 16:45,14.7541,78.8,,
3/30/2018 17:00,14.7558,78.624,,
3/30/2018 17:15,14.7554,78.449,,
3/30/2018 17:30,14.755,78.274,,
3/30/2018 17:45,14.7566,78.098,,
3/30/2018 18:00,14.7588,78.098,,
3/30/2018 18:15,14.7605,77.923,,
3/30/2018 18:30,14.7648,77.923,,
3/30/2018 18:45,14.7644,77.749,,
3/30/2018 19:00,14.7688,77.749,,
3/30/2018 19:15,14.7688,77.749,,
3/30/2018 19:30,14.7704,77.574,,
3/30/2018 19:45,14.7747,77.574,,
3/30/2018 20:00,14.7769,77.574,,
3/30/2018 20:15,14.7791,77.574,,
3/30/2018 20:30,14.7808,77.4,,
3/30/2018 20:45,14.783,77.4,,
3/30/2018 21:00,14.7851,77.4,,
3/30/2018 21:15,14.7869,77.225,,
3/30/2018 21:30,14.7869,77.225,,
3/30/2018 21:45,14.7869,77.225,,
3/30/2018 22:00,14.7891,77.225,,
3/30/2018 22:15,14.7928,77.05,,
3/30/2018 22:30,14.7928,77.05,,
3/30/2018 22:45,14.7928,77.05,,
3/30/2018 23:00,14.7902,76.876,,
3/30/2018 23:15,14.7924,76.876,,
3/30/2018 23:30,14.7902,76.876,,
3/30/2018 23:45,14.788,76.876,,
3/31/2018 0:00,14.7876,76.703,,
3/31/2018 0:15,14.7833,76.703,,
3/31/2018 0:30,14.7854,76.703,,
3/31/2018 0:45,14.785,76.528,,
3/31/2018 1:00,14.7807,76.528,,
3/31/2018 1:15,14.7785,76.528,,
3/31/2018 1:30,14.7785,76.528,,
3/31/2018 1:45,14.778,76.354,,
3/31/2018 2:00,14.7759,76.354,,
3/31/2018 2:15,14.7715,76.354,,
3/31/2018 2:30,14.7711,76.181,,
3/31/2018 2:45,14.7689,76.181,,
3/31/2018 3:00,14.7689,76.181,,
3/31/2018 3:15,14.7663,76.006,,
3/31/2018 3:30,14.7663,76.006,,
3/31/2018 3:45,14.7619,76.006,,
3/31/2018 4:00,14.7619,76.006,,
3/31/2018 4:15,14.7659,75.832,,
3/31/2018 4:30,14.7637,75.832,,
3/31/2018 4:45,14.7659,75.832,,
3/31/2018 5:00,14.768,75.832,,
3/31/2018 5:15,14.7698,75.659,,
3/31/2018 5:30,14.7719,75.659,,
3/31/2018 5:45,14.7741,75.659,,
3/31/2018 6:00,14.7741,75.659,,
3/31/2018 6:15,14.7735,75.484,,
3/31/2018 6:30,14.7801,75.484,,
3/31/2018 6:45,14.7801,75.484,,
3/31/2018 7:00,14.7822,75.484,,
3/31/2018 7:15,14.7866,75.484,,
3/31/2018 7:30,14.7866,75.484,,
3/31/2018 7:45,14.7888,75.484,,
3/31/2018 8:00,14.7909,75.484,,
3/31/2018 8:15,14.7931,75.484,,
3/31/2018 8:30,14.7914,75.659,,
3/31/2018 8:45,14.7962,75.832,,
3/31/2018 9:00,14.7988,76.006,,
3/31/2018 9:15,14.7998,76.354,,
3/31/2018 9:30,14.8002,76.528,,
3/31/2018 9:45,14.7968,76.876,,
3/31/2018 10:00,14.7972,77.05,,
3/31/2018 10:15,14.796,77.4,,
3/31/2018 10:30,14.7947,77.749,,
3/31/2018 10:45,14.7936,78.098,,
3/31/2018 11:00,14.7918,78.274,,
3/31/2018 11:15,14.7905,78.624,,
3/31/2018 11:30,14.7872,78.975,,
3/31/2018 11:45,14.7815,79.326,,
3/31/2018 12:00,14.7804,79.678,,
3/31/2018 12:15,14.7743,79.853,,
3/31/2018 12:30,14.7709,80.206,,
3/31/2018 12:45,14.7692,80.382,,
3/31/2018 13:00,14.7632,80.559,,
3/31/2018 13:15,14.7625,81.09,,
3/31/2018 13:30,14.7603,81.09,,
3/31/2018 13:45,14.7564,81.266,,
3/31/2018 14:00,14.7569,81.442,,
3/31/2018 14:15,14.756,81.09,,
3/31/2018 14:30,14.7511,80.911,,
3/31/2018 14:45,14.7516,81.09,,
3/31/2018 15:00,14.7499,81.266,,
3/31/2018 15:15,14.7499,81.266,,
3/31/2018 15:30,14.7473,81.09,,
3/31/2018 15:45,14.7463,80.735,,
3/31/2018 16:00,14.748,80.559,,
3/31/2018 16:15,14.7492,80.206,,
3/31/2018 16:30,14.7487,80.029,,
3/31/2018 16:45,14.7457,79.678,,
3/31/2018 17:00,14.7473,79.502,,
3/31/2018 17:15,14.7469,79.326,,
3/31/2018 17:30,14.7486,79.151,,
3/31/2018 17:45,14.7503,78.975,,
3/31/2018 18:00,14.7525,78.975,,
3/31/2018 18:15,14.7563,78.8,,
3/31/2018 18:30,14.7558,78.624,,
3/31/2018 18:45,14.758,78.624,,
3/31/2018 19:00,14.7576,78.449,,
3/31/2018 19:15,14.7619,78.449,,
3/31/2018 19:30,14.7663,78.449,,
3/31/2018 19:45,14.7701,78.274,,
3/31/2018 20:00,14.7701,78.274,,
3/31/2018 20:15,14.7701,78.274,,
3/31/2018 20:30,14.7744,78.274,,
3/31/2018 20:45,14.7783,78.098,,
3/31/2018 21:00,14.7762,78.098,,
3/31/2018 21:15,14.7805,78.098,,
3/31/2018 21:30,14.7822,77.923,,
3/31/2018 21:45,14.7801,77.923,,
3/31/2018 22:00,14.7822,77.923,,
3/31/2018 22:15,14.7822,77.923,,
3/31/2018 22:30,14.7844,77.923,,
3/31/2018 22:45,14.7822,77.923,,
3/31/2018 23:00,14.7817,77.749,,
3/31/2018 23:15,14.7817,77.749,,
3/31/2018 23:30,14.7796,77.749,,
3/31/2018 23:45,14.7817,77.749,,
4/1/2018 0:00,14.7796,77.749,,
4/1/2018 0:15,14.7791,77.574,,
4/1/2018 0:30,14.7769,77.574,,
4/1/2018 0:45,14.7769,77.574,,
4/1/2018 1:00,14.7747,77.574,,
4/1/2018 1:15,14.7725,77.574,,
4/1/2018 1:30,14.7704,77.574,,
4/1/2018 1:45,14.7683,77.574,,
4/1/2018 2:00,14.7661,77.574,,
4/1/2018 2:15,14.7634,77.4,,
4/1/2018 2:30,14.7634,77.4,,
4/1/2018 2:45,14.7634,77.4,,
4/1/2018 3:00,14.7634,77.4,,
4/1/2018 3:15,14.7634,77.4,,
4/1/2018 3:30,14.7634,77.4,,
4/1/2018 3:45,14.7651,77.225,,
4/1/2018 4:00,14.7651,77.225,,
4/1/2018 4:15,14.7651,77.225,,
4/1/2018 4:30,14.763,77.225,,
4/1/2018 4:45,14.7608,77.225,,
4/1/2018 5:00,14.7625,77.05,,
4/1/2018 5:15,14.7647,77.05,,
4/1/2018 5:30,14.7669,77.05,,
4/1/2018 5:45,14.7647,77.05,,
4/1/2018 6:00,14.7669,77.05,,
4/1/2018 6:15,14.769,77.05,,
4/1/2018 6:30,14.7708,76.876,,
4/1/2018 6:45,14.773,76.876,,
4/1/2018 7:00,14.7751,76.876,,
4/1/2018 7:15,14.7773,76.876,,
4/1/2018 7:30,14.7799,77.05,,
4/1/2018 7:45,14.7821,77.05,,
4/1/2018 8:00,14.7821,77.05,,
4/1/2018 8:15,14.7843,77.05,,
4/1/2018 8:30,14.7886,77.05,,
4/1/2018 8:45,14.7895,77.4,,
4/1/2018 9:00,14.7899,77.574,,
4/1/2018 9:15,14.7925,77.749,,
4/1/2018 9:30,14.7908,77.923,,
4/1/2018 9:45,14.7904,77.749,,
4/1/2018 10:00,14.7882,77.749,,
4/1/2018 10:15,14.7875,78.274,,
4/1/2018 10:30,14.7879,78.449,,
4/1/2018 10:45,14.7853,78.274,,
4/1/2018 11:00,14.7836,78.449,,
4/1/2018 11:15,14.7814,78.449,,
4/1/2018 11:30,14.7776,78.624,,
4/1/2018 11:45,14.7754,78.624,,
4/1/2018 12:00,14.7706,78.449,,
4/1/2018 12:15,14.7667,78.624,,
4/1/2018 12:30,14.766,79.151,,
4/1/2018 12:45,14.7654,78.975,,
4/1/2018 13:00,14.7643,79.326,,
4/1/2018 13:15,14.7605,80.382,,
4/1/2018 13:30,14.7567,80.559,,
4/1/2018 13:45,14.7554,80.911,,
4/1/2018 14:00,14.755,80.735,,
4/1/2018 14:15,14.7532,80.911,,
4/1/2018 14:30,14.7509,81.621,,
4/1/2018 14:45,14.7492,81.797,,
4/1/2018 15:00,14.746,81.442,,
4/1/2018 15:15,14.7456,81.266,,
4/1/2018 15:30,14.7434,81.266,,
4/1/2018 15:45,14.7425,80.911,,
4/1/2018 16:00,14.7437,80.559,,
4/1/2018 16:15,14.7415,80.559,,
4/1/2018 16:30,14.7422,80.029,,
4/1/2018 16:45,14.744,79.853,,
4/1/2018 17:00,14.7479,79.678,,
4/1/2018 17:15,14.7473,79.502,,
4/1/2018 17:30,14.749,79.326,,
4/1/2018 17:45,14.7512,79.326,,
4/1/2018 18:00,14.7529,79.151,,
4/1/2018 18:15,14.7551,79.151,,
4/1/2018 18:30,14.7547,78.975,,
4/1/2018 18:45,14.7585,78.8,,
4/1/2018 19:00,14.7606,78.8,,
4/1/2018 19:15,14.7624,78.624,,
4/1/2018 19:30,14.7646,78.624,,
4/1/2018 19:45,14.7663,78.449,,
4/1/2018 20:00,14.7663,78.449,,
4/1/2018 20:15,14.7706,78.449,,
4/1/2018 20:30,14.7722,78.274,,
4/1/2018 20:45,14.7744,78.274,,
4/1/2018 21:00,14.7766,78.274,,
4/1/2018 21:15,14.7766,78.274,,
4/1/2018 21:30,14.7783,78.098,,
4/1/2018 21:45,14.7805,78.098,,
4/1/2018 22:00,14.7801,77.923,,
4/1/2018 22:15,14.7801,77.923,,
4/1/2018 22:30,14.7779,77.923,,
4/1/2018 22:45,14.7775,77.749,,
4/1/2018 23:00,14.7796,77.749,,
4/1/2018 23:15,14.7796,77.749,,
4/1/2018 23:30,14.7791,77.574,,
4/1/2018 23:45,14.7812,77.574,,
4/2/2018 0:00,14.7812,77.574,,
4/2/2018 0:15,14.7812,77.574,,
4/2/2018 0:30,14.7764,77.4,,
4/2/2018 0:45,14.7764,77.4,,
4/2/2018 1:00,14.7721,77.4,,
4/2/2018 1:15,14.7651,77.225,,
4/2/2018 1:30,14.7651,77.225,,
4/2/2018 1:45,14.7586,77.225,,
4/2/2018 2:00,14.7586,77.225,,
4/2/2018 2:15,14.756,77.05,,
4/2/2018 2:30,14.756,77.05,,
4/2/2018 2:45,14.7495,77.05,,
4/2/2018 3:00,14.7495,77.05,,
4/2/2018 3:15,14.7469,76.876,,
4/2/2018 3:30,14.7469,76.876,,
4/2/2018 3:45,14.7512,76.876,,
4/2/2018 4:00,14.7512,76.876,,
4/2/2018 4:15,14.749,76.876,,
4/2/2018 4:30,14.7447,76.876,,
4/2/2018 4:45,14.7464,76.703,,
4/2/2018 5:00,14.7464,76.703,,
4/2/2018 5:15,14.7464,76.703,,
4/2/2018 5:30,14.7442,76.703,,
4/2/2018 5:45,14.7486,76.703,,
4/2/2018 6:00,14.7508,76.703,,
4/2/2018 6:15,14.7525,76.528,,
4/2/2018 6:30,14.7547,76.528,,
4/2/2018 6:45,14.759,76.528,,
4/2/2018 7:00,14.7612,76.528,,
4/2/2018 7:15,14.7634,76.528,,
4/2/2018 7:30,14.766,76.703,,
4/2/2018 7:45,14.766,76.703,,
4/2/2018 8:00,14.7704,76.703,,
4/2/2018 8:15,14.7725,76.703,,
4/2/2018 8:30,14.773,76.876,,
4/2/2018 8:45,14.7734,77.05,,
4/2/2018 9:00,14.7743,77.4,,
4/2/2018 9:15,14.7764,77.4,,
4/2/2018 9:30,14.7747,77.574,,
4/2/2018 9:45,14.7753,77.749,,
4/2/2018 10:00,14.7753,77.749,,
4/2/2018 10:15,14.7757,77.923,,
4/2/2018 10:30,14.7748,78.449,,
4/2/2018 10:45,14.7737,78.8,,
4/2/2018 11:00,14.7702,79.151,,
4/2/2018 11:15,14.7686,79.326,,
4/2/2018 11:30,14.7661,80.029,,
4/2/2018 11:45,14.7627,80.382,,
4/2/2018 12:00,14.7615,80.735,,
4/2/2018 12:15,14.7603,81.09,,
4/2/2018 12:30,14.7569,81.442,,
4/2/2018 12:45,14.7525,81.442,,
4/2/2018 13:00,14.7516,81.09,,
4/2/2018 13:15,14.7473,81.09,,
4/2/2018 13:30,14.7466,81.621,,
4/2/2018 13:45,14.7444,81.621,,
4/2/2018 14:00,14.7444,81.621,,
4/2/2018 14:15,14.7389,81.975,,
4/2/2018 14:30,14.7383,81.797,,
4/2/2018 14:45,14.7318,81.797,,
4/2/2018 15:00,14.7292,81.621,,
4/2/2018 15:15,14.727,81.621,,
4/2/2018 15:30,14.7266,81.442,,
4/2/2018 15:45,14.7222,81.442,,
4/2/2018 16:00,14.7239,81.266,,
4/2/2018 16:15,14.7234,81.09,,
4/2/2018 16:30,14.7247,80.735,,
4/2/2018 16:45,14.7258,80.382,,
4/2/2018 17:00,14.7293,80.029,,
4/2/2018 17:15,14.7283,79.678,,
4/2/2018 17:30,14.7322,79.502,,
4/2/2018 17:45,14.7338,79.326,,
4/2/2018 18:00,14.7338,79.326,,
4/2/2018 18:15,14.7355,79.151,,
4/2/2018 18:30,14.7377,79.151,,
4/2/2018 18:45,14.7395,78.975,,
4/2/2018 19:00,14.7395,78.975,,
4/2/2018 19:15,14.7416,78.975,,
4/2/2018 19:30,14.7456,78.8,,
4/2/2018 19:45,14.7456,78.8,,
4/2/2018 20:00,14.7498,78.8,,
4/2/2018 20:15,14.7515,78.624,,
4/2/2018 20:30,14.7515,78.624,,
4/2/2018 20:45,14.758,78.624,,
4/2/2018 21:00,14.7646,78.624,,
4/2/2018 21:15,14.7641,78.449,,
4/2/2018 21:30,14.7641,78.449,,
4/2/2018 21:45,14.7685,78.449,,
4/2/2018 22:00,14.7679,78.274,,
4/2/2018 22:15,14.7679,78.274,,
4/2/2018 22:30,14.7679,78.274,,
4/2/2018 22:45,14.7657,78.274,,
4/2/2018 23:00,14.7675,78.098,,
4/2/2018 23:15,14.7609,78.098,,
4/2/2018 23:30,14.7609,78.098,,
4/2/2018 23:45,14.7588,78.098,,
4/3/2018 0:00,14.7605,77.923,,
4/3/2018 0:15,14.7583,77.923,,
4/3/2018 0:30,14.7583,77.923,,
4/3/2018 0:45,14.7583,77.923,,
4/3/2018 1:00,14.7557,77.749,,
4/3/2018 1:15,14.7535,77.749,,
4/3/2018 1:30,14.7492,77.749,,
4/3/2018 1:45,14.7448,77.749,,
4/3/2018 2:00,14.7379,77.574,,
4/3/2018 2:15,14.74,77.574,,
4/3/2018 2:30,14.7379,77.574,,
4/3/2018 2:45,14.7379,77.574,,
4/3/2018 3:00,14.7374,77.4,,
4/3/2018 3:15,14.7353,77.4,,
4/3/2018 3:30,14.7353,77.4,,
4/3/2018 3:45,14.7564,77.225,,
4/3/2018 4:00,14.7695,77.225,,
4/3/2018 4:15,14.7825,77.225,,
4/3/2018 4:30,14.776,77.225,,
4/3/2018 4:45,14.8189,77.05,,
4/3/2018 5:00,14.8055,76.876,,
4/3/2018 5:15,14.7924,76.876,,
4/3/2018 5:30,14.7795,76.876,,
4/3/2018 5:45,14.7708,76.876,,
4/3/2018 6:00,14.7643,76.876,,
4/3/2018 6:15,14.7599,76.876,,
4/3/2018 6:30,14.7556,76.876,,
4/3/2018 6:45,14.7534,76.876,,
4/3/2018 7:00,14.7512,76.876,,
4/3/2018 7:15,14.7534,76.876,,
4/3/2018 7:30,14.7534,76.876,,
4/3/2018 7:45,14.756,77.05,,
4/3/2018 8:00,14.7582,77.05,,
4/3/2018 8:15,14.756,77.05,,
4/3/2018 8:30,14.7608,77.225,,
4/3/2018 8:45,14.7608,77.225,,
4/3/2018 9:00,14.7592,77.4,,
4/3/2018 9:15,14.7618,77.574,,
4/3/2018 9:30,14.7627,77.923,,
4/3/2018 9:45,14.7635,78.274,,
4/3/2018 10:00,14.7663,78.449,,
4/3/2018 10:15,14.7624,78.624,,
4/3/2018 10:30,14.7638,79.151,,
4/3/2018 10:45,14.7603,79.502,,
4/3/2018 11:00,14.7548,79.853,,
4/3/2018 11:15,14.7535,80.206,,
4/3/2018 11:30,14.7519,80.382,,
4/3/2018 11:45,14.7506,80.735,,
4/3/2018 12:00,14.7463,80.735,,
4/3/2018 12:15,14.7432,80.382,,
4/3/2018 12:30,14.7444,80.029,,
4/3/2018 12:45,14.7418,79.853,,
4/3/2018 13:00,14.7392,79.678,,
4/3/2018 13:15,14.7686,79.326,,
4/3/2018 13:30,14.9538,78.8,,
4/3/2018 13:45,15.136,77.923,,
4/3/2018 14:00,15.0052,77.749,,
4/3/2018 14:15,14.9315,77.749,,
4/3/2018 14:30,14.8842,77.923,,
4/3/2018 14:45,14.8494,77.923,,
4/3/2018 15:00,14.8256,77.923,,
4/3/2018 15:15,14.8108,78.098,,
4/3/2018 15:30,14.7957,78.098,,
4/3/2018 15:45,14.7896,78.274,,
4/3/2018 16:00,14.7814,78.449,,
4/3/2018 16:15,14.7722,78.274,,
4/3/2018 16:30,14.7706,78.449,,
4/3/2018 16:45,14.7663,78.449,,
4/3/2018 17:00,14.7788,78.274,,
4/3/2018 17:15,14.7918,78.274,,
4/3/2018 17:30,14.8178,78.274,,
4/3/2018 17:45,14.9167,77.923,,
4/3/2018 18:00,14.882,77.923,,
4/3/2018 18:15,14.862,77.749,,
4/3/2018 18:30,14.8507,77.574,,
4/3/2018 18:45,14.8485,77.574,,
4/3/2018 19:00,14.8481,77.4,,
4/3/2018 19:15,14.8519,77.225,,
4/3/2018 19:30,14.8514,77.05,,
4/3/2018 19:45,14.8597,76.876,,
4/3/2018 20:00,14.8965,76.876,,
4/3/2018 20:15,14.8917,76.703,,
4/3/2018 20:30,14.8826,76.528,,
4/3/2018 20:45,14.8696,76.528,,
4/3/2018 21:00,14.8567,76.528,,
4/3/2018 21:15,14.8458,76.528,,
4/3/2018 21:30,14.8366,76.354,,
4/3/2018 21:45,14.8301,76.354,,
4/3/2018 22:00,14.8258,76.354,,
4/3/2018 22:15,14.8214,76.354,,
4/3/2018 22:30,14.8192,76.354,,
4/3/2018 22:45,14.8149,76.354,,
4/3/2018 23:00,14.8105,76.354,,
4/3/2018 23:15,14.8062,76.354,,
4/3/2018 23:30,14.802,76.354,,
4/3/2018 23:45,14.7976,76.354,,
4/4/2018 0:00,14.7933,76.354,,
4/4/2018 0:15,14.7911,76.354,,
4/4/2018 0:30,14.7867,76.354,,
4/4/2018 0:45,14.785,76.528,,
4/4/2018 1:00,14.7807,76.528,,
4/4/2018 1:15,14.7741,76.528,,
4/4/2018 1:30,14.7763,76.528,,
4/4/2018 1:45,14.7698,76.528,,
4/4/2018 2:00,14.7676,76.528,,
4/4/2018 2:15,14.7617,76.703,,
4/4/2018 2:30,14.7617,76.703,,
4/4/2018 2:45,14.7595,76.703,,
4/4/2018 3:00,14.7573,76.703,,
4/4/2018 3:15,14.7573,76.703,,
4/4/2018 3:30,14.7551,76.703,,
4/4/2018 3:45,14.7551,76.703,,
4/4/2018 4:00,14.7556,76.876,,
4/4/2018 4:15,14.7512,76.876,,
4/4/2018 4:30,14.7534,76.876,,
4/4/2018 4:45,14.7512,76.876,,
4/4/2018 5:00,14.749,76.876,,
4/4/2018 5:15,14.7512,76.876,,
4/4/2018 5:30,14.7512,76.876,,
4/4/2018 5:45,14.7534,76.876,,
4/4/2018 6:00,14.7599,76.876,,
4/4/2018 6:15,14.7577,76.876,,
4/4/2018 6:30,14.7599,76.876,,
4/4/2018 6:45,14.7599,76.876,,
4/4/2018 7:00,14.7603,77.05,,
4/4/2018 7:15,14.7669,77.05,,
4/4/2018 7:30,14.7712,77.05,,
4/4/2018 7:45,14.7738,77.225,,
4/4/2018 8:00,14.7782,77.225,,
4/4/2018 8:15,14.7782,77.225,,
4/4/2018 8:30,14.7786,77.4,,
4/4/2018 8:45,14.7743,77.4,,
4/4/2018 9:00,14.7791,77.574,,
4/4/2018 9:15,14.7812,77.574,,
4/4/2018 9:30,14.7796,77.749,,
4/4/2018 9:45,14.7817,77.749,,
4/4/2018 10:00,14.7822,77.923,,
4/4/2018 10:15,14.7831,78.274,,
4/4/2018 10:30,14.7814,78.449,,
4/4/2018 10:45,14.7824,78.8,,
4/4/2018 11:00,14.7802,78.8,,
4/4/2018 11:15,14.7767,79.151,,
4/4/2018 11:30,14.7751,79.326,,
4/4/2018 11:45,14.7734,79.502,,
4/4/2018 12:00,14.7698,78.975,,
4/4/2018 12:15,14.7651,79.678,,
4/4/2018 12:30,14.7592,79.853,,
4/4/2018 12:45,14.7601,80.206,,
4/4/2018 13:00,14.7611,80.559,,
4/4/2018 13:15,14.7596,80.029,,
4/4/2018 13:30,14.7557,80.206,,
4/4/2018 13:45,14.7541,80.382,,
4/4/2018 14:00,14.7574,80.029,,
4/4/2018 14:15,14.757,79.853,,
4/4/2018 14:30,14.7548,79.853,,
4/4/2018 14:45,14.7487,80.029,,
4/4/2018 15:00,14.7476,80.382,,
4/4/2018 15:15,14.7444,80.029,,
4/4/2018 15:30,14.7448,80.206,,
4/4/2018 15:45,14.7492,80.206,,
4/4/2018 16:00,14.747,80.206,,
4/4/2018 16:15,14.7509,80.029,,
4/4/2018 16:30,14.7505,79.853,,
4/4/2018 16:45,14.7522,79.678,,
4/4/2018 17:00,14.7538,79.502,,
4/4/2018 17:15,14.756,79.502,,
4/4/2018 17:30,14.7556,79.326,,
4/4/2018 17:45,14.7529,79.151,,
4/4/2018 18:00,14.7551,79.151,,
4/4/2018 18:15,14.7589,78.975,,
4/4/2018 18:30,14.7611,78.975,,
4/4/2018 18:45,14.765,78.8,,
4/4/2018 19:00,14.7672,78.8,,
4/4/2018 19:15,14.7737,78.8,,
4/4/2018 19:30,14.7733,78.624,,
4/4/2018 19:45,14.7754,78.624,,
4/4/2018 20:00,14.7776,78.624,,
4/4/2018 20:15,14.7754,78.624,,
4/4/2018 20:30,14.777,78.449,,
4/4/2018 20:45,14.7814,78.449,,
4/4/2018 21:00,14.7857,78.449,,
4/4/2018 21:15,14.7896,78.274,,
4/4/2018 21:30,14.7896,78.274,,
4/4/2018 21:45,14.7875,78.274,,
4/4/2018 22:00,14.787,78.098,,
4/4/2018 22:15,14.7849,78.098,,
4/4/2018 22:30,14.7827,78.098,,
4/4/2018 22:45,14.7805,78.098,,
4/4/2018 23:00,14.7822,77.923,,
4/4/2018 23:15,14.7822,77.923,,
4/4/2018 23:30,14.7822,77.923,,
4/4/2018 23:45,14.7801,77.923,,
4/5/2018 0:00,14.7796,77.749,,
4/5/2018 0:15,14.7796,77.749,,
4/5/2018 0:30,14.7753,77.749,,
4/5/2018 0:45,14.7709,77.749,,
4/5/2018 1:00,14.7709,77.749,,
4/5/2018 1:15,14.7704,77.574,,
4/5/2018 1:30,14.7683,77.574,,
4/5/2018 1:45,14.7661,77.574,,
4/5/2018 2:00,14.764,77.574,,
4/5/2018 2:15,14.7592,77.4,,
4/5/2018 2:30,14.7592,77.4,,
4/5/2018 2:45,14.7548,77.4,,
4/5/2018 3:00,14.757,77.4,,
4/5/2018 3:15,14.7548,77.4,,
4/5/2018 3:30,14.7522,77.225,,
4/5/2018 3:45,14.7543,77.225,,
4/5/2018 4:00,14.7543,77.225,,
4/5/2018 4:15,14.7543,77.225,,
4/5/2018 4:30,14.7543,77.225,,
4/5/2018 4:45,14.7586,77.225,,
4/5/2018 5:00,14.7564,77.225,,
4/5/2018 5:15,14.7564,77.225,,
4/5/2018 5:30,14.7564,77.225,,
4/5/2018 5:45,14.763,77.225,,
4/5/2018 6:00,14.763,77.225,,
4/5/2018 6:15,14.7669,77.05,,
4/5/2018 6:30,14.7669,77.05,,
4/5/2018 6:45,14.7712,77.05,,
4/5/2018 7:00,14.7717,77.225,,
4/5/2018 7:15,14.776,77.225,,
4/5/2018 7:30,14.7869,77.225,,
4/5/2018 7:45,14.7869,77.225,,
4/5/2018 8:00,14.7978,77.225,,
4/5/2018 8:15,14.8047,77.4,,
4/5/2018 8:30,14.8069,77.4,,
4/5/2018 8:45,14.816,77.574,,
4/5/2018 9:00,14.822,77.4,,
4/5/2018 9:15,14.8172,77.225,,
4/5/2018 9:30,14.8107,77.225,,
4/5/2018 9:45,14.802,77.225,,
4/5/2018 10:00,14.7978,77.225,,
4/5/2018 10:15,14.7856,77.574,,
4/5/2018 10:30,14.7831,78.274,,
4/5/2018 10:45,14.7836,78.449,,
4/5/2018 11:00,14.784,78.624,,
4/5/2018 11:15,14.784,78.624,,
4/5/2018 11:30,14.7905,78.624,,
4/5/2018 11:45,14.7846,78.8,,
4/5/2018 12:00,14.7828,78.975,,
4/5/2018 12:15,14.7778,79.502,,
4/5/2018 12:30,14.7734,79.502,,
4/5/2018 12:45,14.7702,79.151,,
4/5/2018 13:00,14.7683,80.029,,
4/5/2018 13:15,14.7661,80.029,,
4/5/2018 13:30,14.7614,79.853,,
4/5/2018 13:45,14.7574,80.029,,
4/5/2018 14:00,14.7583,80.382,,
4/5/2018 14:15,14.7567,80.559,,
4/5/2018 14:30,14.7545,80.559,,
4/5/2018 14:45,14.7524,80.559,,
4/5/2018 15:00,14.7531,80.029,,
4/5/2018 15:15,14.7483,79.853,,
4/5/2018 15:30,14.7509,80.029,,
4/5/2018 15:45,14.7544,79.678,,
4/5/2018 16:00,14.7516,79.502,,
4/5/2018 16:15,14.7538,79.502,,
4/5/2018 16:30,14.7551,79.151,,
4/5/2018 16:45,14.7569,78.975,,
4/5/2018 17:00,14.7589,78.975,,
4/5/2018 17:15,14.7602,78.624,,
4/5/2018 17:30,14.7624,78.624,,
4/5/2018 17:45,14.7624,78.624,,
4/5/2018 18:00,14.7641,78.449,,
4/5/2018 18:15,14.7685,78.449,,
4/5/2018 18:30,14.7706,78.449,,
4/5/2018 18:45,14.7701,78.274,,
4/5/2018 19:00,14.7722,78.274,,
4/5/2018 19:15,14.774,78.098,,
4/5/2018 19:30,14.774,78.098,,
4/5/2018 19:45,14.774,78.098,,
4/5/2018 20:00,14.7762,78.098,,
4/5/2018 20:15,14.7827,78.098,,
4/5/2018 20:30,14.7801,77.923,,
4/5/2018 20:45,14.7822,77.923,,
4/5/2018 21:00,14.7844,77.923,,
4/5/2018 21:15,14.7866,77.923,,
4/5/2018 21:30,14.7908,77.923,,
4/5/2018 21:45,14.793,77.923,,
4/5/2018 22:00,14.7908,77.923,,
4/5/2018 22:15,14.7866,77.923,,
4/5/2018 22:30,14.7866,77.923,,
4/5/2018 22:45,14.7882,77.749,,
4/5/2018 23:00,14.7882,77.749,,
4/5/2018 23:15,14.7904,77.749,,
4/5/2018 23:30,14.7882,77.749,,
4/5/2018 23:45,14.7904,77.749,,
4/6/2018 0:00,14.7882,77.749,,
4/6/2018 0:15,14.7882,77.749,,
4/6/2018 0:30,14.7878,77.574,,
4/6/2018 0:45,14.7812,77.574,,
4/6/2018 1:00,14.7769,77.574,,
4/6/2018 1:15,14.7769,77.574,,
4/6/2018 1:30,14.7747,77.574,,
4/6/2018 1:45,14.7704,77.574,,
4/6/2018 2:00,14.7704,77.574,,
4/6/2018 2:15,14.7704,77.574,,
4/6/2018 2:30,14.7677,77.4,,
4/6/2018 2:45,14.7699,77.4,,
4/6/2018 3:00,14.7699,77.4,,
4/6/2018 3:15,14.7699,77.4,,
4/6/2018 3:30,14.7699,77.4,,
4/6/2018 3:45,14.7699,77.4,,
4/6/2018 4:00,14.7699,77.4,,
4/6/2018 4:15,14.7699,77.4,,
4/6/2018 4:30,14.7743,77.4,,
4/6/2018 4:45,14.7764,77.4,,
4/6/2018 5:00,14.7764,77.4,,
4/6/2018 5:15,14.7764,77.4,,
4/6/2018 5:30,14.783,77.4,,
4/6/2018 5:45,14.7895,77.4,,
4/6/2018 6:00,14.8004,77.4,,
4/6/2018 6:15,14.8004,77.4,,
4/6/2018 6:30,14.8026,77.4,,
4/6/2018 6:45,14.7982,77.4,,
4/6/2018 7:00,14.796,77.4,,
4/6/2018 7:15,14.7938,77.4,,
4/6/2018 7:30,14.796,77.4,,
4/6/2018 7:45,14.7938,77.4,,
4/6/2018 8:00,14.7986,77.574,,
4/6/2018 8:15,14.8008,77.574,,
4/6/2018 8:30,14.7991,77.749,,
4/6/2018 8:45,14.7969,77.749,,
4/6/2018 9:00,14.7995,77.923,,
4/6/2018 9:15,14.8017,77.923,,
4/6/2018 9:30,14.8001,78.098,,
4/6/2018 9:45,14.801,78.449,,
4/6/2018 10:00,14.8053,78.449,,
4/6/2018 10:15,14.8014,78.624,,
4/6/2018 10:30,14.8002,78.975,,
4/6/2018 10:45,14.7937,78.975,,
4/6/2018 11:00,14.7941,79.151,,
4/6/2018 11:15,14.792,79.151,,
4/6/2018 11:30,14.7902,79.326,,
4/6/2018 11:45,14.7859,79.326,,
4/6/2018 12:00,14.7804,79.678,,
4/6/2018 12:15,14.7792,80.029,,
4/6/2018 12:30,14.7757,80.382,,
4/6/2018 12:45,14.774,80.559,,
4/6/2018 13:00,14.7702,80.735,,
4/6/2018 13:15,14.7667,81.09,,
4/6/2018 13:30,14.7651,81.266,,
4/6/2018 13:45,14.7651,81.266,,
4/6/2018 14:00,14.7637,80.735,,
4/6/2018 14:15,14.7567,80.559,,
4/6/2018 14:30,14.7598,80.911,,
4/6/2018 14:45,14.755,80.735,,
4/6/2018 15:00,14.7528,80.735,,
4/6/2018 15:15,14.7532,80.911,,
4/6/2018 15:30,14.7524,80.559,,
4/6/2018 15:45,14.7519,80.382,,
4/6/2018 16:00,14.7531,80.029,,
4/6/2018 16:15,14.7509,80.029,,
4/6/2018 16:30,14.7548,79.853,,
4/6/2018 16:45,14.75,79.678,,
4/6/2018 17:00,14.7538,79.502,,
4/6/2018 17:15,14.7577,79.326,,
4/6/2018 17:30,14.7573,79.151,,
4/6/2018 17:45,14.7589,78.975,,
4/6/2018 18:00,14.7611,78.975,,
4/6/2018 18:15,14.7628,78.8,,
4/6/2018 18:30,14.765,78.8,,
4/6/2018 18:45,14.765,78.8,,
4/6/2018 19:00,14.7689,78.624,,
4/6/2018 19:15,14.7711,78.624,,
4/6/2018 19:30,14.7754,78.624,,
4/6/2018 19:45,14.7792,78.449,,
4/6/2018 20:00,14.7792,78.449,,
4/6/2018 20:15,14.7836,78.449,,
4/6/2018 20:30,14.7857,78.449,,
4/6/2018 20:45,14.7875,78.274,,
4/6/2018 21:00,14.7896,78.274,,
4/6/2018 21:15,14.794,78.274,,
4/6/2018 21:30,14.794,78.274,,
4/6/2018 21:45,14.794,78.274,,
4/6/2018 22:00,14.7957,78.098,,
4/6/2018 22:15,14.7957,78.098,,
4/6/2018 22:30,14.7957,78.098,,
4/6/2018 22:45,14.7957,78.098,,
4/6/2018 23:00,14.7979,78.098,,
4/6/2018 23:15,14.7979,78.098,,
4/6/2018 23:30,14.7957,78.098,,
4/6/2018 23:45,14.7957,78.098,,
4/7/2018 0:00,14.7952,77.923,,
4/7/2018 0:15,14.7952,77.923,,
4/7/2018 0:30,14.793,77.923,,
4/7/2018 0:45,14.7952,77.923,,
4/7/2018 1:00,14.7973,77.923,,
4/7/2018 1:15,14.7973,77.923,,
4/7/2018 1:30,14.7973,77.923,,
4/7/2018 1:45,14.793,77.923,,
4/7/2018 2:00,14.793,77.923,,
4/7/2018 2:15,14.7888,77.923,,
4/7/2018 2:30,14.7882,77.749,,
4/7/2018 2:45,14.786,77.749,,
4/7/2018 3:00,14.7838,77.749,,
4/7/2018 3:15,14.7817,77.749,,
4/7/2018 3:30,14.7796,77.749,,
4/7/2018 3:45,14.7796,77.749,,
4/7/2018 4:00,14.7769,77.574,,
4/7/2018 4:15,14.7747,77.574,,
4/7/2018 4:30,14.7725,77.574,,
4/7/2018 4:45,14.7725,77.574,,
4/7/2018 5:00,14.7699,77.4,,
4/7/2018 5:15,14.7677,77.4,,
4/7/2018 5:30,14.7699,77.4,,
4/7/2018 5:45,14.7699,77.4,,
4/7/2018 6:00,14.7695,77.225,,
4/7/2018 6:15,14.7738,77.225,,
4/7/2018 6:30,14.7782,77.225,,
4/7/2018 6:45,14.7825,77.225,,
4/7/2018 7:00,14.7825,77.225,,
4/7/2018 7:15,14.7847,77.225,,
4/7/2018 7:30,14.7847,77.225,,
4/7/2018 7:45,14.7895,77.4,,
4/7/2018 8:00,14.7895,77.4,,
4/7/2018 8:15,14.7921,77.574,,
4/7/2018 8:30,14.7921,77.574,,
4/7/2018 8:45,14.7947,77.749,,
4/7/2018 9:00,14.7995,77.923,,
4/7/2018 9:15,14.8021,78.098,,
4/7/2018 9:30,14.7979,78.098,,
4/7/2018 9:45,14.7962,78.274,,
4/7/2018 10:00,14.7975,78.8,,
4/7/2018 10:15,14.7959,78.975,,
4/7/2018 10:30,14.7963,79.151,,
4/7/2018 10:45,14.7946,79.326,,
4/7/2018 11:00,14.7908,79.502,,
4/7/2018 11:15,14.7891,79.678,,
4/7/2018 11:30,14.7818,80.206,,
4/7/2018 11:45,14.7811,80.735,,
4/7/2018 12:00,14.7815,80.911,,
4/7/2018 12:15,14.7789,80.735,,
4/7/2018 12:30,14.775,80.911,,
4/7/2018 12:45,14.7776,81.09,,
4/7/2018 13:00,14.776,81.266,,
4/7/2018 13:15,14.7746,80.735,,
4/7/2018 13:30,14.7733,81.09,,
4/7/2018 13:45,14.7702,80.735,,
4/7/2018 14:00,14.768,80.735,,
4/7/2018 14:15,14.768,80.735,,
4/7/2018 14:30,14.7663,80.911,,
4/7/2018 14:45,14.7625,81.09,,
4/7/2018 15:00,14.7589,80.559,,
4/7/2018 15:15,14.7563,80.382,,
4/7/2018 15:30,14.7563,80.382,,
4/7/2018 15:45,14.7535,80.206,,
4/7/2018 16:00,14.7548,79.853,,
4/7/2018 16:15,14.7669,79.502,,
4/7/2018 16:30,14.7686,79.326,,
4/7/2018 16:45,14.773,79.326,,
4/7/2018 17:00,14.7795,79.326,,
4/7/2018 17:15,14.7789,79.151,,
4/7/2018 17:30,14.7763,78.975,,
4/7/2018 17:45,14.7785,78.975,,
4/7/2018 18:00,14.7802,78.8,,
4/7/2018 18:15,14.7824,78.8,,
4/7/2018 18:30,14.782,78.624,,
4/7/2018 18:45,14.782,78.624,,
4/7/2018 19:00,14.7836,78.449,,
4/7/2018 19:15,14.7836,78.449,,
4/7/2018 19:30,14.7831,78.274,,
4/7/2018 19:45,14.7809,78.274,,
4/7/2018 20:00,14.7875,78.274,,
4/7/2018 20:15,14.787,78.098,,
4/7/2018 20:30,14.7892,78.098,,
4/7/2018 20:45,14.7936,78.098,,
4/7/2018 21:00,14.7914,78.098,,
4/7/2018 21:15,14.7908,77.923,,
4/7/2018 21:30,14.793,77.923,,
4/7/2018 21:45,14.7908,77.923,,
4/7/2018 22:00,14.7908,77.923,,
4/7/2018 22:15,14.7908,77.923,,
4/7/2018 22:30,14.7866,77.923,,
4/7/2018 22:45,14.786,77.749,,
4/7/2018 23:00,14.7838,77.749,,
4/7/2018 23:15,14.786,77.749,,
4/7/2018 23:30,14.7838,77.749,,
4/7/2018 23:45,14.7817,77.749,,
4/8/2018 0:00,14.7796,77.749,,
4/8/2018 0:15,14.7769,77.574,,
4/8/2018 0:30,14.7769,77.574,,
4/8/2018 0:45,14.7747,77.574,,
4/8/2018 1:00,14.7747,77.574,,
4/8/2018 1:15,14.7747,77.574,,
4/8/2018 1:30,14.7764,77.4,,
4/8/2018 1:45,14.7764,77.4,,
4/8/2018 2:00,14.7743,77.4,,
4/8/2018 2:15,14.7721,77.4,,
4/8/2018 2:30,14.7695,77.225,,
4/8/2018 2:45,14.7695,77.225,,
4/8/2018 3:00,14.7651,77.225,,
4/8/2018 3:15,14.763,77.225,,
4/8/2018 3:30,14.7651,77.225,,
4/8/2018 3:45,14.7608,77.225,,
4/8/2018 4:00,14.7564,77.225,,
4/8/2018 4:15,14.7538,77.05,,
4/8/2018 4:30,14.7647,77.05,,
4/8/2018 4:45,14.7647,77.05,,
4/8/2018 5:00,14.769,77.05,,
4/8/2018 5:15,14.7712,77.05,,
4/8/2018 5:30,14.7821,77.05,,
4/8/2018 5:45,14.7886,77.05,,
4/8/2018 6:00,14.7907,77.05,,
4/8/2018 6:15,14.7902,76.876,,
4/8/2018 6:30,14.7902,76.876,,
4/8/2018 6:45,14.7946,76.876,,
4/8/2018 7:00,14.8098,76.876,,
4/8/2018 7:15,14.8142,76.876,,
4/8/2018 7:30,14.8098,76.876,,
4/8/2018 7:45,14.8055,76.876,,
4/8/2018 8:00,14.8011,76.876,,
4/8/2018 8:15,14.7968,76.876,,
4/8/2018 8:30,14.7963,76.703,,
4/8/2018 8:45,14.7985,76.703,,
4/8/2018 9:00,14.8094,76.703,,
4/8/2018 9:15,14.8115,76.703,,
4/8/2018 9:30,14.8137,76.703,,
4/8/2018 9:45,14.8153,76.528,,
4/8/2018 10:00,14.8175,76.528,,
4/8/2018 10:15,14.8218,76.528,,
4/8/2018 10:30,14.8284,76.528,,
4/8/2018 10:45,14.8761,76.528,,
4/8/2018 11:00,14.8974,76.354,,
4/8/2018 11:15,14.9016,76.354,,
4/8/2018 11:30,14.9142,76.181,,
4/8/2018 11:45,14.9316,76.181,,
4/8/2018 12:00,14.9554,76.181,,
4/8/2018 12:15,14.9789,76.006,,
4/8/2018 12:30,14.9654,75.832,,
4/8/2018 12:45,14.9437,75.832,,
4/8/2018 13:00,14.9219,75.832,,
4/8/2018 13:15,14.9094,76.006,,
4/8/2018 13:30,14.8942,76.006,,
4/8/2018 13:45,14.8942,76.006,,
4/8/2018 14:00,14.892,76.006,,
4/8/2018 14:15,14.9094,76.006,,
4/8/2018 14:30,14.9354,76.006,,
4/8/2018 14:45,14.9593,76.006,,
4/8/2018 15:00,14.9572,76.006,,
4/8/2018 15:15,14.9419,76.006,,
4/8/2018 15:30,14.9247,76.006,,
4/8/2018 15:45,14.8964,76.006,,
4/8/2018 16:00,14.8903,76.181,,
4/8/2018 16:15,14.8861,76.181,,
4/8/2018 16:30,14.9121,76.181,,
4/8/2018 16:45,14.9295,76.181,,
4/8/2018 17:00,14.9208,76.181,,
4/8/2018 17:15,14.9077,76.181,,
4/8/2018 17:30,14.899,76.181,,
4/8/2018 17:45,14.8947,76.181,,
4/8/2018 18:00,14.8861,76.181,,
4/8/2018 18:15,14.8774,76.181,,
4/8/2018 18:30,14.873,76.181,,
4/8/2018 18:45,14.8687,76.181,,
4/8/2018 19:00,14.8643,76.181,,
4/8/2018 19:15,14.8578,76.181,,
4/8/2018 19:30,14.8578,76.181,,
4/8/2018 19:45,14.8535,76.181,,
4/8/2018 20:00,14.8539,76.354,,
4/8/2018 20:15,14.8539,76.354,,
4/8/2018 20:30,14.8475,76.354,,
4/8/2018 20:45,14.8495,76.354,,
4/8/2018 21:00,14.8495,76.354,,
4/8/2018 21:15,14.8517,76.354,,
4/8/2018 21:30,14.8517,76.354,,
4/8/2018 21:45,14.8517,76.354,,
4/8/2018 22:00,14.8539,76.354,,
4/8/2018 22:15,14.8479,76.528,,
4/8/2018 22:30,14.8458,76.528,,
4/8/2018 22:45,14.8458,76.528,,
4/8/2018 23:00,14.8414,76.528,,
4/8/2018 23:15,14.8371,76.528,,
4/8/2018 23:30,14.8349,76.528,,
4/8/2018 23:45,14.8327,76.528,,
4/9/2018 0:00,14.8349,76.528,,
4/9/2018 0:15,14.8305,76.528,,
4/9/2018 0:30,14.8262,76.528,,
4/9/2018 0:45,14.8218,76.528,,
4/9/2018 1:00,14.8175,76.528,,
4/9/2018 1:15,14.8131,76.528,,
4/9/2018 1:30,14.8131,76.528,,
4/9/2018 1:45,14.8068,76.528,,
4/9/2018 2:00,14.8046,76.528,,
4/9/2018 2:15,14.8024,76.528,,
4/9/2018 2:30,14.7981,76.528,,
4/9/2018 2:45,14.7959,76.528,,
4/9/2018 3:00,14.7937,76.528,,
4/9/2018 3:15,14.7915,76.528,,
4/9/2018 3:30,14.7911,76.354,,
4/9/2018 3:45,14.7911,76.354,,
4/9/2018 4:00,14.7889,76.354,,
4/9/2018 4:15,14.7889,76.354,,
4/9/2018 4:30,14.7867,76.354,,
4/9/2018 4:45,14.7846,76.354,,
4/9/2018 5:00,14.7824,76.354,,
4/9/2018 5:15,14.7802,76.354,,
4/9/2018 5:30,14.7846,76.354,,
4/9/2018 5:45,14.7867,76.354,,
4/9/2018 6:00,14.7889,76.354,,
4/9/2018 6:15,14.7889,76.354,,
4/9/2018 6:30,14.7933,76.354,,
4/9/2018 6:45,14.7976,76.354,,
4/9/2018 7:00,14.7976,76.354,,
4/9/2018 7:15,14.7976,76.354,,
4/9/2018 7:30,14.7998,76.354,,
4/9/2018 7:45,14.8002,76.528,,
4/9/2018 8:00,14.8024,76.528,,
4/9/2018 8:15,14.8028,76.703,,
4/9/2018 8:30,14.805,76.703,,
4/9/2018 8:45,14.8076,76.876,,
4/9/2018 9:00,14.8076,76.876,,
4/9/2018 9:15,14.8059,77.05,,
4/9/2018 9:30,14.8102,77.05,,
4/9/2018 9:45,14.8085,77.225,,
4/9/2018 10:00,14.8047,77.4,,
4/9/2018 10:15,14.803,77.574,,
4/9/2018 10:30,14.8017,77.923,,
4/9/2018 10:45,14.8039,77.923,,
4/9/2018 11:00,14.8012,77.749,,
4/9/2018 11:15,14.7995,77.923,,
4/9/2018 11:30,14.7995,77.923,,
4/9/2018 11:45,14.8017,77.923,,
4/9/2018 12:00,14.7952,77.923,,
4/9/2018 12:15,14.7925,77.749,,
4/9/2018 12:30,14.7904,77.749,,
4/9/2018 12:45,14.7882,77.749,,
4/9/2018 13:00,14.7991,77.749,,
4/9/2018 13:15,14.7991,77.749,,
4/9/2018 13:30,14.7947,77.749,,
4/9/2018 13:45,14.7908,77.923,,
4/9/2018 14:00,14.7904,77.749,,
4/9/2018 14:15,14.8625,77.923,,
4/9/2018 14:30,14.9406,77.923,,
4/9/2018 14:45,15.2757,77.4,,
4/9/2018 15:00,15.2182,77.05,,
4/9/2018 15:15,15.1167,77.225,,
4/9/2018 15:30,15.0364,77.225,,
4/9/2018 15:45,14.9653,77.4,,
4/9/2018 16:00,14.9348,77.4,,
4/9/2018 16:15,14.9109,77.4,,
4/9/2018 16:30,14.8871,77.4,,
4/9/2018 16:45,14.8741,77.4,,
4/9/2018 17:00,14.8697,77.4,,
4/9/2018 17:15,14.8632,77.4,,
4/9/2018 17:30,14.8632,77.4,,
4/9/2018 17:45,14.8588,77.4,,
4/9/2018 18:00,14.854,77.225,,
4/9/2018 18:15,14.8562,77.225,,
4/9/2018 18:30,14.8562,77.225,,
4/9/2018 18:45,14.8562,77.225,,
4/9/2018 19:00,14.8519,77.225,,
4/9/2018 19:15,14.8519,77.225,,
4/9/2018 19:30,14.854,77.225,,
4/9/2018 19:45,14.8558,77.05,,
4/9/2018 20:00,14.8514,77.05,,
4/9/2018 20:15,14.8514,77.05,,
4/9/2018 20:30,14.8536,77.05,,
4/9/2018 20:45,14.8514,77.05,,
4/9/2018 21:00,14.8514,77.05,,
4/9/2018 21:15,14.8536,77.05,,
4/9/2018 21:30,14.8532,76.876,,
4/9/2018 21:45,14.8532,76.876,,
4/9/2018 22:00,14.851,76.876,,
4/9/2018 22:15,14.851,76.876,,
4/9/2018 22:30,14.8488,76.876,,
4/9/2018 22:45,14.8466,76.876,,
4/9/2018 23:00,14.844,76.703,,
4/9/2018 23:15,14.8419,76.703,,
4/9/2018 23:30,14.844,76.703,,
4/9/2018 23:45,14.8419,76.703,,
4/10/2018 0:00,14.8375,76.703,,
4/10/2018 0:15,14.8419,76.703,,
4/10/2018 0:30,14.8353,76.703,,
4/10/2018 0:45,14.831,76.703,,
4/10/2018 1:00,14.831,76.703,,
4/10/2018 1:15,14.8266,76.703,,
4/10/2018 1:30,14.8245,76.703,,
4/10/2018 1:45,14.8201,76.703,,
4/10/2018 2:00,14.8181,76.703,,
4/10/2018 2:15,14.8185,76.876,,
4/10/2018 2:30,14.8185,76.876,,
4/10/2018 2:45,14.8163,76.876,,
4/10/2018 3:00,14.8163,76.876,,
4/10/2018 3:15,14.825,76.876,,
4/10/2018 3:30,14.8288,76.703,,
4/10/2018 3:45,14.8375,76.703,,
4/10/2018 4:00,14.8397,76.703,,
4/10/2018 4:15,14.8332,76.703,,
4/10/2018 4:30,14.8288,76.703,,
4/10/2018 4:45,14.8245,76.703,,
4/10/2018 5:00,14.8181,76.703,,
4/10/2018 5:15,14.8223,76.703,,
4/10/2018 5:30,14.8223,76.703,,
4/10/2018 5:45,14.8245,76.703,,
4/10/2018 6:00,14.8245,76.703,,
4/10/2018 6:15,14.824,76.528,,
4/10/2018 6:30,14.8288,76.703,,
4/10/2018 6:45,14.8284,76.528,,
4/10/2018 7:00,14.8332,76.703,,
4/10/2018 7:15,14.8332,76.703,,
4/10/2018 7:30,14.8353,76.703,,
4/10/2018 7:45,14.8353,76.703,,
4/10/2018 8:00,14.8375,76.703,,
4/10/2018 8:15,14.8375,76.703,,
4/10/2018 8:30,14.8379,76.876,,
4/10/2018 8:45,14.8445,76.876,,
4/10/2018 9:00,14.8488,76.876,,
4/10/2018 9:15,14.8493,77.05,,
4/10/2018 9:30,14.8493,77.05,,
4/10/2018 9:45,14.8497,77.225,,
4/10/2018 10:00,14.8497,77.225,,
4/10/2018 10:15,14.8497,77.225,,
4/10/2018 10:30,14.8497,77.225,,
4/10/2018 10:45,14.8497,77.225,,
4/10/2018 11:00,14.8437,77.4,,
4/10/2018 11:15,14.8398,77.574,,
4/10/2018 11:30,14.8355,77.574,,
4/10/2018 11:45,14.8337,77.749,,
4/10/2018 12:00,14.8337,77.749,,
4/10/2018 12:15,14.8321,77.923,,
4/10/2018 12:30,14.8278,77.923,,
4/10/2018 12:45,14.8256,77.923,,
4/10/2018 13:00,14.83,77.923,,
4/10/2018 13:15,14.8234,77.923,,
4/10/2018 13:30,14.8191,77.923,,
4/10/2018 13:45,14.8195,78.098,,
4/10/2018 14:00,14.826,78.098,,
4/10/2018 14:15,14.83,77.923,,
4/10/2018 14:30,14.8256,77.923,,
4/10/2018 14:45,14.8213,77.923,,
4/10/2018 15:00,14.8147,77.923,,
4/10/2018 15:15,14.8147,77.923,,
4/10/2018 15:30,14.8104,77.923,,
4/10/2018 15:45,14.806,77.923,,
4/10/2018 16:00,14.8039,77.923,,
4/10/2018 16:15,14.8039,77.923,,
4/10/2018 16:30,14.806,77.923,,
4/10/2018 16:45,14.8039,77.923,,
4/10/2018 17:00,14.8078,77.749,,
4/10/2018 17:15,14.8056,77.749,,
4/10/2018 17:30,14.8078,77.749,,
4/10/2018 17:45,14.8099,77.749,,
4/10/2018 18:00,14.8121,77.749,,
4/10/2018 18:15,14.816,77.574,,
4/10/2018 18:30,14.8202,77.574,,
4/10/2018 18:45,14.8224,77.574,,
4/10/2018 19:00,14.8268,77.574,,
4/10/2018 19:15,14.8268,77.574,,
4/10/2018 19:30,14.8311,77.574,,
4/10/2018 19:45,14.8311,77.574,,
4/10/2018 20:00,14.8355,77.574,,
4/10/2018 20:15,14.8377,77.574,,
4/10/2018 20:30,14.842,77.574,,
4/10/2018 20:45,14.8464,77.574,,
4/10/2018 21:00,14.8485,77.574,,
4/10/2018 21:15,14.8507,77.574,,
4/10/2018 21:30,14.8529,77.574,,
4/10/2018 21:45,14.8529,77.574,,
4/10/2018 22:00,14.8507,77.574,,
4/10/2018 22:15,14.8529,77.574,,
4/10/2018 22:30,14.8481,77.4,,
4/10/2018 22:45,14.8485,77.574,,
4/10/2018 23:00,14.8507,77.574,,
4/10/2018 23:15,14.8507,77.574,,
4/10/2018 23:30,14.8507,77.574,,
4/10/2018 23:45,14.8616,77.574,,
4/11/2018 0:00,14.8745,77.574,,
4/11/2018 0:15,14.8832,77.574,,
4/11/2018 0:30,14.8762,77.4,,
4/11/2018 0:45,14.8632,77.4,,
4/11/2018 1:00,14.8594,77.574,,
4/11/2018 1:15,14.8507,77.574,,
4/11/2018 1:30,14.842,77.574,,
4/11/2018 1:45,14.8377,77.574,,
4/11/2018 2:00,14.8355,77.574,,
4/11/2018 2:15,14.8333,77.574,,
4/11/2018 2:30,14.8333,77.574,,
4/11/2018 2:45,14.8311,77.574,,
4/11/2018 3:00,14.8311,77.574,,
4/11/2018 3:15,14.8311,77.574,,
4/11/2018 3:30,14.8311,77.574,,
4/11/2018 3:45,14.8311,77.574,,
4/11/2018 4:00,14.8333,77.574,,
4/11/2018 4:15,14.8307,77.4,,
4/11/2018 4:30,14.8307,77.4,,
4/11/2018 4:45,14.8307,77.4,,
4/11/2018 5:00,14.835,77.4,,
4/11/2018 5:15,14.835,77.4,,
4/11/2018 5:30,14.835,77.4,,
4/11/2018 5:45,14.8411,77.225,,
4/11/2018 6:00,14.839,77.225,,
4/11/2018 6:15,14.8433,77.225,,
4/11/2018 6:30,14.8455,77.225,,
4/11/2018 6:45,14.8497,77.225,,
4/11/2018 7:00,14.8519,77.225,,
4/11/2018 7:15,14.8562,77.225,,
4/11/2018 7:30,14.8562,77.225,,
4/11/2018 7:45,14.8562,77.225,,
4/11/2018 8:00,14.8588,77.4,,
4/11/2018 8:15,14.8588,77.4,,
4/11/2018 8:30,14.861,77.4,,
4/11/2018 8:45,14.8632,77.4,,
4/11/2018 9:00,14.8638,77.574,,
4/11/2018 9:15,14.862,77.749,,
4/11/2018 9:30,14.8642,77.749,,
4/11/2018 9:45,14.8668,77.923,,
4/11/2018 10:00,14.8716,78.098,,
4/11/2018 10:15,14.8698,78.274,,
4/11/2018 10:30,14.8704,78.449,,
4/11/2018 10:45,14.8757,78.8,,
4/11/2018 11:00,14.8735,78.8,,
4/11/2018 11:15,14.8735,78.8,,
4/11/2018 11:30,14.8723,79.151,,
4/11/2018 11:45,14.8658,79.151,,
4/11/2018 12:00,14.8636,79.151,,
4/11/2018 12:15,14.864,79.326,,
4/11/2018 12:30,14.8739,78.975,,
4/11/2018 12:45,14.8739,78.975,,
4/11/2018 13:00,14.8696,78.975,,
4/11/2018 13:15,14.8684,79.326,,
4/11/2018 13:30,14.8754,79.502,,
4/11/2018 13:45,14.8706,79.326,,
4/11/2018 14:00,14.8658,79.151,,
4/11/2018 14:15,14.8571,79.151,,
4/11/2018 14:30,14.8514,79.502,,
4/11/2018 14:45,14.8455,79.678,,
4/11/2018 15:00,14.839,79.678,,
4/11/2018 15:15,14.8346,79.678,,
4/11/2018 15:30,14.832,79.502,,
4/11/2018 15:45,14.8342,79.502,,
4/11/2018 16:00,14.8332,79.151,,
4/11/2018 16:15,14.8371,78.975,,
4/11/2018 16:30,14.8349,78.975,,
4/11/2018 16:45,14.8371,78.975,,
4/11/2018 17:00,14.8366,78.8,,
4/11/2018 17:15,14.8388,78.8,,
4/11/2018 17:30,14.8382,78.624,,
4/11/2018 17:45,14.8426,78.624,,
4/11/2018 18:00,14.8448,78.624,,
4/11/2018 18:15,14.8469,78.624,,
4/11/2018 18:30,14.8465,78.449,,
4/11/2018 18:45,14.8508,78.449,,
4/11/2018 19:00,14.853,78.449,,
4/11/2018 19:15,14.8552,78.449,,
4/11/2018 19:30,14.8617,78.449,,
4/11/2018 19:45,14.8633,78.274,,
4/11/2018 20:00,14.8677,78.274,,
4/11/2018 20:15,14.8677,78.274,,
4/11/2018 20:30,14.8764,78.274,,
4/11/2018 20:45,14.8716,78.098,,
4/11/2018 21:00,14.8738,78.098,,
4/11/2018 21:15,14.8781,78.098,,
4/11/2018 21:30,14.8777,77.923,,
4/11/2018 21:45,14.8777,77.923,,
4/11/2018 22:00,14.8733,77.923,,
4/11/2018 22:15,14.8772,77.749,,
4/11/2018 22:30,14.8794,77.749,,
4/11/2018 22:45,14.8794,77.749,,
4/11/2018 23:00,14.8772,77.749,,
4/11/2018 23:15,14.8767,77.574,,
4/11/2018 23:30,14.8745,77.574,,
4/11/2018 23:45,14.8723,77.574,,
4/12/2018 0:00,14.8767,77.574,,
4/12/2018 0:15,14.8719,77.4,,
4/12/2018 0:30,14.8741,77.4,,
4/12/2018 0:45,14.8697,77.4,,
4/12/2018 1:00,14.8714,77.225,,
4/12/2018 1:15,14.8671,77.225,,
4/12/2018 1:30,14.8649,77.225,,
4/12/2018 1:45,14.8627,77.225,,
4/12/2018 2:00,14.8606,77.225,,
4/12/2018 2:15,14.858,77.05,,
4/12/2018 2:30,14.8536,77.05,,
4/12/2018 2:45,14.8514,77.05,,
4/12/2018 3:00,14.8493,77.05,,
4/12/2018 3:15,14.8514,77.05,,
4/12/2018 3:30,14.8493,77.05,,
4/12/2018 3:45,14.8493,77.05,,
4/12/2018 4:00,14.8493,77.05,,
4/12/2018 4:15,14.8493,77.05,,
4/12/2018 4:30,14.8493,77.05,,
4/12/2018 4:45,14.8445,76.876,,
4/12/2018 5:00,14.8423,76.876,,
4/12/2018 5:15,14.8423,76.876,,
4/12/2018 5:30,14.8423,76.876,,
4/12/2018 5:45,14.8423,76.876,,
4/12/2018 6:00,14.8423,76.876,,
4/12/2018 6:15,14.8445,76.876,,
4/12/2018 6:30,14.8445,76.876,,
4/12/2018 6:45,14.844,76.703,,
4/12/2018 7:00,14.8419,76.703,,
4/12/2018 7:15,14.844,76.703,,
4/12/2018 7:30,14.844,76.703,,
4/12/2018 7:45,14.8462,76.703,,
4/12/2018 8:00,14.844,76.703,,
4/12/2018 8:15,14.8419,76.703,,
4/12/2018 8:30,14.8423,76.876,,
4/12/2018 8:45,14.8445,76.876,,
4/12/2018 9:00,14.8471,77.05,,
4/12/2018 9:15,14.8475,77.225,,
4/12/2018 9:30,14.8475,77.225,,
4/12/2018 9:45,14.8503,77.4,,
4/12/2018 10:00,14.8507,77.574,,
4/12/2018 10:15,14.849,77.749,,
4/12/2018 10:30,14.849,77.749,,
4/12/2018 10:45,14.8472,77.923,,
4/12/2018 11:00,14.845,77.923,,
4/12/2018 11:15,14.8435,78.098,,
4/12/2018 11:30,14.84,78.449,,
4/12/2018 11:45,14.8382,78.624,,
4/12/2018 12:00,14.834,78.624,,
4/12/2018 12:15,14.8275,78.624,,
4/12/2018 12:30,14.8262,78.975,,
4/12/2018 12:45,14.8214,78.8,,
4/12/2018 13:00,14.8214,78.8,,
4/12/2018 13:15,14.8189,79.502,,
4/12/2018 13:30,14.812,79.326,,
4/12/2018 13:45,14.8098,79.326,,
4/12/2018 14:00,14.8065,79.678,,
4/12/2018 14:15,14.8055,79.326,,
4/12/2018 14:30,14.8015,79.502,,
4/12/2018 14:45,14.8011,79.326,,
4/12/2018 15:00,14.7978,79.678,,
4/12/2018 15:15,14.795,79.502,,
4/12/2018 15:30,14.795,79.502,,
4/12/2018 15:45,14.792,79.151,,
4/12/2018 16:00,14.7941,79.151,,
4/12/2018 16:15,14.7915,78.975,,
4/12/2018 16:30,14.7937,78.975,,
4/12/2018 16:45,14.7933,78.8,,
4/12/2018 17:00,14.7927,78.624,,
4/12/2018 17:15,14.7944,78.449,,
4/12/2018 17:30,14.7944,78.449,,
4/12/2018 17:45,14.7983,78.274,,
4/12/2018 18:00,14.8005,78.274,,
4/12/2018 18:15,14.8005,78.274,,
4/12/2018 18:30,14.7979,78.098,,
4/12/2018 18:45,14.8021,78.098,,
4/12/2018 19:00,14.8021,78.098,,
4/12/2018 19:15,14.806,77.923,,
4/12/2018 19:30,14.806,77.923,,
4/12/2018 19:45,14.8082,77.923,,
4/12/2018 20:00,14.8082,77.923,,
4/12/2018 20:15,14.8104,77.923,,
4/12/2018 20:30,14.8147,77.923,,
4/12/2018 20:45,14.8165,77.749,,
4/12/2018 21:00,14.8187,77.749,,
4/12/2018 21:15,14.8187,77.749,,
4/12/2018 21:30,14.8187,77.749,,
4/12/2018 21:45,14.8208,77.749,,
4/12/2018 22:00,14.8181,77.574,,
4/12/2018 22:15,14.816,77.574,,
4/12/2018 22:30,14.8139,77.574,,
4/12/2018 22:45,14.816,77.574,,
4/12/2018 23:00,14.8117,77.574,,
4/12/2018 23:15,14.8117,77.574,,
4/12/2018 23:30,14.8117,77.574,,
4/12/2018 23:45,14.8047,77.4,,
4/13/2018 0:00,14.8047,77.4,,
4/13/2018 0:15,14.8047,77.4,,
4/13/2018 0:30,14.8047,77.4,,
4/13/2018 0:45,14.8026,77.4,,
4/13/2018 1:00,14.7978,77.225,,
4/13/2018 1:15,14.7934,77.225,,
4/13/2018 1:30,14.7869,77.225,,
4/13/2018 1:45,14.7847,77.225,,
4/13/2018 2:00,14.7869,77.225,,
4/13/2018 2:15,14.7799,77.05,,
4/13/2018 2:30,14.7799,77.05,,
4/13/2018 2:45,14.7799,77.05,,
4/13/2018 3:00,14.7756,77.05,,
4/13/2018 3:15,14.7734,77.05,,
4/13/2018 3:30,14.7751,76.876,,
4/13/2018 3:45,14.7751,76.876,,
4/13/2018 4:00,14.7751,76.876,,
4/13/2018 4:15,14.7773,76.876,,
4/13/2018 4:30,14.7751,76.876,,
4/13/2018 4:45,14.773,76.876,,
4/13/2018 5:00,14.7751,76.876,,
4/13/2018 5:15,14.7751,76.876,,
4/13/2018 5:30,14.7773,76.876,,
4/13/2018 5:45,14.7795,76.876,,
4/13/2018 6:00,14.7795,76.876,,
4/13/2018 6:15,14.7815,76.876,,
4/13/2018 6:30,14.7837,76.876,,
4/13/2018 6:45,14.7837,76.876,,
4/13/2018 7:00,14.788,76.876,,
4/13/2018 7:15,14.7902,76.876,,
4/13/2018 7:30,14.795,77.05,,
4/13/2018 7:45,14.795,77.05,,
4/13/2018 8:00,14.795,77.05,,
4/13/2018 8:15,14.7978,77.225,,
4/13/2018 8:30,14.7998,77.225,,
4/13/2018 8:45,14.7982,77.4,,
4/13/2018 9:00,14.7986,77.574,,
4/13/2018 9:15,14.7943,77.574,,
4/13/2018 9:30,14.7969,77.749,,
4/13/2018 9:45,14.7952,77.923,,
4/13/2018 10:00,14.7979,78.098,,
4/13/2018 10:15,14.8001,78.098,,
4/13/2018 10:30,14.7979,78.098,,
4/13/2018 10:45,14.7957,78.098,,
4/13/2018 11:00,14.794,78.274,,
4/13/2018 11:15,14.7875,78.274,,
4/13/2018 11:30,14.7836,78.449,,
4/13/2018 11:45,14.7792,78.449,,
4/13/2018 12:00,14.7776,78.624,,
4/13/2018 12:15,14.7719,78.975,,
4/13/2018 12:30,14.7682,79.151,,
4/13/2018 12:45,14.7669,79.502,,
4/13/2018 13:00,14.7647,79.502,,
4/13/2018 13:15,14.7669,79.502,,
4/13/2018 13:30,14.7603,79.502,,
4/13/2018 13:45,14.7595,79.151,,
4/13/2018 14:00,14.7589,78.975,,
4/13/2018 14:15,14.7569,78.975,,
4/13/2018 14:30,14.7529,79.151,,
4/13/2018 14:45,14.7503,78.975,,
4/13/2018 15:00,14.7541,78.8,,
4/13/2018 15:15,14.7541,78.8,,
4/13/2018 15:30,14.7541,78.8,,
4/13/2018 15:45,14.7519,78.8,,
4/13/2018 16:00,14.758,78.624,,
4/13/2018 16:15,14.758,78.624,,
4/13/2018 16:30,14.758,78.624,,
4/13/2018 16:45,14.7537,78.624,,
4/13/2018 17:00,14.7532,78.449,,
4/13/2018 17:15,14.7532,78.449,,
4/13/2018 17:30,14.7532,78.449,,
4/13/2018 17:45,14.755,78.274,,
4/13/2018 18:00,14.7593,78.274,,
4/13/2018 18:15,14.7593,78.274,,
4/13/2018 18:30,14.7653,78.098,,
4/13/2018 18:45,14.7675,78.098,,
4/13/2018 19:00,14.7696,78.098,,
4/13/2018 19:15,14.7696,78.098,,
4/13/2018 19:30,14.7735,77.923,,
4/13/2018 19:45,14.7735,77.923,,
4/13/2018 20:00,14.7779,77.923,,
4/13/2018 20:15,14.7801,77.923,,
4/13/2018 20:30,14.7888,77.923,,
4/13/2018 20:45,14.793,77.923,,
4/13/2018 21:00,14.7947,77.749,,
4/13/2018 21:15,14.7904,77.749,,
4/13/2018 21:30,14.7904,77.749,,
4/13/2018 21:45,14.7925,77.749,,
4/13/2018 22:00,14.7921,77.574,,
4/13/2018 22:15,14.7899,77.574,,
4/13/2018 22:30,14.7878,77.574,,
4/13/2018 22:45,14.7856,77.574,,
4/13/2018 23:00,14.7899,77.574,,
4/13/2018 23:15,14.7921,77.574,,
4/13/2018 23:30,14.7917,77.4,,
4/13/2018 23:45,14.7938,77.4,,
4/14/2018 0:00,14.7982,77.4,,
4/14/2018 0:15,14.8128,77.225,,
4/14/2018 0:30,14.8237,77.225,,
4/14/2018 0:45,14.8124,77.05,,
4/14/2018 1:00,14.8015,77.05,,
4/14/2018 1:15,14.7994,77.05,,
4/14/2018 1:30,14.7907,77.05,,
4/14/2018 1:45,14.7886,77.05,,
4/14/2018 2:00,14.7799,77.05,,
4/14/2018 2:15,14.7799,77.05,,
4/14/2018 2:30,14.7799,77.05,,
4/14/2018 2:45,14.7734,77.05,,
4/14/2018 3:00,14.7756,77.05,,
4/14/2018 3:15,14.7756,77.05,,
4/14/2018 3:30,14.7773,76.876,,
4/14/2018 3:45,14.7773,76.876,,
4/14/2018 4:00,14.7795,76.876,,
4/14/2018 4:15,14.7773,76.876,,
4/14/2018 4:30,14.7815,76.876,,
4/14/2018 4:45,14.7837,76.876,,
4/14/2018 5:00,14.7859,76.876,,
4/14/2018 5:15,14.788,76.876,,
4/14/2018 5:30,14.792,76.703,,
4/14/2018 5:45,14.8007,76.703,,
4/14/2018 6:00,14.8094,76.703,,
4/14/2018 6:15,14.8223,76.703,,
4/14/2018 6:30,14.8349,76.528,,
4/14/2018 6:45,14.8371,76.528,,
4/14/2018 7:00,14.8349,76.528,,
4/14/2018 7:15,14.8349,76.528,,
4/14/2018 7:30,14.8284,76.528,,
4/14/2018 7:45,14.824,76.528,,
4/14/2018 8:00,14.8197,76.528,,
4/14/2018 8:15,14.8175,76.528,,
4/14/2018 8:30,14.824,76.528,,
4/14/2018 8:45,14.8305,76.528,,
4/14/2018 9:00,14.8501,76.528,,
4/14/2018 9:15,14.8761,76.528,,
4/14/2018 9:30,14.8696,76.528,,
4/14/2018 9:45,14.8567,76.528,,
4/14/2018 10:00,14.8436,76.528,,
4/14/2018 10:15,14.8392,76.528,,
4/14/2018 10:30,14.831,76.703,,
4/14/2018 10:45,14.8245,76.703,,
4/14/2018 11:00,14.8229,76.876,,
4/14/2018 11:15,14.8211,77.05,,
4/14/2018 11:30,14.8211,77.05,,
4/14/2018 11:45,14.8189,77.05,,
4/14/2018 12:00,14.8128,77.225,,
4/14/2018 12:15,14.8089,77.4,,
4/14/2018 12:30,14.8047,77.4,,
4/14/2018 12:45,14.8069,77.4,,
4/14/2018 13:00,14.8047,77.4,,
4/14/2018 13:15,14.8026,77.4,,
4/14/2018 13:30,14.7998,77.225,,
4/14/2018 13:45,14.8346,77.225,,
4/14/2018 14:00,14.8867,77.225,,
4/14/2018 14:15,15.0011,77.05,,
4/14/2018 14:30,15.0116,76.876,,
4/14/2018 14:45,14.9937,76.703,,
4/14/2018 15:00,14.9525,76.703,,
4/14/2018 15:15,14.9135,76.703,,
4/14/2018 15:30,14.883,76.703,,
4/14/2018 15:45,14.8658,76.703,,
4/14/2018 16:00,14.8593,76.703,,
4/14/2018 16:15,14.8506,76.703,,
4/14/2018 16:30,14.844,76.703,,
4/14/2018 16:45,14.8397,76.703,,
4/14/2018 17:00,14.8375,76.703,,
4/14/2018 17:15,14.8401,76.876,,
4/14/2018 17:30,14.8401,76.876,,
4/14/2018 17:45,14.8379,76.876,,
4/14/2018 18:00,14.8336,76.876,,
4/14/2018 18:15,14.8336,76.876,,
4/14/2018 18:30,14.8358,76.876,,
4/14/2018 18:45,14.8379,76.876,,
4/14/2018 19:00,14.8379,76.876,,
4/14/2018 19:15,14.8423,76.876,,
4/14/2018 19:30,14.8401,76.876,,
4/14/2018 19:45,14.8401,76.876,,
4/14/2018 20:00,14.8401,76.876,,
4/14/2018 20:15,14.8423,76.876,,
4/14/2018 20:30,14.8445,76.876,,
4/14/2018 20:45,14.8445,76.876,,
4/14/2018 21:00,14.8445,76.876,,
4/14/2018 21:15,14.8423,76.876,,
4/14/2018 21:30,14.8423,76.876,,
4/14/2018 21:45,14.8423,76.876,,
4/14/2018 22:00,14.8401,76.876,,
4/14/2018 22:15,14.8379,76.876,,
4/14/2018 22:30,14.8379,76.876,,
4/14/2018 22:45,14.8401,76.876,,
4/14/2018 23:00,14.8401,76.876,,
4/14/2018 23:15,14.8358,76.876,,
4/14/2018 23:30,14.8336,76.876,,
4/14/2018 23:45,14.8272,76.876,,
4/15/2018 0:00,14.8292,76.876,,
4/15/2018 0:15,14.8272,76.876,,
4/15/2018 0:30,14.8272,76.876,,
4/15/2018 0:45,14.825,76.876,,
4/15/2018 1:00,14.8185,76.876,,
4/15/2018 1:15,14.8142,76.876,,
4/15/2018 1:30,14.8055,76.876,,
4/15/2018 1:45,14.8072,76.703,,
4/15/2018 2:00,14.805,76.703,,
4/15/2018 2:15,14.805,76.703,,
4/15/2018 2:30,14.8007,76.703,,
4/15/2018 2:45,14.8028,76.703,,
4/15/2018 3:00,14.7941,76.703,,
4/15/2018 3:15,14.7898,76.703,,
4/15/2018 3:30,14.792,76.703,,
4/15/2018 3:45,14.7963,76.703,,
4/15/2018 4:00,14.7985,76.703,,
4/15/2018 4:15,14.7941,76.703,,
4/15/2018 4:30,14.7854,76.703,,
4/15/2018 4:45,14.7898,76.703,,
4/15/2018 5:00,14.792,76.703,,
4/15/2018 5:15,14.7963,76.703,,
4/15/2018 5:30,14.7941,76.703,,
4/15/2018 5:45,14.7941,76.703,,
4/15/2018 6:00,14.7963,76.703,,
4/15/2018 6:15,14.8007,76.703,,
4/15/2018 6:30,14.8072,76.703,,
4/15/2018 6:45,14.8115,76.703,,
4/15/2018 7:00,14.8072,76.703,,
4/15/2018 7:15,14.8094,76.703,,
4/15/2018 7:30,14.8159,76.703,,
4/15/2018 7:45,14.8094,76.703,,
4/15/2018 8:00,14.8181,76.703,,
4/15/2018 8:15,14.8223,76.703,,
4/15/2018 8:30,14.8266,76.703,,
4/15/2018 8:45,14.8288,76.703,,
4/15/2018 9:00,14.8288,76.703,,
4/15/2018 9:15,14.8479,76.528,,
4/15/2018 9:30,14.8957,76.528,,
4/15/2018 9:45,14.887,76.528,,
4/15/2018 10:00,14.9238,76.528,,
4/15/2018 10:15,14.9086,76.528,,
4/15/2018 10:30,14.8913,76.528,,
4/15/2018 10:45,14.8761,76.528,,
4/15/2018 11:00,14.8696,76.528,,
4/15/2018 11:15,14.863,76.528,,
4/15/2018 11:30,14.8636,76.703,,
4/15/2018 11:45,14.8787,76.703,,
4/15/2018 12:00,14.9221,76.703,,
4/15/2018 12:15,15.0068,76.703,,
4/15/2018 12:30,15.1018,76.528,,
4/15/2018 12:45,15.0736,76.528,,
4/15/2018 13:00,15.0519,76.528,,
4/15/2018 13:15,15.0323,76.528,,
4/15/2018 13:30,15.0172,76.528,,
4/15/2018 13:45,14.9737,76.528,,
4/15/2018 14:00,14.9477,76.528,,
4/15/2018 14:15,14.9264,76.703,,
4/15/2018 14:30,14.9113,76.703,,
4/15/2018 14:45,14.9026,76.703,,
4/15/2018 15:00,14.8939,76.703,,
4/15/2018 15:15,14.8896,76.703,,
4/15/2018 15:30,14.8835,76.876,,
4/15/2018 15:45,14.8791,76.876,,
4/15/2018 16:00,14.8771,76.876,,
4/15/2018 16:15,14.8749,76.876,,
4/15/2018 16:30,14.8727,76.876,,
4/15/2018 16:45,14.8684,76.876,,
4/15/2018 17:00,14.8706,76.876,,
4/15/2018 17:15,14.864,76.876,,
4/15/2018 17:30,14.8619,76.876,,
4/15/2018 17:45,14.8553,76.876,,
4/15/2018 18:00,14.8597,76.876,,
4/15/2018 18:15,14.8553,76.876,,
4/15/2018 18:30,14.8575,76.876,,
4/15/2018 18:45,14.8597,76.876,,
4/15/2018 19:00,14.864,76.876,,
4/15/2018 19:15,14.864,76.876,,
4/15/2018 19:30,14.8684,76.876,,
4/15/2018 19:45,14.8684,76.876,,
4/15/2018 20:00,14.8706,76.876,,
4/15/2018 20:15,14.871,77.05,,
4/15/2018 20:30,14.8732,77.05,,
4/15/2018 20:45,14.8732,77.05,,
4/15/2018 21:00,14.8732,77.05,,
4/15/2018 21:15,14.871,77.05,,
4/15/2018 21:30,14.871,77.05,,
4/15/2018 21:45,14.8775,77.05,,
4/15/2018 22:00,14.8883,77.05,,
4/15/2018 22:15,14.8991,77.05,,
4/15/2018 22:30,14.8991,77.05,,
4/15/2018 22:45,14.9296,77.05,,
4/15/2018 23:00,14.9253,77.05,,
4/15/2018 23:15,14.9057,77.05,,
4/15/2018 23:30,14.8926,77.05,,
4/15/2018 23:45,14.8883,77.05,,
4/16/2018 0:00,14.8944,76.876,,
4/16/2018 0:15,14.9096,76.876,,
4/16/2018 0:30,15.2021,76.703,,
4/16/2018 0:45,15.2229,76.354,,
4/16/2018 1:00,15.2181,76.181,,
4/16/2018 1:15,15.129,76.181,,
4/16/2018 1:30,15.0835,76.181,,
4/16/2018 1:45,15.0471,76.354,,
4/16/2018 2:00,15.0101,76.354,,
4/16/2018 2:15,15.0926,76.354,,
4/16/2018 2:30,15.2642,76.354,,
4/16/2018 2:45,15.1833,76.181,,
4/16/2018 3:00,15.1308,76.006,,
4/16/2018 3:15,15.1003,76.006,,
4/16/2018 3:30,15.0831,76.006,,
4/16/2018 3:45,15.0918,76.006,,
4/16/2018 4:00,15.0722,76.006,,
4/16/2018 4:15,15.0569,76.006,,
4/16/2018 4:30,15.0482,76.006,,
4/16/2018 4:45,15.0379,76.181,,
4/16/2018 5:00,15.0314,76.181,,
4/16/2018 5:15,15.0232,76.354,,
4/16/2018 5:30,15.0188,76.354,,
4/16/2018 5:45,15.0129,76.528,,
4/16/2018 6:00,15.0172,76.528,,
4/16/2018 6:15,15.0129,76.528,,
4/16/2018 6:30,15.0155,76.703,,
4/16/2018 6:45,15.0068,76.703,,
4/16/2018 7:00,15.0024,76.703,,
4/16/2018 7:15,14.9937,76.703,,
4/16/2018 7:30,15.0002,76.703,,
4/16/2018 7:45,14.9894,76.703,,
4/16/2018 8:00,14.992,76.876,,
4/16/2018 8:15,14.9876,76.876,,
4/16/2018 8:30,14.9834,76.876,,
4/16/2018 8:45,14.9834,76.876,,
4/16/2018 9:00,14.9791,76.876,,
4/16/2018 9:15,14.9817,77.05,,
4/16/2018 9:30,14.9773,77.05,,
4/16/2018 9:45,14.9838,77.05,,
4/16/2018 10:00,14.9734,77.225,,
4/16/2018 10:15,14.9691,77.225,,
4/16/2018 10:30,14.9734,77.225,,
4/16/2018 10:45,14.9631,77.4,,
4/16/2018 11:00,14.9609,77.4,,
4/16/2018 11:15,14.9527,77.574,,
4/16/2018 11:30,14.9527,77.574,,
4/16/2018 11:45,14.9461,77.574,,
4/16/2018 12:00,14.9466,77.749,,
4/16/2018 12:15,14.9406,77.923,,
4/16/2018 12:30,14.9337,77.749,,
4/16/2018 12:45,14.925,77.749,,
4/16/2018 13:00,14.9189,77.923,,
4/16/2018 13:15,14.9141,77.749,,
4/16/2018 13:30,14.9063,78.098,,
4/16/2018 13:45,14.9102,77.923,,
4/16/2018 14:00,14.908,77.923,,
4/16/2018 14:15,14.9145,77.923,,
4/16/2018 14:30,14.9337,77.749,,
4/16/2018 14:45,14.925,77.749,,
4/16/2018 15:00,14.9032,77.749,,
4/16/2018 15:15,14.9054,77.749,,
4/16/2018 15:30,14.8989,77.749,,
4/16/2018 15:45,14.8945,77.749,,
4/16/2018 16:00,14.8967,77.749,,
4/16/2018 16:15,14.8923,77.749,,
4/16/2018 16:30,14.888,77.749,,
4/16/2018 16:45,14.888,77.749,,
4/16/2018 17:00,14.8854,77.574,,
4/16/2018 17:15,14.8875,77.574,,
4/16/2018 17:30,14.8875,77.574,,
4/16/2018 17:45,14.8919,77.574,,
4/16/2018 18:00,14.8871,77.4,,
4/16/2018 18:15,14.8915,77.4,,
4/16/2018 18:30,14.8893,77.4,,
4/16/2018 18:45,14.8936,77.4,,
4/16/2018 19:00,14.8958,77.4,,
4/16/2018 19:15,14.8976,77.225,,
4/16/2018 19:30,14.9039,77.225,,
4/16/2018 19:45,14.9061,77.225,,
4/16/2018 20:00,14.9039,77.225,,
4/16/2018 20:15,14.9083,77.225,,
4/16/2018 20:30,14.9105,77.225,,
4/16/2018 20:45,14.9126,77.225,,
4/16/2018 21:00,14.9083,77.225,,
4/16/2018 21:15,14.9061,77.225,,
4/16/2018 21:30,14.9061,77.225,,
4/16/2018 21:45,14.9105,77.225,,
4/16/2018 22:00,14.9105,77.225,,
4/16/2018 22:15,14.9126,77.225,,
4/16/2018 22:30,14.9105,77.225,,
4/16/2018 22:45,14.9105,77.225,,
4/16/2018 23:00,14.91,77.05,,
4/16/2018 23:15,14.9209,77.05,,
4/16/2018 23:30,14.9318,77.05,,
4/16/2018 23:45,14.9318,77.05,,
4/17/2018 0:00,14.9274,77.05,,
4/17/2018 0:15,14.9377,76.876,,
4/17/2018 0:30,14.9704,76.876,,
4/17/2018 0:45,15.0762,76.703,,
4/17/2018 1:00,15.0957,76.703,,
4/17/2018 1:15,15.0432,76.528,,
4/17/2018 1:30,15.0649,76.528,,
4/17/2018 1:45,15.2577,76.354,,
4/17/2018 2:00,15.242,76.181,,
4/17/2018 2:15,15.2072,76.181,,
4/17/2018 2:30,15.222,76.006,,
4/17/2018 2:45,15.2285,76.006,,
4/17/2018 3:00,15.1525,76.006,,
4/17/2018 3:15,15.1003,76.006,,
4/17/2018 3:30,15.1047,76.006,,
4/17/2018 3:45,15.1785,76.006,,
4/17/2018 4:00,15.215,75.832,,
4/17/2018 4:15,15.1325,75.832,,
4/17/2018 4:30,15.0826,75.832,,
4/17/2018 4:45,15.0717,75.832,,
4/17/2018 5:00,15.0635,76.006,,
4/17/2018 5:15,15.0569,76.006,,
4/17/2018 5:30,15.0375,76.006,,
4/17/2018 5:45,15.0358,76.181,,
4/17/2018 6:00,15.0379,76.181,,
4/17/2018 6:15,15.0205,76.181,,
4/17/2018 6:30,15.0249,76.181,,
4/17/2018 6:45,15.0166,76.354,,
4/17/2018 7:00,15.0123,76.354,,
4/17/2018 7:15,15.0145,76.354,,
4/17/2018 7:30,15.0166,76.354,,
4/17/2018 7:45,15.0101,76.354,,
4/17/2018 8:00,15.0166,76.354,,
4/17/2018 8:15,15.0079,76.354,,
4/17/2018 8:30,15.0042,76.528,,
4/17/2018 8:45,14.9998,76.528,,
4/17/2018 9:00,15.0107,76.528,,
4/17/2018 9:15,15.0024,76.703,,
4/17/2018 9:30,15.0002,76.703,,
4/17/2018 9:45,14.9963,76.876,,
4/17/2018 10:00,14.9941,76.876,,
4/17/2018 10:15,14.9926,77.05,,
4/17/2018 10:30,14.993,77.225,,
4/17/2018 10:45,14.9908,77.225,,
4/17/2018 11:00,14.9821,77.225,,
4/17/2018 11:15,14.9825,77.4,,
4/17/2018 11:30,14.9717,77.4,,
4/17/2018 11:45,14.9717,77.4,,
4/17/2018 12:00,14.9738,77.4,,
4/17/2018 12:15,14.9695,77.4,,
4/17/2018 12:30,14.9669,77.225,,
4/17/2018 12:45,14.9669,77.225,,
4/17/2018 13:00,14.9664,77.05,,
4/17/2018 13:15,14.9708,77.05,,
4/17/2018 13:30,14.9621,77.05,,
4/17/2018 13:45,14.9617,76.876,,
4/17/2018 14:00,14.9573,76.876,,
4/17/2018 14:15,14.9573,76.876,,
4/17/2018 14:30,14.9595,76.876,,
4/17/2018 14:45,14.949,77.05,,
4/17/2018 15:00,14.9425,77.05,,
4/17/2018 15:15,14.9383,77.05,,
4/17/2018 15:30,14.934,77.05,,
4/17/2018 15:45,14.9274,77.05,,
4/17/2018 16:00,14.9383,77.05,,
4/17/2018 16:15,14.927,76.876,,
4/17/2018 16:30,14.9248,76.876,,
4/17/2018 16:45,14.927,76.876,,
4/17/2018 17:00,14.927,76.876,,
4/17/2018 17:15,14.927,76.876,,
4/17/2018 17:30,14.9248,76.876,,
4/17/2018 17:45,14.927,76.876,,
4/17/2018 18:00,14.9377,76.876,,
4/17/2018 18:15,14.9264,76.703,,
4/17/2018 18:30,14.9351,76.703,,
4/17/2018 18:45,14.9308,76.703,,
4/17/2018 19:00,14.9308,76.703,,
4/17/2018 19:15,14.9373,76.703,,
4/17/2018 19:30,14.9369,76.528,,
4/17/2018 19:45,14.9347,76.528,,
4/17/2018 20:00,14.9412,76.528,,
4/17/2018 20:15,14.9412,76.528,,
4/17/2018 20:30,14.939,76.528,,
4/17/2018 20:45,14.9412,76.528,,
4/17/2018 21:00,14.939,76.528,,
4/17/2018 21:15,14.9434,76.528,,
4/17/2018 21:30,14.939,76.528,,
4/17/2018 21:45,14.9321,76.354,,
4/17/2018 22:00,14.9342,76.354,,
4/17/2018 22:15,14.9364,76.354,,
4/17/2018 22:30,14.9321,76.354,,
4/17/2018 22:45,14.9364,76.354,,
4/17/2018 23:00,14.9338,76.181,,
4/17/2018 23:15,14.9316,76.181,,
4/17/2018 23:30,14.9338,76.181,,
4/17/2018 23:45,14.9316,76.181,,
4/18/2018 0:00,14.9277,76.354,,
4/18/2018 0:15,14.9299,76.354,,
4/18/2018 0:30,14.9255,76.354,,
4/18/2018 0:45,14.9212,76.354,,
4/18/2018 1:00,14.9168,76.354,,
4/18/2018 1:15,14.919,76.354,,
4/18/2018 1:30,14.9125,76.354,,
4/18/2018 1:45,14.9125,76.354,,
4/18/2018 2:00,14.9081,76.354,,
4/18/2018 2:15,14.8994,76.354,,
4/18/2018 2:30,14.9038,76.354,,
4/18/2018 2:45,14.9016,76.354,,
4/18/2018 3:00,14.9038,76.354,,
4/18/2018 3:15,14.8978,76.528,,
4/18/2018 3:30,14.8957,76.528,,
4/18/2018 3:45,14.8913,76.528,,
4/18/2018 4:00,14.8891,76.528,,
4/18/2018 4:15,14.8913,76.528,,
4/18/2018 4:30,14.887,76.528,,
4/18/2018 4:45,14.887,76.528,,
4/18/2018 5:00,14.887,76.528,,
4/18/2018 5:15,14.8913,76.528,,
4/18/2018 5:30,14.8874,76.703,,
4/18/2018 5:45,14.8939,76.703,,
4/18/2018 6:00,14.8917,76.703,,
4/18/2018 6:15,14.8917,76.703,,
4/18/2018 6:30,14.8874,76.703,,
4/18/2018 6:45,14.8917,76.703,,
4/18/2018 7:00,14.8939,76.703,,
4/18/2018 7:15,14.8961,76.703,,
4/18/2018 7:30,14.8961,76.703,,
4/18/2018 7:45,14.8987,76.876,,
4/18/2018 8:00,14.9009,76.876,,
4/18/2018 8:15,14.9031,76.876,,
4/18/2018 8:30,14.9035,77.05,,
4/18/2018 8:45,14.9078,77.05,,
4/18/2018 9:00,14.9039,77.225,,
4/18/2018 9:15,14.9018,77.225,,
4/18/2018 9:30,14.9002,77.4,,
4/18/2018 9:45,14.9023,77.4,,
4/18/2018 10:00,14.9006,77.574,,
4/18/2018 10:15,14.8984,77.574,,
4/18/2018 10:30,14.8989,77.749,,
4/18/2018 10:45,14.8967,77.749,,
4/18/2018 11:00,14.8955,78.098,,
4/18/2018 11:15,14.8933,78.098,,
4/18/2018 11:30,14.8851,78.274,,
4/18/2018 11:45,14.8817,78.624,,
4/18/2018 12:00,14.8817,78.624,,
4/18/2018 12:15,14.8761,78.975,,
4/18/2018 12:30,14.8796,78.624,,
4/18/2018 12:45,14.8704,78.449,,
4/18/2018 13:00,14.8698,78.274,,
4/18/2018 13:15,14.8726,78.449,,
4/18/2018 13:30,14.8726,78.449,,
4/18/2018 13:45,14.8768,78.449,,
4/18/2018 14:00,14.8768,78.449,,
4/18/2018 14:15,14.8726,78.449,,
4/18/2018 14:30,14.8726,78.449,,
4/18/2018 14:45,14.8698,78.274,,
4/18/2018 15:00,14.8639,78.449,,
4/18/2018 15:15,14.8639,78.449,,
4/18/2018 15:30,14.8578,78.624,,
4/18/2018 15:45,14.8578,78.624,,
4/18/2018 16:00,14.8578,78.624,,
4/18/2018 16:15,14.8556,78.624,,
4/18/2018 16:30,14.8552,78.449,,
4/18/2018 16:45,14.8574,78.449,,
4/18/2018 17:00,14.8552,78.449,,
4/18/2018 17:15,14.8552,78.449,,
4/18/2018 17:30,14.8574,78.449,,
4/18/2018 17:45,14.8591,78.274,,
4/18/2018 18:00,14.8613,78.274,,
4/18/2018 18:15,14.8613,78.274,,
4/18/2018 18:30,14.8613,78.274,,
4/18/2018 18:45,14.8655,78.274,,
4/18/2018 19:00,14.8694,78.098,,
4/18/2018 19:15,14.8716,78.098,,
4/18/2018 19:30,14.8738,78.098,,
4/18/2018 19:45,14.8781,78.098,,
4/18/2018 20:00,14.8755,77.923,,
4/18/2018 20:15,14.8755,77.923,,
4/18/2018 20:30,14.8799,77.923,,
4/18/2018 20:45,14.8864,77.923,,
4/18/2018 21:00,14.8864,77.923,,
4/18/2018 21:15,14.8836,77.749,,
4/18/2018 21:30,14.8858,77.749,,
4/18/2018 21:45,14.888,77.749,,
4/18/2018 22:00,14.8858,77.749,,
4/18/2018 22:15,14.8858,77.749,,
4/18/2018 22:30,14.8832,77.574,,
4/18/2018 22:45,14.8875,77.574,,
4/18/2018 23:00,14.8832,77.574,,
4/18/2018 23:15,14.8788,77.574,,
4/18/2018 23:30,14.8832,77.574,,
4/18/2018 23:45,14.8832,77.574,,
4/19/2018 0:00,14.881,77.574,,
4/19/2018 0:15,14.8828,77.4,,
4/19/2018 0:30,14.8849,77.4,,
4/19/2018 0:45,14.8762,77.4,,
4/19/2018 1:00,14.8719,77.4,,
4/19/2018 1:15,14.8697,77.4,,
4/19/2018 1:30,14.8741,77.4,,
4/19/2018 1:45,14.8675,77.4,,
4/19/2018 2:00,14.8654,77.4,,
4/19/2018 2:15,14.8627,77.225,,
4/19/2018 2:30,14.8584,77.225,,
4/19/2018 2:45,14.8562,77.225,,
4/19/2018 3:00,14.8562,77.225,,
4/19/2018 3:15,14.854,77.225,,
4/19/2018 3:30,14.8584,77.225,,
4/19/2018 3:45,14.8562,77.225,,
4/19/2018 4:00,14.8584,77.225,,
4/19/2018 4:15,14.8584,77.225,,
4/19/2018 4:30,14.8584,77.225,,
4/19/2018 4:45,14.8562,77.225,,
4/19/2018 5:00,14.854,77.225,,
4/19/2018 5:15,14.8558,77.05,,
4/19/2018 5:30,14.8558,77.05,,
4/19/2018 5:45,14.8558,77.05,,
4/19/2018 6:00,14.8601,77.05,,
4/19/2018 6:15,14.8645,77.05,,
4/19/2018 6:30,14.8619,76.876,,
4/19/2018 6:45,14.8619,76.876,,
4/19/2018 7:00,14.864,76.876,,
4/19/2018 7:15,14.8662,76.876,,
4/19/2018 7:30,14.8662,76.876,,
4/19/2018 7:45,14.8706,76.876,,
4/19/2018 8:00,14.8727,76.876,,
4/19/2018 8:15,14.8749,76.876,,
4/19/2018 8:30,14.8791,76.876,,
4/19/2018 8:45,14.8813,76.876,,
4/19/2018 9:00,14.8791,76.876,,
4/19/2018 9:15,14.8813,76.876,,
4/19/2018 9:30,14.8775,77.05,,
4/19/2018 9:45,14.8819,77.05,,
4/19/2018 10:00,14.8801,77.225,,
4/19/2018 10:15,14.881,77.574,,
4/19/2018 10:30,14.8788,77.574,,
4/19/2018 10:45,14.8751,77.749,,
4/19/2018 11:00,14.8781,78.098,,
4/19/2018 11:15,14.8738,78.098,,
4/19/2018 11:30,14.8755,77.923,,
4/19/2018 11:45,14.9276,77.923,,
4/19/2018 12:00,14.9572,78.449,,
4/19/2018 12:15,14.9003,78.274,,
4/19/2018 12:30,14.8912,78.098,,
4/19/2018 12:45,14.8759,78.098,,
4/19/2018 13:00,14.8683,78.449,,
4/19/2018 13:15,14.8604,78.8,,
4/19/2018 13:30,14.8523,78.975,,
4/19/2018 13:45,14.8495,78.8,,
4/19/2018 14:00,14.8479,78.975,,
4/19/2018 14:15,14.8458,78.975,,
4/19/2018 14:30,14.8426,78.624,,
4/19/2018 14:45,14.8388,78.8,,
4/19/2018 15:00,14.84,78.449,,
4/19/2018 15:15,14.8378,78.449,,
4/19/2018 15:30,14.8356,78.449,,
4/19/2018 15:45,14.834,78.624,,
4/19/2018 16:00,14.834,78.624,,
4/19/2018 16:15,14.8313,78.449,,
4/19/2018 16:30,14.8308,78.274,,
4/19/2018 16:45,14.8308,78.274,,
4/19/2018 17:00,14.8369,78.098,,
4/19/2018 17:15,14.8369,78.098,,
4/19/2018 17:30,14.8391,78.098,,
4/19/2018 17:45,14.8391,78.098,,
4/19/2018 18:00,14.8429,77.923,,
4/19/2018 18:15,14.8429,77.923,,
4/19/2018 18:30,14.8407,77.923,,
4/19/2018 18:45,14.845,77.923,,
4/19/2018 19:00,14.8446,77.749,,
4/19/2018 19:15,14.849,77.749,,
4/19/2018 19:30,14.8485,77.574,,
4/19/2018 19:45,14.8551,77.574,,
4/19/2018 20:00,14.8551,77.574,,
4/19/2018 20:15,14.8568,77.4,,
4/19/2018 20:30,14.8588,77.4,,
4/19/2018 20:45,14.8606,77.225,,
4/19/2018 21:00,14.8584,77.225,,
4/19/2018 21:15,14.8627,77.225,,
4/19/2018 21:30,14.8606,77.225,,
4/19/2018 21:45,14.8601,77.05,,
4/19/2018 22:00,14.8623,77.05,,
4/19/2018 22:15,14.858,77.05,,
4/19/2018 22:30,14.8558,77.05,,
4/19/2018 22:45,14.8536,77.05,,
4/19/2018 23:00,14.858,77.05,,
4/19/2018 23:15,14.8558,77.05,,
4/19/2018 23:30,14.8558,77.05,,
4/19/2018 23:45,14.8514,77.05,,
4/20/2018 0:00,14.8514,77.05,,
4/20/2018 0:15,14.8514,77.05,,
4/20/2018 0:30,14.8471,77.05,,
4/20/2018 0:45,14.8427,77.05,,
4/20/2018 1:00,14.8427,77.05,,
4/20/2018 1:15,14.8384,77.05,,
4/20/2018 1:30,14.8384,77.05,,
4/20/2018 1:45,14.8342,77.05,,
4/20/2018 2:00,14.8298,77.05,,
4/20/2018 2:15,14.8298,77.05,,
4/20/2018 2:30,14.832,77.05,,
4/20/2018 2:45,14.8298,77.05,,
4/20/2018 3:00,14.8276,77.05,,
4/20/2018 3:15,14.8276,77.05,,
4/20/2018 3:30,14.8276,77.05,,
4/20/2018 3:45,14.8276,77.05,,
4/20/2018 4:00,14.8298,77.05,,
4/20/2018 4:15,14.8276,77.05,,
4/20/2018 4:30,14.8298,77.05,,
4/20/2018 4:45,14.8342,77.05,,
4/20/2018 5:00,14.8427,77.05,,
4/20/2018 5:15,14.8449,77.05,,
4/20/2018 5:30,14.8384,77.05,,
4/20/2018 5:45,14.8342,77.05,,
4/20/2018 6:00,14.8363,77.05,,
4/20/2018 6:15,14.8384,77.05,,
4/20/2018 6:30,14.8427,77.05,,
4/20/2018 6:45,14.8406,77.05,,
4/20/2018 7:00,14.8427,77.05,,
4/20/2018 7:15,14.8471,77.05,,
4/20/2018 7:30,14.8471,77.05,,
4/20/2018 7:45,14.8493,77.05,,
4/20/2018 8:00,14.8536,77.05,,
4/20/2018 8:15,14.854,77.225,,
4/20/2018 8:30,14.8562,77.225,,
4/20/2018 8:45,14.854,77.225,,
4/20/2018 9:00,14.8568,77.4,,
4/20/2018 9:15,14.8551,77.574,,
4/20/2018 9:30,14.8594,77.574,,
4/20/2018 9:45,14.8598,77.749,,
4/20/2018 10:00,14.8577,77.749,,
4/20/2018 10:15,14.8559,77.923,,
4/20/2018 10:30,14.852,78.098,,
4/20/2018 10:45,14.8482,78.274,,
4/20/2018 11:00,14.8465,78.449,,
4/20/2018 11:15,14.8421,78.449,,
4/20/2018 11:30,14.8361,78.624,,
4/20/2018 11:45,14.8349,78.975,,
4/20/2018 12:00,14.8353,79.151,,
4/20/2018 12:15,14.8332,79.151,,
4/20/2018 12:30,14.831,79.151,,
4/20/2018 12:45,14.8272,79.326,,
4/20/2018 13:00,14.8288,79.151,,
4/20/2018 13:15,14.8272,79.326,,
4/20/2018 13:30,14.8259,79.678,,
4/20/2018 13:45,14.8211,79.502,,
4/20/2018 14:00,14.8207,79.326,,
4/20/2018 14:15,14.8181,79.151,,
4/20/2018 14:30,14.8131,78.975,,
4/20/2018 14:45,14.811,78.975,,
4/20/2018 15:00,14.8088,78.975,,
4/20/2018 15:15,14.8088,78.975,,
4/20/2018 15:30,14.811,78.975,,
4/20/2018 15:45,14.8088,78.975,,
4/20/2018 16:00,14.8175,78.975,,
4/20/2018 16:15,14.8131,78.975,,
4/20/2018 16:30,14.8159,79.151,,
4/20/2018 16:45,14.8131,78.975,,
4/20/2018 17:00,14.8218,78.975,,
4/20/2018 17:15,14.8327,78.975,,
4/20/2018 17:30,14.8305,78.975,,
4/20/2018 17:45,14.8236,78.8,,
4/20/2018 18:00,14.8253,78.624,,
4/20/2018 18:15,14.8231,78.624,,
4/20/2018 18:30,14.8275,78.624,,
4/20/2018 18:45,14.8269,78.449,,
4/20/2018 19:00,14.8291,78.449,,
4/20/2018 19:15,14.8334,78.449,,
4/20/2018 19:30,14.8352,78.274,,
4/20/2018 19:45,14.8395,78.274,,
4/20/2018 20:00,14.8395,78.274,,
4/20/2018 20:15,14.8413,78.098,,
4/20/2018 20:30,14.8456,78.098,,
4/20/2018 20:45,14.85,78.098,,
4/20/2018 21:00,14.8494,77.923,,
4/20/2018 21:15,14.8516,77.923,,
4/20/2018 21:30,14.8537,77.923,,
4/20/2018 21:45,14.8511,77.749,,
4/20/2018 22:00,14.8511,77.749,,
4/20/2018 22:15,14.8529,77.574,,
4/20/2018 22:30,14.8507,77.574,,
4/20/2018 22:45,14.8507,77.574,,
4/20/2018 23:00,14.8481,77.4,,
4/20/2018 23:15,14.8503,77.4,,
4/20/2018 23:30,14.8481,77.4,,
4/20/2018 23:45,14.8475,77.225,,
4/21/2018 0:00,14.8455,77.225,,
4/21/2018 0:15,14.8411,77.225,,
4/21/2018 0:30,14.8411,77.225,,
4/21/2018 0:45,14.8384,77.05,,
4/21/2018 1:00,14.8384,77.05,,
4/21/2018 1:15,14.8342,77.05,,
4/21/2018 1:30,14.8342,77.05,,
4/21/2018 1:45,14.8342,77.05,,
4/21/2018 2:00,14.832,77.05,,
4/21/2018 2:15,14.8314,76.876,,
4/21/2018 2:30,14.8314,76.876,,
4/21/2018 2:45,14.8272,76.876,,
4/21/2018 3:00,14.8272,76.876,,
4/21/2018 3:15,14.8292,76.876,,
4/21/2018 3:30,14.8292,76.876,,
4/21/2018 3:45,14.8272,76.876,,
4/21/2018 4:00,14.8272,76.876,,
4/21/2018 4:15,14.8314,76.876,,
4/21/2018 4:30,14.8314,76.876,,
4/21/2018 4:45,14.8336,76.876,,
4/21/2018 5:00,14.8332,76.703,,
4/21/2018 5:15,14.8332,76.703,,
4/21/2018 5:30,14.8353,76.703,,
4/21/2018 5:45,14.8397,76.703,,
4/21/2018 6:00,14.844,76.703,,
4/21/2018 6:15,14.8419,76.703,,
4/21/2018 6:30,14.844,76.703,,
4/21/2018 6:45,14.8484,76.703,,
4/21/2018 7:00,14.8506,76.703,,
4/21/2018 7:15,14.8527,76.703,,
4/21/2018 7:30,14.8506,76.703,,
4/21/2018 7:45,14.8527,76.703,,
4/21/2018 8:00,14.8571,76.703,,
4/21/2018 8:15,14.8597,76.876,,
4/21/2018 8:30,14.8597,76.876,,
4/21/2018 8:45,14.8597,76.876,,
4/21/2018 9:00,14.858,77.05,,
4/21/2018 9:15,14.8601,77.05,,
4/21/2018 9:30,14.8606,77.225,,
4/21/2018 9:45,14.8627,77.225,,
4/21/2018 10:00,14.861,77.4,,
4/21/2018 10:15,14.8616,77.574,,
4/21/2018 10:30,14.8598,77.749,,
4/21/2018 10:45,14.8564,78.098,,
4/21/2018 11:00,14.8574,78.449,,
4/21/2018 11:15,14.8556,78.624,,
4/21/2018 11:30,14.8535,78.624,,
4/21/2018 11:45,14.8504,78.274,,
4/21/2018 12:00,14.85,78.098,,
4/21/2018 12:15,14.8542,78.098,,
4/21/2018 12:30,14.8738,78.098,,
4/21/2018 12:45,14.8803,78.098,,
4/21/2018 13:00,14.9324,78.098,,
4/21/2018 13:15,14.9145,77.923,,
4/21/2018 13:30,14.908,77.923,,
4/21/2018 13:45,14.9015,77.923,,
4/21/2018 14:00,14.908,77.923,,
4/21/2018 14:15,14.8894,78.274,,
4/21/2018 14:30,14.8781,78.098,,
4/21/2018 14:45,14.869,77.923,,
4/21/2018 15:00,14.8777,77.923,,
4/21/2018 15:15,14.9524,78.274,,
4/21/2018 15:30,15.0681,77.749,,
4/21/2018 15:45,15.0008,77.749,,
4/21/2018 16:00,14.9487,77.749,,
4/21/2018 16:15,14.9167,77.923,,
4/21/2018 16:30,14.8993,77.923,,
4/21/2018 16:45,14.8886,77.923,,
4/21/2018 17:00,14.8825,78.098,,
4/21/2018 17:15,14.8781,78.098,,
4/21/2018 17:30,14.8716,78.098,,
4/21/2018 17:45,14.8716,78.098,,
4/21/2018 18:00,14.869,77.923,,
4/21/2018 18:15,14.869,77.923,,
4/21/2018 18:30,14.869,77.923,,
4/21/2018 18:45,14.869,77.923,,
4/21/2018 19:00,14.8668,77.923,,
4/21/2018 19:15,14.8664,77.749,,
4/21/2018 19:30,14.8664,77.749,,
4/21/2018 19:45,14.8685,77.749,,
4/21/2018 20:00,14.8685,77.749,,
4/21/2018 20:15,14.8701,77.574,,
4/21/2018 20:30,14.8723,77.574,,
4/21/2018 20:45,14.8723,77.574,,
4/21/2018 21:00,14.8719,77.4,,
4/21/2018 21:15,14.8719,77.4,,
4/21/2018 21:30,14.8714,77.225,,
4/21/2018 21:45,14.8693,77.225,,
4/21/2018 22:00,14.8671,77.225,,
4/21/2018 22:15,14.8667,77.05,,
4/21/2018 22:30,14.8623,77.05,,
4/21/2018 22:45,14.8623,77.05,,
4/21/2018 23:00,14.8601,77.05,,
4/21/2018 23:15,14.8553,76.876,,
4/21/2018 23:30,14.8553,76.876,,
4/21/2018 23:45,14.8532,76.876,,
4/22/2018 0:00,14.851,76.876,,
4/22/2018 0:15,14.8484,76.703,,
4/22/2018 0:30,14.8462,76.703,,
4/22/2018 0:45,14.8419,76.703,,
4/22/2018 1:00,14.8392,76.528,,
4/22/2018 1:15,14.8392,76.528,,
4/22/2018 1:30,14.8371,76.528,,
4/22/2018 1:45,14.8349,76.528,,
4/22/2018 2:00,14.8305,76.528,,
4/22/2018 2:15,14.8279,76.354,,
4/22/2018 2:30,14.8258,76.354,,
4/22/2018 2:45,14.8258,76.354,,
4/22/2018 3:00,14.8258,76.354,,
4/22/2018 3:15,14.8258,76.354,,
4/22/2018 3:30,14.8258,76.354,,
4/22/2018 3:45,14.8279,76.354,,
4/22/2018 4:00,14.8258,76.354,,
4/22/2018 4:15,14.8258,76.354,,
4/22/2018 4:30,14.8258,76.354,,
4/22/2018 4:45,14.8258,76.354,,
4/22/2018 5:00,14.8236,76.354,,
4/22/2018 5:15,14.8236,76.354,,
4/22/2018 5:30,14.8214,76.354,,
4/22/2018 5:45,14.8279,76.354,,
4/22/2018 6:00,14.8279,76.354,,
4/22/2018 6:15,14.8323,76.354,,
4/22/2018 6:30,14.8345,76.354,,
4/22/2018 6:45,14.8414,76.528,,
4/22/2018 7:00,14.8414,76.528,,
4/22/2018 7:15,14.8414,76.528,,
4/22/2018 7:30,14.8436,76.528,,
4/22/2018 7:45,14.8436,76.528,,
4/22/2018 8:00,14.8479,76.528,,
4/22/2018 8:15,14.8501,76.528,,
4/22/2018 8:30,14.8506,76.703,,
4/22/2018 8:45,14.8462,76.703,,
4/22/2018 9:00,14.8488,76.876,,
4/22/2018 9:15,14.8488,76.876,,
4/22/2018 9:30,14.8514,77.05,,
4/22/2018 9:45,14.8497,77.225,,
4/22/2018 10:00,14.8503,77.4,,
4/22/2018 10:15,14.8481,77.4,,
4/22/2018 10:30,14.8442,77.574,,
4/22/2018 10:45,14.8446,77.749,,
4/22/2018 11:00,14.8403,77.749,,
4/22/2018 11:15,14.8365,77.923,,
4/22/2018 11:30,14.8347,78.098,,
4/22/2018 11:45,14.8347,78.098,,
4/22/2018 12:00,14.826,78.098,,
4/22/2018 12:15,14.8221,78.274,,
4/22/2018 12:30,14.8188,78.624,,
4/22/2018 12:45,14.8149,78.8,,
4/22/2018 13:00,14.8149,78.8,,
4/22/2018 13:15,14.811,78.975,,
4/22/2018 13:30,14.8088,78.975,,
4/22/2018 13:45,14.805,79.151,,
4/22/2018 14:00,14.8065,79.678,,
4/22/2018 14:15,14.7994,79.502,,
4/22/2018 14:30,14.7985,79.151,,
4/22/2018 14:45,14.7963,79.151,,
4/22/2018 15:00,14.7946,79.326,,
4/22/2018 15:15,14.7937,78.975,,
4/22/2018 15:30,14.7941,79.151,,
4/22/2018 15:45,14.7915,78.975,,
4/22/2018 16:00,14.7937,78.975,,
4/22/2018 16:15,14.7937,78.975,,
4/22/2018 16:30,14.7959,78.975,,
4/22/2018 16:45,14.7953,78.8,,
4/22/2018 17:00,14.797,78.624,,
4/22/2018 17:15,14.8014,78.624,,
4/22/2018 17:30,14.8031,78.449,,
4/22/2018 17:45,14.8053,78.449,,
4/22/2018 18:00,14.8053,78.449,,
4/22/2018 18:15,14.8075,78.449,,
4/22/2018 18:30,14.8092,78.274,,
4/22/2018 18:45,14.8113,78.274,,
4/22/2018 19:00,14.8134,78.274,,
4/22/2018 19:15,14.8156,78.274,,
4/22/2018 19:30,14.8178,78.274,,
4/22/2018 19:45,14.8195,78.098,,
4/22/2018 20:00,14.8217,78.098,,
4/22/2018 20:15,14.8239,78.098,,
4/22/2018 20:30,14.8239,78.098,,
4/22/2018 20:45,14.8256,77.923,,
4/22/2018 21:00,14.8278,77.923,,
4/22/2018 21:15,14.83,77.923,,
4/22/2018 21:30,14.8278,77.923,,
4/22/2018 21:45,14.8294,77.749,,
4/22/2018 22:00,14.8316,77.749,,
4/22/2018 22:15,14.8316,77.749,,
4/22/2018 22:30,14.8294,77.749,,
4/22/2018 22:45,14.8294,77.749,,
4/22/2018 23:00,14.8252,77.749,,
4/22/2018 23:15,14.8246,77.574,,
4/22/2018 23:30,14.8224,77.574,,
4/22/2018 23:45,14.8224,77.574,,
4/23/2018 0:00,14.8202,77.574,,
4/23/2018 0:15,14.8202,77.574,,
4/23/2018 0:30,14.8139,77.574,,
4/23/2018 0:45,14.8117,77.574,,
4/23/2018 1:00,14.8089,77.4,,
4/23/2018 1:15,14.8089,77.4,,
4/23/2018 1:30,14.8089,77.4,,
4/23/2018 1:45,14.8047,77.4,,
4/23/2018 2:00,14.8004,77.4,,
4/23/2018 2:15,14.7982,77.4,,
4/23/2018 2:30,14.7982,77.4,,
4/23/2018 2:45,14.7978,77.225,,
4/23/2018 3:00,14.7978,77.225,,
4/23/2018 3:15,14.7978,77.225,,
4/23/2018 3:30,14.7978,77.225,,
4/23/2018 3:45,14.7956,77.225,,
4/23/2018 4:00,14.7956,77.225,,
4/23/2018 4:15,14.795,77.05,,
4/23/2018 4:30,14.795,77.05,,
4/23/2018 4:45,14.795,77.05,,
4/23/2018 5:00,14.7972,77.05,,
4/23/2018 5:15,14.7994,77.05,,
4/23/2018 5:30,14.7994,77.05,,
4/23/2018 5:45,14.8015,77.05,,
4/23/2018 6:00,14.8015,77.05,,
4/23/2018 6:15,14.8033,76.876,,
4/23/2018 6:30,14.8098,76.876,,
4/23/2018 6:45,14.8142,76.876,,
4/23/2018 7:00,14.8163,76.876,,
4/23/2018 7:15,14.8163,76.876,,
4/23/2018 7:30,14.8207,76.876,,
4/23/2018 7:45,14.8229,76.876,,
4/23/2018 8:00,14.825,76.876,,
4/23/2018 8:15,14.8255,77.05,,
4/23/2018 8:30,14.8276,77.05,,
4/23/2018 8:45,14.8298,77.05,,
4/23/2018 9:00,14.8281,77.225,,
4/23/2018 9:15,14.8263,77.4,,
4/23/2018 9:30,14.8263,77.4,,
4/23/2018 9:45,14.8263,77.4,,
4/23/2018 10:00,14.8268,77.574,,
4/23/2018 10:15,14.8274,77.749,,
4/23/2018 10:30,14.823,77.749,,
4/23/2018 10:45,14.8234,77.923,,
4/23/2018 11:00,14.8239,78.098,,
4/23/2018 11:15,14.8195,78.098,,
4/23/2018 11:30,14.82,78.274,,
4/23/2018 11:45,14.8178,78.274,,
4/23/2018 12:00,14.8156,78.274,,
4/23/2018 12:15,14.8178,78.274,,
4/23/2018 12:30,14.8178,78.274,,
4/23/2018 12:45,14.8247,78.449,,
4/23/2018 13:00,14.8421,78.449,,
4/23/2018 13:15,14.8552,78.449,,
4/23/2018 13:30,14.84,78.449,,
4/23/2018 13:45,14.8279,78.8,,
4/23/2018 14:00,14.8153,78.975,,
4/23/2018 14:15,14.8094,79.151,,
4/23/2018 14:30,14.8007,79.151,,
4/23/2018 14:45,14.8002,78.975,,
4/23/2018 15:00,14.7924,79.326,,
4/23/2018 15:15,14.7915,78.975,,
4/23/2018 15:30,14.7894,78.975,,
4/23/2018 15:45,14.7867,78.8,,
4/23/2018 16:00,14.785,78.975,,
4/23/2018 16:15,14.7894,78.975,,
4/23/2018 16:30,14.7915,78.975,,
4/23/2018 16:45,14.7911,78.8,,
4/23/2018 17:00,14.7911,78.8,,
4/23/2018 17:15,14.7933,78.8,,
4/23/2018 17:30,14.797,78.624,,
4/23/2018 17:45,14.7949,78.624,,
4/23/2018 18:00,14.797,78.624,,
4/23/2018 18:15,14.7966,78.449,,
4/23/2018 18:30,14.7988,78.449,,
4/23/2018 18:45,14.801,78.449,,
4/23/2018 19:00,14.8031,78.449,,
4/23/2018 19:15,14.8049,78.274,,
4/23/2018 19:30,14.8092,78.274,,
4/23/2018 19:45,14.8113,78.274,,
4/23/2018 20:00,14.8108,78.098,,
4/23/2018 20:15,14.813,78.098,,
4/23/2018 20:30,14.8173,78.098,,
4/23/2018 20:45,14.8169,77.923,,
4/23/2018 21:00,14.8169,77.923,,
4/23/2018 21:15,14.8169,77.923,,
4/23/2018 21:30,14.8165,77.749,,
4/23/2018 21:45,14.8187,77.749,,
4/23/2018 22:00,14.8165,77.749,,
4/23/2018 22:15,14.8181,77.574,,
4/23/2018 22:30,14.8139,77.574,,
4/23/2018 22:45,14.816,77.574,,
4/23/2018 23:00,14.8139,77.574,,
4/23/2018 23:15,14.8139,77.574,,
4/23/2018 23:30,14.816,77.574,,
4/23/2018 23:45,14.8181,77.574,,
4/24/2018 0:00,14.8198,77.4,,
4/24/2018 0:15,14.8198,77.4,,
4/24/2018 0:30,14.8155,77.4,,
4/24/2018 0:45,14.8584,77.225,,
4/24/2018 1:00,14.8433,77.225,,
4/24/2018 1:15,14.8281,77.225,,
4/24/2018 1:30,14.8172,77.225,,
4/24/2018 1:45,14.8059,77.05,,
4/24/2018 2:00,14.7994,77.05,,
4/24/2018 2:15,14.795,77.05,,
4/24/2018 2:30,14.795,77.05,,
4/24/2018 2:45,14.7928,77.05,,
4/24/2018 3:00,14.7928,77.05,,
4/24/2018 3:15,14.7907,77.05,,
4/24/2018 3:30,14.8059,77.05,,
4/24/2018 3:45,14.8037,77.05,,
4/24/2018 4:00,14.8037,77.05,,
4/24/2018 4:15,14.8015,77.05,,
4/24/2018 4:30,14.8015,77.05,,
4/24/2018 4:45,14.7994,77.05,,
4/24/2018 5:00,14.8015,77.05,,
4/24/2018 5:15,14.7994,77.05,,
4/24/2018 5:30,14.8015,77.05,,
4/24/2018 5:45,14.8015,77.05,,
4/24/2018 6:00,14.8037,77.05,,
4/24/2018 6:15,14.8059,77.05,,
4/24/2018 6:30,14.8102,77.05,,
4/24/2018 6:45,14.8102,77.05,,
4/24/2018 7:00,14.8124,77.05,,
4/24/2018 7:15,14.8168,77.05,,
4/24/2018 7:30,14.8146,77.05,,
4/24/2018 7:45,14.8168,77.05,,
4/24/2018 8:00,14.8168,77.05,,
4/24/2018 8:15,14.8168,77.05,,
4/24/2018 8:30,14.8172,77.225,,
4/24/2018 8:45,14.8194,77.225,,
4/24/2018 9:00,14.8198,77.4,,
4/24/2018 9:15,14.822,77.4,,
4/24/2018 9:30,14.8224,77.574,,
4/24/2018 9:45,14.8252,77.749,,
4/24/2018 10:00,14.8208,77.749,,
4/24/2018 10:15,14.8213,77.923,,
4/24/2018 10:30,14.8169,77.923,,
4/24/2018 10:45,14.8152,78.098,,
4/24/2018 11:00,14.814,78.449,,
4/24/2018 11:15,14.8075,78.449,,
4/24/2018 11:30,14.8084,78.8,,
4/24/2018 11:45,14.8024,78.975,,
4/24/2018 12:00,14.8007,79.151,,
4/24/2018 12:15,14.8007,79.151,,
4/24/2018 12:30,14.795,79.502,,
4/24/2018 12:45,14.793,79.502,,
4/24/2018 13:00,14.793,79.502,,
4/24/2018 13:15,14.788,79.326,,
4/24/2018 13:30,14.7837,79.326,,
4/24/2018 13:45,14.7795,79.326,,
4/24/2018 14:00,14.7746,79.151,,
4/24/2018 14:15,14.7746,79.151,,
4/24/2018 14:30,14.773,79.326,,
4/24/2018 14:45,14.7724,79.151,,
4/24/2018 15:00,14.7724,79.151,,
4/24/2018 15:15,14.773,79.326,,
4/24/2018 15:30,14.7686,79.326,,
4/24/2018 15:45,14.7708,79.326,,
4/24/2018 16:00,14.7698,78.975,,
4/24/2018 16:15,14.7719,78.975,,
4/24/2018 16:30,14.7737,78.8,,
4/24/2018 16:45,14.7741,78.975,,
4/24/2018 17:00,14.7759,78.8,,
4/24/2018 17:15,14.7802,78.8,,
4/24/2018 17:30,14.7824,78.8,,
4/24/2018 17:45,14.784,78.624,,
4/24/2018 18:00,14.7862,78.624,,
4/24/2018 18:15,14.7883,78.624,,
4/24/2018 18:30,14.7901,78.449,,
4/24/2018 18:45,14.7923,78.449,,
4/24/2018 19:00,14.7901,78.449,,
4/24/2018 19:15,14.7918,78.274,,
4/24/2018 19:30,14.7962,78.274,,
4/24/2018 19:45,14.8005,78.274,,
4/24/2018 20:00,14.8005,78.274,,
4/24/2018 20:15,14.8049,78.274,,
4/24/2018 20:30,14.8065,78.098,,
4/24/2018 20:45,14.8065,78.098,,
4/24/2018 21:00,14.8104,77.923,,
4/24/2018 21:15,14.8147,77.923,,
4/24/2018 21:30,14.8147,77.923,,
4/24/2018 21:45,14.8147,77.923,,
4/24/2018 22:00,14.8143,77.749,,
4/24/2018 22:15,14.8121,77.749,,
4/24/2018 22:30,14.8139,77.574,,
4/24/2018 22:45,14.8095,77.574,,
4/24/2018 23:00,14.8095,77.574,,
4/24/2018 23:15,14.8089,77.4,,
4/24/2018 23:30,14.8089,77.4,,
4/24/2018 23:45,14.8089,77.4,,
4/25/2018 0:00,14.8063,77.225,,
4/25/2018 0:15,14.8085,77.225,,
4/25/2018 0:30,14.8085,77.225,,
4/25/2018 0:45,14.8041,77.225,,
4/25/2018 1:00,14.8015,77.05,,
4/25/2018 1:15,14.7994,77.05,,
4/25/2018 1:30,14.7972,77.05,,
4/25/2018 1:45,14.7924,76.876,,
4/25/2018 2:00,14.7902,76.876,,
4/25/2018 2:15,14.788,76.876,,
4/25/2018 2:30,14.7859,76.876,,
4/25/2018 2:45,14.7837,76.876,,
4/25/2018 3:00,14.7811,76.703,,
4/25/2018 3:15,14.7833,76.703,,
4/25/2018 3:30,14.7854,76.703,,
4/25/2018 3:45,14.7854,76.703,,
4/25/2018 4:00,14.785,76.528,,
4/25/2018 4:15,14.785,76.528,,
4/25/2018 4:30,14.7872,76.528,,
4/25/2018 4:45,14.7872,76.528,,
4/25/2018 5:00,14.7894,76.528,,
4/25/2018 5:15,14.7915,76.528,,
4/25/2018 5:30,14.7911,76.354,,
4/25/2018 5:45,14.7954,76.354,,
4/25/2018 6:00,14.7976,76.354,,
4/25/2018 6:15,14.7976,76.354,,
4/25/2018 6:30,14.7998,76.354,,
4/25/2018 6:45,14.804,76.354,,
4/25/2018 7:00,14.8062,76.354,,
4/25/2018 7:15,14.8105,76.354,,
4/25/2018 7:30,14.8105,76.354,,
4/25/2018 7:45,14.8149,76.354,,
4/25/2018 8:00,14.8149,76.354,,
4/25/2018 8:15,14.8171,76.354,,
4/25/2018 8:30,14.8192,76.354,,
4/25/2018 8:45,14.8218,76.528,,
4/25/2018 9:00,14.8181,76.703,,
4/25/2018 9:15,14.8201,76.703,,
4/25/2018 9:30,14.8229,76.876,,
4/25/2018 9:45,14.8233,77.05,,
4/25/2018 10:00,14.8216,77.225,,
4/25/2018 10:15,14.8211,77.05,,
4/25/2018 10:30,14.8198,77.4,,
4/25/2018 10:45,14.8165,77.749,,
4/25/2018 11:00,14.816,77.574,,
4/25/2018 11:15,14.8139,77.574,,
4/25/2018 11:30,14.8117,77.574,,
4/25/2018 11:45,14.8082,77.923,,
4/25/2018 12:00,14.804,78.8,,
4/25/2018 12:15,14.7985,79.151,,
4/25/2018 12:30,14.7972,79.502,,
4/25/2018 12:45,14.795,79.502,,
4/25/2018 13:00,14.7921,80.029,,
4/25/2018 13:15,14.7912,79.678,,
4/25/2018 13:30,14.7856,80.029,,
4/25/2018 13:45,14.783,79.853,,
4/25/2018 14:00,14.7834,80.029,,
4/25/2018 14:15,14.7818,80.206,,
4/25/2018 14:30,14.7818,80.206,,
4/25/2018 14:45,14.777,80.029,,
4/25/2018 15:00,14.7748,80.029,,
4/25/2018 15:15,14.776,79.678,,
4/25/2018 15:30,14.7756,79.502,,
4/25/2018 15:45,14.7751,79.326,,
4/25/2018 16:00,14.7767,79.151,,
4/25/2018 16:15,14.7785,78.975,,
4/25/2018 16:30,14.7776,78.624,,
4/25/2018 16:45,14.777,78.449,,
4/25/2018 17:00,14.7788,78.274,,
4/25/2018 17:15,14.7805,78.098,,
4/25/2018 17:30,14.7805,78.098,,
4/25/2018 17:45,14.7822,77.923,,
4/25/2018 18:00,14.7844,77.923,,
4/25/2018 18:15,14.7882,77.749,,
4/25/2018 18:30,14.7882,77.749,,
4/25/2018 18:45,14.7921,77.574,,
4/25/2018 19:00,14.7943,77.574,,
4/25/2018 19:15,14.8004,77.4,,
4/25/2018 19:30,14.8026,77.4,,
4/25/2018 19:45,14.8047,77.4,,
4/25/2018 20:00,14.8085,77.225,,
4/25/2018 20:15,14.8128,77.225,,
4/25/2018 20:30,14.8124,77.05,,
4/25/2018 20:45,14.8124,77.05,,
4/25/2018 21:00,14.8124,77.05,,
4/25/2018 21:15,14.8142,76.876,,
4/25/2018 21:30,14.8142,76.876,,
4/25/2018 21:45,14.8142,76.876,,
4/25/2018 22:00,14.8098,76.876,,
4/25/2018 22:15,14.8137,76.703,,
4/25/2018 22:30,14.8137,76.703,,
4/25/2018 22:45,14.8115,76.703,,
4/25/2018 23:00,14.8094,76.703,,
4/25/2018 23:15,14.8094,76.703,,
4/25/2018 23:30,14.8094,76.703,,
4/25/2018 23:45,14.8072,76.703,,
4/26/2018 0:00,14.805,76.703,,
4/26/2018 0:15,14.8028,76.703,,
4/26/2018 0:30,14.7985,76.703,,
4/26/2018 0:45,14.8002,76.528,,
4/26/2018 1:00,14.7959,76.528,,
4/26/2018 1:15,14.7937,76.528,,
4/26/2018 1:30,14.7915,76.528,,
4/26/2018 1:45,14.7894,76.528,,
4/26/2018 2:00,14.7872,76.528,,
4/26/2018 2:15,14.785,76.528,,
4/26/2018 2:30,14.785,76.528,,
4/26/2018 2:45,14.7828,76.528,,
4/26/2018 3:00,14.785,76.528,,
4/26/2018 3:15,14.785,76.528,,
4/26/2018 3:30,14.7824,76.354,,
4/26/2018 3:45,14.7802,76.354,,
4/26/2018 4:00,14.778,76.354,,
4/26/2018 4:15,14.778,76.354,,
4/26/2018 4:30,14.7802,76.354,,
4/26/2018 4:45,14.778,76.354,,
4/26/2018 5:00,14.7759,76.354,,
4/26/2018 5:15,14.778,76.354,,
4/26/2018 5:30,14.7776,76.181,,
4/26/2018 5:45,14.7798,76.181,,
4/26/2018 6:00,14.7798,76.181,,
4/26/2018 6:15,14.782,76.181,,
4/26/2018 6:30,14.7841,76.181,,
4/26/2018 6:45,14.7863,76.181,,
4/26/2018 7:00,14.7901,76.006,,
4/26/2018 7:15,14.7901,76.006,,
4/26/2018 7:30,14.7923,76.006,,
4/26/2018 7:45,14.7923,76.006,,
4/26/2018 8:00,14.7944,76.006,,
4/26/2018 8:15,14.7966,76.006,,
4/26/2018 8:30,14.7944,76.006,,
4/26/2018 8:45,14.797,76.181,,
4/26/2018 9:00,14.797,76.181,,
4/26/2018 9:15,14.7992,76.181,,
4/26/2018 9:30,14.7981,76.528,,
4/26/2018 9:45,14.8007,76.703,,
4/26/2018 10:00,14.8011,76.876,,
4/26/2018 10:15,14.8037,77.05,,
4/26/2018 10:30,14.8015,77.05,,
4/26/2018 10:45,14.795,77.05,,
4/26/2018 11:00,14.7934,77.225,,
4/26/2018 11:15,14.7917,77.4,,
4/26/2018 11:30,14.7917,77.4,,
4/26/2018 11:45,14.7899,77.574,,
4/26/2018 12:00,14.786,77.749,,
4/26/2018 12:15,14.7814,78.449,,
4/26/2018 12:30,14.778,78.8,,
4/26/2018 12:45,14.7748,78.449,,
4/26/2018 13:00,14.7741,78.975,,
4/26/2018 13:15,14.7712,79.502,,
4/26/2018 13:30,14.7669,79.502,,
4/26/2018 13:45,14.7651,79.678,,
4/26/2018 14:00,14.7632,78.975,,
4/26/2018 14:15,14.7602,78.624,,
4/26/2018 14:30,14.7558,78.624,,
4/26/2018 14:45,14.7532,78.449,,
4/26/2018 15:00,14.7511,78.449,,
4/26/2018 15:15,14.7503,78.975,,
4/26/2018 15:30,14.7503,78.975,,
4/26/2018 15:45,14.7476,78.8,,
4/26/2018 16:00,14.7498,78.8,,
4/26/2018 16:15,14.7532,78.449,,
4/26/2018 16:30,14.7506,78.274,,
4/26/2018 16:45,14.7528,78.274,,
4/26/2018 17:00,14.7518,77.923,,
4/26/2018 17:15,14.7561,77.923,,
4/26/2018 17:30,14.7557,77.749,,
4/26/2018 17:45,14.7579,77.749,,
4/26/2018 18:00,14.7731,77.749,,
4/26/2018 18:15,14.7747,77.574,,
4/26/2018 18:30,14.7769,77.574,,
4/26/2018 18:45,14.7769,77.574,,
4/26/2018 19:00,14.7786,77.4,,
4/26/2018 19:15,14.7808,77.4,,
4/26/2018 19:30,14.7851,77.4,,
4/26/2018 19:45,14.7895,77.4,,
4/26/2018 20:00,14.7912,77.225,,
4/26/2018 20:15,14.7956,77.225,,
4/26/2018 20:30,14.7978,77.225,,
4/26/2018 20:45,14.7972,77.05,,
4/26/2018 21:00,14.7972,77.05,,
4/26/2018 21:15,14.8015,77.05,,
4/26/2018 21:30,14.8011,76.876,,
4/26/2018 21:45,14.8011,76.876,,
4/26/2018 22:00,14.8011,76.876,,
4/26/2018 22:15,14.8011,76.876,,
4/26/2018 22:30,14.7985,76.703,,
4/26/2018 22:45,14.7985,76.703,,
4/26/2018 23:00,14.8007,76.703,,
4/26/2018 23:15,14.7985,76.703,,
4/26/2018 23:30,14.7941,76.703,,
4/26/2018 23:45,14.7941,76.703,,
4/27/2018 0:00,14.792,76.703,,
4/27/2018 0:15,14.7941,76.703,,
4/27/2018 0:30,14.7898,76.703,,
4/27/2018 0:45,14.785,76.528,,
4/27/2018 1:00,14.7811,76.703,,
4/27/2018 1:15,14.7785,76.528,,
4/27/2018 1:30,14.7767,76.703,,
4/27/2018 1:45,14.7763,76.528,,
4/27/2018 2:00,14.7763,76.528,,
4/27/2018 2:15,14.7741,76.528,,
4/27/2018 2:30,14.7698,76.528,,
4/27/2018 2:45,14.7698,76.528,,
4/27/2018 3:00,14.7698,76.528,,
4/27/2018 3:15,14.7698,76.528,,
4/27/2018 3:30,14.7698,76.528,,
4/27/2018 3:45,14.7698,76.528,,
4/27/2018 4:00,14.7719,76.528,,
4/27/2018 4:15,14.7719,76.528,,
4/27/2018 4:30,14.7719,76.528,,
4/27/2018 4:45,14.7719,76.528,,
4/27/2018 5:00,14.7741,76.528,,
4/27/2018 5:15,14.7763,76.528,,
4/27/2018 5:30,14.7763,76.528,,
4/27/2018 5:45,14.7785,76.528,,
4/27/2018 6:00,14.785,76.528,,
4/27/2018 6:15,14.785,76.528,,
4/27/2018 6:30,14.7911,76.354,,
4/27/2018 6:45,14.7933,76.354,,
4/27/2018 7:00,14.7933,76.354,,
4/27/2018 7:15,14.7954,76.354,,
4/27/2018 7:30,14.7998,76.354,,
4/27/2018 7:45,14.804,76.354,,
4/27/2018 8:00,14.804,76.354,,
4/27/2018 8:15,14.8062,76.354,,
4/27/2018 8:30,14.8068,76.528,,
4/27/2018 8:45,14.8068,76.528,,
4/27/2018 9:00,14.8094,76.703,,
4/27/2018 9:15,14.8098,76.876,,
4/27/2018 9:30,14.8124,77.05,,
4/27/2018 9:45,14.8128,77.225,,
4/27/2018 10:00,14.8111,77.4,,
4/27/2018 10:15,14.8133,77.4,,
4/27/2018 10:30,14.8128,77.225,,
4/27/2018 10:45,14.8107,77.225,,
4/27/2018 11:00,14.8107,77.225,,
4/27/2018 11:15,14.8107,77.225,,
4/27/2018 11:30,14.8085,77.225,,
4/27/2018 11:45,14.8089,77.4,,
4/27/2018 12:00,14.8172,77.225,,
4/27/2018 12:15,14.835,77.4,,
4/27/2018 12:30,14.8632,77.4,,
4/27/2018 12:45,14.8455,77.225,,
4/27/2018 13:00,14.8381,77.749,,
4/27/2018 13:15,14.8268,77.574,,
4/27/2018 13:30,14.816,77.574,,
4/27/2018 13:45,14.8307,77.4,,
4/27/2018 14:00,15.0047,77.574,,
4/27/2018 14:15,14.9947,77.05,,
4/27/2018 14:30,14.9187,77.05,,
4/27/2018 14:45,14.8775,77.05,,
4/27/2018 15:00,14.8558,77.05,,
4/27/2018 15:15,14.8697,77.4,,
4/27/2018 15:30,15.0174,77.4,,
4/27/2018 15:45,15.1766,76.876,,
4/27/2018 16:00,15.0597,77.05,,
4/27/2018 16:15,14.9751,77.05,,
4/27/2018 16:30,14.9318,77.05,,
4/27/2018 16:45,14.8991,77.05,,
4/27/2018 17:00,14.8758,77.225,,
4/27/2018 17:15,14.8627,77.225,,
4/27/2018 17:30,14.854,77.225,,
4/27/2018 17:45,14.8497,77.225,,
4/27/2018 18:00,14.8455,77.225,,
4/27/2018 18:15,14.839,77.225,,
4/27/2018 18:30,14.8368,77.225,,
4/27/2018 18:45,14.8368,77.225,,
4/27/2018 19:00,14.8346,77.225,,
4/27/2018 19:15,14.8346,77.225,,
4/27/2018 19:30,14.8324,77.225,,
4/27/2018 19:45,14.8324,77.225,,
4/27/2018 20:00,14.832,77.05,,
4/27/2018 20:15,14.8298,77.05,,
4/27/2018 20:30,14.8276,77.05,,
4/27/2018 20:45,14.8255,77.05,,
4/27/2018 21:00,14.8292,76.876,,
4/27/2018 21:15,14.8292,76.876,,
4/27/2018 21:30,14.8314,76.876,,
4/27/2018 21:45,14.8314,76.876,,
4/27/2018 22:00,14.8266,76.703,,
4/27/2018 22:15,14.8266,76.703,,
4/27/2018 22:30,14.8288,76.703,,
4/27/2018 22:45,14.8266,76.703,,
4/27/2018 23:00,14.8245,76.703,,
4/27/2018 23:15,14.8218,76.528,,
4/27/2018 23:30,14.8218,76.528,,
4/27/2018 23:45,14.8197,76.528,,
4/28/2018 0:00,14.8197,76.528,,
4/28/2018 0:15,14.8175,76.528,,
4/28/2018 0:30,14.8175,76.528,,
4/28/2018 0:45,14.8153,76.528,,
4/28/2018 1:00,14.8175,76.528,,
4/28/2018 1:15,14.8153,76.528,,
4/28/2018 1:30,14.811,76.528,,
4/28/2018 1:45,14.8089,76.528,,
4/28/2018 2:00,14.8105,76.354,,
4/28/2018 2:15,14.8062,76.354,,
4/28/2018 2:30,14.802,76.354,,
4/28/2018 2:45,14.802,76.354,,
4/28/2018 3:00,14.7998,76.354,,
4/28/2018 3:15,14.7954,76.354,,
4/28/2018 3:30,14.7954,76.354,,
4/28/2018 3:45,14.7954,76.354,,
4/28/2018 4:00,14.7954,76.354,,
4/28/2018 4:15,14.7954,76.354,,
4/28/2018 4:30,14.795,76.181,,
4/28/2018 4:45,14.797,76.181,,
4/28/2018 5:00,14.795,76.181,,
4/28/2018 5:15,14.795,76.181,,
4/28/2018 5:30,14.795,76.181,,
4/28/2018 5:45,14.7992,76.181,,
4/28/2018 6:00,14.8036,76.181,,
4/28/2018 6:15,14.8057,76.181,,
4/28/2018 6:30,14.8079,76.181,,
4/28/2018 6:45,14.8101,76.181,,
4/28/2018 7:00,14.8123,76.181,,
4/28/2018 7:15,14.8123,76.181,,
4/28/2018 7:30,14.8144,76.181,,
4/28/2018 7:45,14.8166,76.181,,
4/28/2018 8:00,14.8166,76.181,,
4/28/2018 8:15,14.8188,76.181,,
4/28/2018 8:30,14.821,76.181,,
4/28/2018 8:45,14.8236,76.354,,
4/28/2018 9:00,14.8262,76.528,,
4/28/2018 9:15,14.8262,76.528,,
4/28/2018 9:30,14.8223,76.703,,
4/28/2018 9:45,14.8272,76.876,,
4/28/2018 10:00,14.8276,77.05,,
4/28/2018 10:15,14.8237,77.225,,
4/28/2018 10:30,14.8263,77.4,,
4/28/2018 10:45,14.8242,77.4,,
4/28/2018 11:00,14.8237,77.225,,
4/28/2018 11:15,14.8216,77.225,,
4/28/2018 11:30,14.8176,77.4,,
4/28/2018 11:45,14.8176,77.4,,
4/28/2018 12:00,14.8155,77.4,,
4/28/2018 12:15,14.8139,77.574,,
4/28/2018 12:30,14.816,77.574,,
4/28/2018 12:45,14.8117,77.574,,
4/28/2018 13:00,14.8117,77.574,,
4/28/2018 13:15,14.8181,77.574,,
4/28/2018 13:30,14.8165,77.749,,
4/28/2018 13:45,14.8126,77.923,,
4/28/2018 14:00,14.806,77.923,,
4/28/2018 14:15,14.8017,77.923,,
4/28/2018 14:30,14.7973,77.923,,
4/28/2018 14:45,14.793,77.923,,
4/28/2018 15:00,14.787,78.098,,
4/28/2018 15:15,14.7827,78.098,,
4/28/2018 15:30,14.7805,78.098,,
4/28/2018 15:45,14.7805,78.098,,
4/28/2018 16:00,14.7783,78.098,,
4/28/2018 16:15,14.7783,78.098,,
4/28/2018 16:30,14.7801,77.923,,
4/28/2018 16:45,14.7822,77.923,,
4/28/2018 17:00,14.7844,77.923,,
4/28/2018 17:15,14.786,77.749,,
4/28/2018 17:30,14.7882,77.749,,
4/28/2018 17:45,14.7904,77.749,,
4/28/2018 18:00,14.7899,77.574,,
4/28/2018 18:15,14.7921,77.574,,
4/28/2018 18:30,14.7965,77.574,,
4/28/2018 18:45,14.7965,77.574,,
4/28/2018 19:00,14.796,77.4,,
4/28/2018 19:15,14.8004,77.4,,
4/28/2018 19:30,14.8026,77.4,,
4/28/2018 19:45,14.8047,77.4,,
4/28/2018 20:00,14.8063,77.225,,
4/28/2018 20:15,14.8085,77.225,,
4/28/2018 20:30,14.8085,77.225,,
4/28/2018 20:45,14.8128,77.225,,
4/28/2018 21:00,14.8124,77.05,,
4/28/2018 21:15,14.8124,77.05,,
4/28/2018 21:30,14.8146,77.05,,
4/28/2018 21:45,14.8146,77.05,,
4/28/2018 22:00,14.8146,77.05,,
4/28/2018 22:15,14.812,76.876,,
4/28/2018 22:30,14.8142,76.876,,
4/28/2018 22:45,14.8142,76.876,,
4/28/2018 23:00,14.8142,76.876,,
4/28/2018 23:15,14.812,76.876,,
4/28/2018 23:30,14.8094,76.703,,
4/28/2018 23:45,14.8115,76.703,,
4/29/2018 0:00,14.8094,76.703,,
4/29/2018 0:15,14.8094,76.703,,
4/29/2018 0:30,14.8094,76.703,,
4/29/2018 0:45,14.8072,76.703,,
4/29/2018 1:00,14.805,76.703,,
4/29/2018 1:15,14.8002,76.528,,
4/29/2018 1:30,14.7981,76.528,,
4/29/2018 1:45,14.7959,76.528,,
4/29/2018 2:00,14.7959,76.528,,
4/29/2018 2:15,14.7937,76.528,,
4/29/2018 2:30,14.7894,76.528,,
4/29/2018 2:45,14.7872,76.528,,
4/29/2018 3:00,14.785,76.528,,
4/29/2018 3:15,14.7828,76.528,,
4/29/2018 3:30,14.7807,76.528,,
4/29/2018 3:45,14.7807,76.528,,
4/29/2018 4:00,14.7807,76.528,,
4/29/2018 4:15,14.7828,76.528,,
4/29/2018 4:30,14.7828,76.528,,
4/29/2018 4:45,14.7785,76.528,,
4/29/2018 5:00,14.7807,76.528,,
4/29/2018 5:15,14.7807,76.528,,
4/29/2018 5:30,14.7828,76.528,,
4/29/2018 5:45,14.7828,76.528,,
4/29/2018 6:00,14.7828,76.528,,
4/29/2018 6:15,14.7846,76.354,,
4/29/2018 6:30,14.7872,76.528,,
4/29/2018 6:45,14.7889,76.354,,
4/29/2018 7:00,14.7937,76.528,,
4/29/2018 7:15,14.7981,76.528,,
4/29/2018 7:30,14.8002,76.528,,
4/29/2018 7:45,14.8024,76.528,,
4/29/2018 8:00,14.8024,76.528,,
4/29/2018 8:15,14.8046,76.528,,
4/29/2018 8:30,14.8046,76.528,,
4/29/2018 8:45,14.8094,76.703,,
4/29/2018 9:00,14.8094,76.703,,
4/29/2018 9:15,14.8102,77.05,,
4/29/2018 9:30,14.8124,77.05,,
4/29/2018 9:45,14.8107,77.225,,
4/29/2018 10:00,14.8139,77.574,,
4/29/2018 10:15,14.8126,77.923,,
4/29/2018 10:30,14.8121,77.749,,
4/29/2018 10:45,14.8126,77.923,,
4/29/2018 11:00,14.8118,78.449,,
4/29/2018 11:15,14.8084,78.8,,
4/29/2018 11:30,14.8062,78.8,,
4/29/2018 11:45,14.805,79.151,,
4/29/2018 12:00,14.7989,79.326,,
4/29/2018 12:15,14.7978,79.678,,
4/29/2018 12:30,14.796,79.853,,
4/29/2018 12:45,14.7927,80.206,,
4/29/2018 13:00,14.7909,80.382,,
4/29/2018 13:15,14.787,80.559,,
4/29/2018 13:30,14.787,80.559,,
4/29/2018 13:45,14.7849,80.559,,
4/29/2018 14:00,14.7811,80.735,,
4/29/2018 14:15,14.7805,80.559,,
4/29/2018 14:30,14.7789,80.735,,
4/29/2018 14:45,14.7767,80.735,,
4/29/2018 15:00,14.7762,80.559,,
4/29/2018 15:15,14.7757,80.382,,
4/29/2018 15:30,14.7775,80.206,,
4/29/2018 15:45,14.7748,80.029,,
4/29/2018 16:00,14.7721,79.853,,
4/29/2018 16:15,14.7778,79.502,,
4/29/2018 16:30,14.7773,79.326,,
4/29/2018 16:45,14.7789,79.151,,
4/29/2018 17:00,14.7785,78.975,,
4/29/2018 17:15,14.7802,78.8,,
4/29/2018 17:30,14.7802,78.8,,
4/29/2018 17:45,14.784,78.624,,
4/29/2018 18:00,14.7883,78.624,,
4/29/2018 18:15,14.7879,78.449,,
4/29/2018 18:30,14.7901,78.449,,
4/29/2018 18:45,14.7923,78.449,,
4/29/2018 19:00,14.7918,78.274,,
4/29/2018 19:15,14.7962,78.274,,
4/29/2018 19:30,14.7962,78.274,,
4/29/2018 19:45,14.8001,78.098,,
4/29/2018 20:00,14.8043,78.098,,
4/29/2018 20:15,14.8065,78.098,,
4/29/2018 20:30,14.8082,77.923,,
4/29/2018 20:45,14.8104,77.923,,
4/29/2018 21:00,14.8104,77.923,,
4/29/2018 21:15,14.8143,77.749,,
4/29/2018 21:30,14.8143,77.749,,
4/29/2018 21:45,14.8165,77.749,,
4/29/2018 22:00,14.8165,77.749,,
4/29/2018 22:15,14.8181,77.574,,
4/29/2018 22:30,14.8181,77.574,,
4/29/2018 22:45,14.816,77.574,,
4/29/2018 23:00,14.816,77.574,,
4/29/2018 23:15,14.8133,77.4,,
4/29/2018 23:30,14.8133,77.4,,
4/29/2018 23:45,14.8155,77.4,,
4/30/2018 0:00,14.8155,77.4,,
4/30/2018 0:15,14.8128,77.225,,
4/30/2018 0:30,14.8128,77.225,,
4/30/2018 0:45,14.8107,77.225,,
4/30/2018 1:00,14.8085,77.225,,
4/30/2018 1:15,14.8063,77.225,,
4/30/2018 1:30,14.8085,77.225,,
4/30/2018 1:45,14.8085,77.225,,
4/30/2018 2:00,14.8059,77.05,,
4/30/2018 2:15,14.8059,77.05,,
4/30/2018 2:30,14.8059,77.05,,
4/30/2018 2:45,14.8059,77.05,,
4/30/2018 3:00,14.8015,77.05,,
4/30/2018 3:15,14.7994,77.05,,
4/30/2018 3:30,14.7994,77.05,,
4/30/2018 3:45,14.7994,77.05,,
4/30/2018 4:00,14.8011,76.876,,
4/30/2018 4:15,14.8011,76.876,,
4/30/2018 4:30,14.7989,76.876,,
4/30/2018 4:45,14.8011,76.876,,
4/30/2018 5:00,14.8011,76.876,,
4/30/2018 5:15,14.8033,76.876,,
4/30/2018 5:30,14.8055,76.876,,
4/30/2018 5:45,14.8072,76.703,,
4/30/2018 6:00,14.812,76.876,,
4/30/2018 6:15,14.8098,76.876,,
4/30/2018 6:30,14.8163,76.876,,
4/30/2018 6:45,14.8207,76.876,,
4/30/2018 7:00,14.8229,76.876,,
4/30/2018 7:15,14.8185,76.876,,
4/30/2018 7:30,14.8207,76.876,,
4/30/2018 7:45,14.8229,76.876,,
4/30/2018 8:00,14.825,76.876,,
4/30/2018 8:15,14.825,76.876,,
4/30/2018 8:30,14.8272,76.876,,
4/30/2018 8:45,14.8298,77.05,,
4/30/2018 9:00,14.8281,77.225,,
4/30/2018 9:15,14.8307,77.4,,
4/30/2018 9:30,14.8333,77.574,,
4/30/2018 9:45,14.8337,77.749,,
4/30/2018 10:00,14.8294,77.749,,
4/30/2018 10:15,14.8256,77.923,,
4/30/2018 10:30,14.8265,78.274,,
4/30/2018 10:45,14.8231,78.624,,
4/30/2018 11:00,14.8197,78.975,,
4/30/2018 11:15,14.8163,79.326,,
4/30/2018 11:30,14.8146,79.502,,
4/30/2018 11:45,14.8134,79.853,,
4/30/2018 12:00,14.8128,79.678,,
4/30/2018 12:15,14.8117,80.029,,
4/30/2018 12:30,14.8056,80.206,,
4/30/2018 12:45,14.8012,80.206,,
4/30/2018 13:00,14.7986,80.029,,
4/30/2018 13:15,14.797,80.206,,
4/30/2018 13:30,14.7936,80.559,,
4/30/2018 13:45,14.7918,80.735,,
4/30/2018 14:00,14.7902,80.911,,
4/30/2018 14:15,14.7837,80.911,,
4/30/2018 14:30,14.7815,80.911,,
4/30/2018 14:45,14.7789,80.735,,
4/30/2018 15:00,14.7767,80.735,,
4/30/2018 15:15,14.7783,80.559,,
4/30/2018 15:30,14.7779,80.382,,
4/30/2018 15:45,14.7753,80.206,,
4/30/2018 16:00,14.777,80.029,,
4/30/2018 16:15,14.7782,79.678,,
4/30/2018 16:30,14.7751,79.326,,
4/30/2018 16:45,14.7789,79.151,,
4/30/2018 17:00,14.7785,78.975,,
4/30/2018 17:15,14.7759,78.8,,
4/30/2018 17:30,14.778,78.8,,
4/30/2018 17:45,14.7776,78.624,,
4/30/2018 18:00,14.782,78.624,,
4/30/2018 18:15,14.7814,78.449,,
4/30/2018 18:30,14.7814,78.449,,
4/30/2018 18:45,14.7814,78.449,,
4/30/2018 19:00,14.7814,78.449,,
4/30/2018 19:15,14.7831,78.274,,
4/30/2018 19:30,14.7853,78.274,,
4/30/2018 19:45,14.7875,78.274,,
4/30/2018 20:00,14.7914,78.098,,
4/30/2018 20:15,14.7936,78.098,,
4/30/2018 20:30,14.7957,78.098,,
4/30/2018 20:45,14.7957,78.098,,
4/30/2018 21:00,14.7973,77.923,,
4/30/2018 21:15,14.793,77.923,,
4/30/2018 21:30,14.793,77.923,,
4/30/2018 21:45,14.7952,77.923,,
4/30/2018 22:00,14.7969,77.749,,
4/30/2018 22:15,14.7947,77.749,,
4/30/2018 22:30,14.7969,77.749,,
4/30/2018 22:45,14.7947,77.749,,
4/30/2018 23:00,14.7947,77.749,,
4/30/2018 23:15,14.7991,77.749,,
4/30/2018 23:30,14.7986,77.574,,
4/30/2018 23:45,14.7965,77.574,,
5/1/2018 0:00,14.7986,77.574,,
5/1/2018 0:15,14.7943,77.574,,
5/1/2018 0:30,14.7943,77.574,,
5/1/2018 0:45,14.7943,77.574,,
5/1/2018 1:00,14.7921,77.574,,
5/1/2018 1:15,14.7899,77.574,,
5/1/2018 1:30,14.7856,77.574,,
5/1/2018 1:45,14.7873,77.4,,
5/1/2018 2:00,14.7851,77.4,,
5/1/2018 2:15,14.783,77.4,,
5/1/2018 2:30,14.783,77.4,,
5/1/2018 2:45,14.7808,77.4,,
5/1/2018 3:00,14.7786,77.4,,
5/1/2018 3:15,14.7764,77.4,,
5/1/2018 3:30,14.7764,77.4,,
5/1/2018 3:45,14.7738,77.225,,
5/1/2018 4:00,14.7738,77.225,,
5/1/2018 4:15,14.7695,77.225,,
5/1/2018 4:30,14.7695,77.225,,
5/1/2018 4:45,14.7651,77.225,,
5/1/2018 5:00,14.7651,77.225,,
5/1/2018 5:15,14.7651,77.225,,
5/1/2018 5:30,14.7647,77.05,,
5/1/2018 5:45,14.7647,77.05,,
5/1/2018 6:00,14.7712,77.05,,
5/1/2018 6:15,14.7712,77.05,,
5/1/2018 6:30,14.7734,77.05,,
5/1/2018 6:45,14.7756,77.05,,
5/1/2018 7:00,14.7804,77.225,,
5/1/2018 7:15,14.7825,77.225,,
5/1/2018 7:30,14.7869,77.225,,
5/1/2018 7:45,14.7869,77.225,,
5/1/2018 8:00,14.7869,77.225,,
5/1/2018 8:15,14.7895,77.4,,
5/1/2018 8:30,14.7917,77.4,,
5/1/2018 8:45,14.7943,77.574,,
5/1/2018 9:00,14.7969,77.749,,
5/1/2018 9:15,14.7991,77.749,,
5/1/2018 9:30,14.7995,77.923,,
5/1/2018 9:45,14.8001,78.098,,
5/1/2018 10:00,14.8005,78.274,,
5/1/2018 10:15,14.8027,78.274,,
5/1/2018 10:30,14.7983,78.274,,
5/1/2018 10:45,14.797,78.624,,
5/1/2018 11:00,14.797,78.624,,
5/1/2018 11:15,14.7975,78.8,,
5/1/2018 11:30,14.7963,79.151,,
5/1/2018 11:45,14.7946,79.326,,
5/1/2018 12:00,14.7963,79.151,,
5/1/2018 12:15,14.7902,79.326,,
5/1/2018 12:30,14.7873,79.853,,
5/1/2018 12:45,14.7862,80.206,,
5/1/2018 13:00,14.7827,80.559,,
5/1/2018 13:15,14.7789,80.735,,
5/1/2018 13:30,14.7767,80.735,,
5/1/2018 13:45,14.7772,80.911,,
5/1/2018 14:00,14.7754,81.09,,
5/1/2018 14:15,14.7733,81.09,,
5/1/2018 14:30,14.7689,81.09,,
5/1/2018 14:45,14.7685,80.911,,
5/1/2018 15:00,14.7663,80.911,,
5/1/2018 15:15,14.7659,80.735,,
5/1/2018 15:30,14.7676,80.559,,
5/1/2018 15:45,14.7666,80.206,,
5/1/2018 16:00,14.764,80.029,,
5/1/2018 16:15,14.763,79.678,,
5/1/2018 16:30,14.7625,79.502,,
5/1/2018 16:45,14.7643,79.326,,
5/1/2018 17:00,14.766,79.151,,
5/1/2018 17:15,14.766,79.151,,
5/1/2018 17:30,14.7654,78.975,,
5/1/2018 17:45,14.7676,78.975,,
5/1/2018 18:00,14.7693,78.8,,
5/1/2018 18:15,14.7715,78.8,,
5/1/2018 18:30,14.7754,78.624,,
5/1/2018 18:45,14.7776,78.624,,
5/1/2018 19:00,14.7792,78.449,,
5/1/2018 19:15,14.7814,78.449,,
5/1/2018 19:30,14.7857,78.449,,
5/1/2018 19:45,14.7879,78.449,,
5/1/2018 20:00,14.794,78.274,,
5/1/2018 20:15,14.794,78.274,,
5/1/2018 20:30,14.7962,78.274,,
5/1/2018 20:45,14.8005,78.274,,
5/1/2018 21:00,14.8001,78.098,,
5/1/2018 21:15,14.8001,78.098,,
5/1/2018 21:30,14.8021,78.098,,
5/1/2018 21:45,14.8021,78.098,,
5/1/2018 22:00,14.8001,78.098,,
5/1/2018 22:15,14.8017,77.923,,
5/1/2018 22:30,14.8017,77.923,,
5/1/2018 22:45,14.8017,77.923,,
5/1/2018 23:00,14.8017,77.923,,
5/1/2018 23:15,14.8017,77.923,,
5/1/2018 23:30,14.7991,77.749,,
5/1/2018 23:45,14.7969,77.749,,
5/2/2018 0:00,14.7947,77.749,,
5/2/2018 0:15,14.7925,77.749,,
5/2/2018 0:30,14.7943,77.574,,
5/2/2018 0:45,14.7965,77.574,,
5/2/2018 1:00,14.7943,77.574,,
5/2/2018 1:15,14.7878,77.574,,
5/2/2018 1:30,14.7878,77.574,,
5/2/2018 1:45,14.7856,77.574,,
5/2/2018 2:00,14.7834,77.574,,
5/2/2018 2:15,14.7834,77.574,,
5/2/2018 2:30,14.7812,77.574,,
5/2/2018 2:45,14.7791,77.574,,
5/2/2018 3:00,14.7786,77.4,,
5/2/2018 3:15,14.7764,77.4,,
5/2/2018 3:30,14.7743,77.4,,
5/2/2018 3:45,14.7764,77.4,,
5/2/2018 4:00,14.7764,77.4,,
5/2/2018 4:15,14.7764,77.4,,
5/2/2018 4:30,14.7825,77.225,,
5/2/2018 4:45,14.7825,77.225,,
5/2/2018 5:00,14.7869,77.225,,
5/2/2018 5:15,14.7847,77.225,,
5/2/2018 5:30,14.7869,77.225,,
5/2/2018 5:45,14.7891,77.225,,
5/2/2018 6:00,14.7891,77.225,,
5/2/2018 6:15,14.7912,77.225,,
5/2/2018 6:30,14.7934,77.225,,
5/2/2018 6:45,14.7956,77.225,,
5/2/2018 7:00,14.8085,77.225,,
5/2/2018 7:15,14.8133,77.4,,
5/2/2018 7:30,14.8198,77.4,,
5/2/2018 7:45,14.8263,77.4,,
5/2/2018 8:00,14.8307,77.4,,
5/2/2018 8:15,14.8372,77.4,,
5/2/2018 8:30,14.8416,77.4,,
5/2/2018 8:45,14.8524,77.4,,
5/2/2018 9:00,14.8588,77.4,,
5/2/2018 9:15,14.8762,77.4,,
5/2/2018 9:30,14.8745,77.574,,
5/2/2018 9:45,14.8701,77.574,,
5/2/2018 10:00,14.8638,77.574,,
5/2/2018 10:15,14.8572,77.574,,
5/2/2018 10:30,14.8511,77.749,,
5/2/2018 10:45,14.8446,77.749,,
5/2/2018 11:00,14.8387,77.923,,
5/2/2018 11:15,14.8321,77.923,,
5/2/2018 11:30,14.8256,77.923,,
5/2/2018 11:45,14.8213,77.923,,
5/2/2018 12:00,14.8169,77.923,,
5/2/2018 12:15,14.8152,78.098,,
5/2/2018 12:30,14.8134,78.274,,
5/2/2018 12:45,14.8097,78.449,,
5/2/2018 13:00,14.8079,78.624,,
5/2/2018 13:15,14.8084,78.8,,
5/2/2018 13:30,14.8062,78.8,,
5/2/2018 13:45,14.8024,78.975,,
5/2/2018 14:00,14.7985,79.151,,
5/2/2018 14:15,14.7941,79.151,,
5/2/2018 14:30,14.792,79.151,,
5/2/2018 14:45,14.7859,79.326,,
5/2/2018 15:00,14.7825,79.678,,
5/2/2018 15:15,14.7786,79.853,,
5/2/2018 15:30,14.7782,79.678,,
5/2/2018 15:45,14.7789,79.151,,
5/2/2018 16:00,14.785,78.975,,
5/2/2018 16:15,14.785,78.975,,
5/2/2018 16:30,14.7846,78.8,,
5/2/2018 16:45,14.7889,78.8,,
5/2/2018 17:00,14.7883,78.624,,
5/2/2018 17:15,14.7905,78.624,,
5/2/2018 17:30,14.7879,78.449,,
5/2/2018 17:45,14.7944,78.449,,
5/2/2018 18:00,14.7944,78.449,,
5/2/2018 18:15,14.794,78.274,,
5/2/2018 18:30,14.7962,78.274,,
5/2/2018 18:45,14.7983,78.274,,
5/2/2018 19:00,14.8001,78.098,,
5/2/2018 19:15,14.8065,78.098,,
5/2/2018 19:30,14.8065,78.098,,
5/2/2018 19:45,14.806,77.923,,
5/2/2018 20:00,14.8039,77.923,,
5/2/2018 20:15,14.8039,77.923,,
5/2/2018 20:30,14.806,77.923,,
5/2/2018 20:45,14.8056,77.749,,
5/2/2018 21:00,14.8078,77.749,,
5/2/2018 21:15,14.8099,77.749,,
5/2/2018 21:30,14.8099,77.749,,
5/2/2018 21:45,14.8117,77.574,,
5/2/2018 22:00,14.8095,77.574,,
5/2/2018 22:15,14.8117,77.574,,
5/2/2018 22:30,14.8111,77.4,,
5/2/2018 22:45,14.8089,77.4,,
5/2/2018 23:00,14.8089,77.4,,
5/2/2018 23:15,14.8041,77.225,,
5/2/2018 23:30,14.8041,77.225,,
5/2/2018 23:45,14.802,77.225,,
5/3/2018 0:00,14.802,77.225,,
5/3/2018 0:15,14.7994,77.05,,
5/3/2018 0:30,14.795,77.05,,
5/3/2018 0:45,14.7972,77.05,,
5/3/2018 1:00,14.7968,76.876,,
5/3/2018 1:15,14.7946,76.876,,
5/3/2018 1:30,14.7924,76.876,,
5/3/2018 1:45,14.788,76.876,,
5/3/2018 2:00,14.7876,76.703,,
5/3/2018 2:15,14.7876,76.703,,
5/3/2018 2:30,14.7876,76.703,,
5/3/2018 2:45,14.7854,76.703,,
5/3/2018 3:00,14.7807,76.528,,
5/3/2018 3:15,14.785,76.528,,
5/3/2018 3:30,14.7828,76.528,,
5/3/2018 3:45,14.7807,76.528,,
5/3/2018 4:00,14.7802,76.354,,
5/3/2018 4:15,14.7824,76.354,,
5/3/2018 4:30,14.7802,76.354,,
5/3/2018 4:45,14.7824,76.354,,
5/3/2018 5:00,14.782,76.181,,
5/3/2018 5:15,14.7841,76.181,,
5/3/2018 5:30,14.7841,76.181,,
5/3/2018 5:45,14.7841,76.181,,
5/3/2018 6:00,14.7885,76.181,,
5/3/2018 6:15,14.7863,76.181,,
5/3/2018 6:30,14.7907,76.181,,
5/3/2018 6:45,14.7907,76.181,,
5/3/2018 7:00,14.7907,76.181,,
5/3/2018 7:15,14.7907,76.181,,
5/3/2018 7:30,14.7907,76.181,,
5/3/2018 7:45,14.7907,76.181,,
5/3/2018 8:00,14.7907,76.181,,
5/3/2018 8:15,14.795,76.181,,
5/3/2018 8:30,14.7933,76.354,,
5/3/2018 8:45,14.7959,76.528,,
5/3/2018 9:00,14.7963,76.703,,
5/3/2018 9:15,14.7989,76.876,,
5/3/2018 9:30,14.8037,77.05,,
5/3/2018 9:45,14.8041,77.225,,
5/3/2018 10:00,14.8095,77.574,,
5/3/2018 10:15,14.8082,77.923,,
5/3/2018 10:30,14.8034,77.749,,
5/3/2018 10:45,14.8052,77.574,,
5/3/2018 11:00,14.7991,77.749,,
5/3/2018 11:15,14.7979,78.098,,
5/3/2018 11:30,14.7988,78.449,,
5/3/2018 11:45,14.7959,78.975,,
5/3/2018 12:00,14.7924,79.326,,
5/3/2018 12:15,14.793,79.502,,
5/3/2018 12:30,14.7883,80.206,,
5/3/2018 12:45,14.7849,80.559,,
5/3/2018 13:00,14.7815,80.911,,
5/3/2018 13:15,14.7825,81.266,,
5/3/2018 13:30,14.7786,81.442,,
5/3/2018 13:45,14.7791,81.621,,
5/3/2018 14:00,14.7764,81.442,,
5/3/2018 14:15,14.7764,81.442,,
5/3/2018 14:30,14.7743,81.442,,
5/3/2018 14:45,14.7719,80.559,,
5/3/2018 15:00,14.7709,80.206,,
5/3/2018 15:15,14.7714,80.382,,
5/3/2018 15:30,14.7692,80.382,,
5/3/2018 15:45,14.767,80.382,,
5/3/2018 16:00,14.7688,80.206,,
5/3/2018 16:15,14.7705,80.029,,
5/3/2018 16:30,14.7734,79.502,,
5/3/2018 16:45,14.773,79.326,,
5/3/2018 17:00,14.7746,79.151,,
5/3/2018 17:15,14.7789,79.151,,
5/3/2018 17:30,14.7811,79.151,,
5/3/2018 17:45,14.785,78.975,,
5/3/2018 18:00,14.7867,78.8,,
5/3/2018 18:15,14.7889,78.8,,
5/3/2018 18:30,14.7883,78.624,,
5/3/2018 18:45,14.7883,78.624,,
5/3/2018 19:00,14.7901,78.449,,
5/3/2018 19:15,14.7944,78.449,,
5/3/2018 19:30,14.7962,78.274,,
5/3/2018 19:45,14.7983,78.274,,
5/3/2018 20:00,14.7962,78.274,,
5/3/2018 20:15,14.7983,78.274,,
5/3/2018 20:30,14.8021,78.098,,
5/3/2018 20:45,14.8043,78.098,,
5/3/2018 21:00,14.8065,78.098,,
5/3/2018 21:15,14.8039,77.923,,
5/3/2018 21:30,14.806,77.923,,
5/3/2018 21:45,14.8082,77.923,,
5/3/2018 22:00,14.8099,77.749,,
5/3/2018 22:15,14.8078,77.749,,
5/3/2018 22:30,14.8056,77.749,,
5/3/2018 22:45,14.8034,77.749,,
5/3/2018 23:00,14.8034,77.749,,
5/3/2018 23:15,14.8034,77.749,,
5/3/2018 23:30,14.7986,77.574,,
5/3/2018 23:45,14.7986,77.574,,
5/4/2018 0:00,14.8008,77.574,,
5/4/2018 0:15,14.7965,77.574,,
5/4/2018 0:30,14.796,77.4,,
5/4/2018 0:45,14.7982,77.4,,
5/4/2018 1:00,14.7938,77.4,,
5/4/2018 1:15,14.7917,77.4,,
5/4/2018 1:30,14.7934,77.225,,
5/4/2018 1:45,14.7956,77.225,,
5/4/2018 2:00,14.7934,77.225,,
5/4/2018 2:15,14.7912,77.225,,
5/4/2018 2:30,14.7912,77.225,,
5/4/2018 2:45,14.7907,77.05,,
5/4/2018 3:00,14.7886,77.05,,
5/4/2018 3:15,14.7865,77.05,,
5/4/2018 3:30,14.7865,77.05,,
5/4/2018 3:45,14.7865,77.05,,
5/4/2018 4:00,14.7859,76.876,,
5/4/2018 4:15,14.788,76.876,,
5/4/2018 4:30,14.7859,76.876,,
5/4/2018 4:45,14.788,76.876,,
5/4/2018 5:00,14.788,76.876,,
5/4/2018 5:15,14.7902,76.876,,
5/4/2018 5:30,14.792,76.703,,
5/4/2018 5:45,14.7941,76.703,,
5/4/2018 6:00,14.7963,76.703,,
5/4/2018 6:15,14.7985,76.703,,
5/4/2018 6:30,14.805,76.703,,
5/4/2018 6:45,14.805,76.703,,
5/4/2018 7:00,14.8068,76.528,,
5/4/2018 7:15,14.8089,76.528,,
5/4/2018 7:30,14.811,76.528,,
5/4/2018 7:45,14.8131,76.528,,
5/4/2018 8:00,14.811,76.528,,
5/4/2018 8:15,14.811,76.528,,
5/4/2018 8:30,14.8131,76.528,,
5/4/2018 8:45,14.8159,76.703,,
5/4/2018 9:00,14.8142,76.876,,
5/4/2018 9:15,14.8146,77.05,,
5/4/2018 9:30,14.815,77.225,,
5/4/2018 9:45,14.8155,77.4,,
5/4/2018 10:00,14.816,77.574,,
5/4/2018 10:15,14.8143,77.749,,
5/4/2018 10:30,14.8086,78.098,,
5/4/2018 10:45,14.807,78.274,,
5/4/2018 11:00,14.804,78.8,,
5/4/2018 11:15,14.8007,79.151,,
5/4/2018 11:30,14.7959,78.975,,
5/4/2018 11:45,14.7963,79.151,,
5/4/2018 12:00,14.792,79.151,,
5/4/2018 12:15,14.7915,78.975,,
5/4/2018 12:30,14.7911,78.8,,
5/4/2018 12:45,14.7862,78.624,,
5/4/2018 13:00,14.7879,78.449,,
5/4/2018 13:15,14.7857,78.449,,
5/4/2018 13:30,14.7831,78.274,,
5/4/2018 13:45,14.7809,78.274,,
5/4/2018 14:00,14.7788,78.274,,
5/4/2018 14:15,14.7744,78.274,,
5/4/2018 14:30,14.7766,78.274,,
5/4/2018 14:45,14.7766,78.274,,
5/4/2018 15:00,14.7766,78.274,,
5/4/2018 15:15,14.7788,78.274,,
5/4/2018 15:30,14.7809,78.274,,
5/4/2018 15:45,14.7831,78.274,,
5/4/2018 16:00,14.7875,78.274,,
5/4/2018 16:15,14.7896,78.274,,
5/4/2018 16:30,14.7983,78.274,,
5/4/2018 16:45,14.8086,78.098,,
5/4/2018 17:00,14.8086,78.098,,
5/4/2018 17:15,14.8065,78.098,,
5/4/2018 17:30,14.8043,78.098,,
5/4/2018 17:45,14.8039,77.923,,
5/4/2018 18:00,14.8017,77.923,,
5/4/2018 18:15,14.7991,77.749,,
5/4/2018 18:30,14.7991,77.749,,
5/4/2018 18:45,14.8012,77.749,,
5/4/2018 19:00,14.7991,77.749,,
5/4/2018 19:15,14.7991,77.749,,
5/4/2018 19:30,14.7969,77.749,,
5/4/2018 19:45,14.7986,77.574,,
5/4/2018 20:00,14.8008,77.574,,
5/4/2018 20:15,14.803,77.574,,
5/4/2018 20:30,14.803,77.574,,
5/4/2018 20:45,14.8008,77.574,,
5/4/2018 21:00,14.7986,77.574,,
5/4/2018 21:15,14.7986,77.574,,
5/4/2018 21:30,14.7986,77.574,,
5/4/2018 21:45,14.7986,77.574,,
5/4/2018 22:00,14.8008,77.574,,
5/4/2018 22:15,14.7986,77.574,,
5/4/2018 22:30,14.7982,77.4,,
5/4/2018 22:45,14.7982,77.4,,
5/4/2018 23:00,14.7982,77.4,,
5/4/2018 23:15,14.7982,77.4,,
5/4/2018 23:30,14.7982,77.4,,
5/4/2018 23:45,14.7982,77.4,,
5/5/2018 0:00,14.7982,77.4,,
5/5/2018 0:15,14.7912,77.225,,
5/5/2018 0:30,14.7891,77.225,,
5/5/2018 0:45,14.7869,77.225,,
5/5/2018 1:00,14.7869,77.225,,
5/5/2018 1:15,14.7847,77.225,,
5/5/2018 1:30,14.7847,77.225,,
5/5/2018 1:45,14.7825,77.225,,
5/5/2018 2:00,14.7799,77.05,,
5/5/2018 2:15,14.7778,77.05,,
5/5/2018 2:30,14.7756,77.05,,
5/5/2018 2:45,14.7712,77.05,,
5/5/2018 3:00,14.7712,77.05,,
5/5/2018 3:15,14.7734,77.05,,
5/5/2018 3:30,14.7712,77.05,,
5/5/2018 3:45,14.7756,77.05,,
5/5/2018 4:00,14.773,76.876,,
5/5/2018 4:15,14.7686,76.876,,
5/5/2018 4:30,14.7708,76.876,,
5/5/2018 4:45,14.7708,76.876,,
5/5/2018 5:00,14.7708,76.876,,
5/5/2018 5:15,14.773,76.876,,
5/5/2018 5:30,14.7751,76.876,,
5/5/2018 5:45,14.7815,76.876,,
5/5/2018 6:00,14.7795,76.876,,
5/5/2018 6:15,14.7833,76.703,,
5/5/2018 6:30,14.7833,76.703,,
5/5/2018 6:45,14.7854,76.703,,
5/5/2018 7:00,14.7876,76.703,,
5/5/2018 7:15,14.792,76.703,,
5/5/2018 7:30,14.7898,76.703,,
5/5/2018 7:45,14.7989,76.876,,
5/5/2018 8:00,14.7989,76.876,,
5/5/2018 8:15,14.7968,76.876,,
5/5/2018 8:30,14.7994,77.05,,
5/5/2018 8:45,14.8015,77.05,,
5/5/2018 9:00,14.8037,77.05,,
5/5/2018 9:15,14.8037,77.05,,
5/5/2018 9:30,14.7994,77.05,,
5/5/2018 9:45,14.8085,77.225,,
5/5/2018 10:00,14.8107,77.225,,
5/5/2018 10:15,14.8107,77.225,,
5/5/2018 10:30,14.802,77.225,,
5/5/2018 10:45,14.7982,77.4,,
5/5/2018 11:00,14.7982,77.4,,
5/5/2018 11:15,14.7917,77.4,,
5/5/2018 11:30,14.7965,77.574,,
5/5/2018 11:45,14.7899,77.574,,
5/5/2018 12:00,14.7844,77.923,,
5/5/2018 12:15,14.7809,78.274,,
5/5/2018 12:30,14.7831,78.274,,
5/5/2018 12:45,14.784,78.624,,
5/5/2018 13:00,14.7798,78.624,,
5/5/2018 13:15,14.7798,78.624,,
5/5/2018 13:30,14.7744,78.274,,
5/5/2018 13:45,14.7722,78.274,,
5/5/2018 14:00,14.774,78.098,,
5/5/2018 14:15,14.7831,78.274,,
5/5/2018 14:30,14.9705,77.749,,
5/5/2018 14:45,14.9939,77.574,,
5/5/2018 15:00,15.0156,77.574,,
5/5/2018 15:15,14.9782,77.4,,
5/5/2018 15:30,14.9457,77.4,,
5/5/2018 15:45,14.9261,77.4,,
5/5/2018 16:00,14.9089,77.4,,
5/5/2018 16:15,14.8823,77.225,,
5/5/2018 16:30,14.8693,77.225,,
5/5/2018 16:45,14.854,77.225,,
5/5/2018 17:00,14.8455,77.225,,
5/5/2018 17:15,14.839,77.225,,
5/5/2018 17:30,14.8281,77.225,,
5/5/2018 17:45,14.8194,77.225,,
5/5/2018 18:00,14.8172,77.225,,
5/5/2018 18:15,14.8168,77.05,,
5/5/2018 18:30,14.8189,77.05,,
5/5/2018 18:45,14.8146,77.05,,
5/5/2018 19:00,14.8163,76.876,,
5/5/2018 19:15,14.8207,76.876,,
5/5/2018 19:30,14.8229,76.876,,
5/5/2018 19:45,14.8223,76.703,,
5/5/2018 20:00,14.8159,76.703,,
5/5/2018 20:15,14.8159,76.703,,
5/5/2018 20:30,14.8115,76.703,,
5/5/2018 20:45,14.8089,76.528,,
5/5/2018 21:00,14.8089,76.528,,
5/5/2018 21:15,14.8068,76.528,,
5/5/2018 21:30,14.8046,76.528,,
5/5/2018 21:45,14.7998,76.354,,
5/5/2018 22:00,14.804,76.354,,
5/5/2018 22:15,14.8084,76.354,,
5/5/2018 22:30,14.8062,76.354,,
5/5/2018 22:45,14.8084,76.354,,
5/5/2018 23:00,14.8084,76.354,,
5/5/2018 23:15,14.8062,76.354,,
5/5/2018 23:30,14.8062,76.354,,
5/5/2018 23:45,14.802,76.354,,
5/6/2018 0:00,14.7998,76.354,,
5/6/2018 0:15,14.7976,76.354,,
5/6/2018 0:30,14.7933,76.354,,
5/6/2018 0:45,14.7911,76.354,,
5/6/2018 1:00,14.7885,76.181,,
5/6/2018 1:15,14.7846,76.354,,
5/6/2018 1:30,14.782,76.181,,
5/6/2018 1:45,14.7802,76.354,,
5/6/2018 2:00,14.7802,76.354,,
5/6/2018 2:15,14.778,76.354,,
5/6/2018 2:30,14.7846,76.354,,
5/6/2018 2:45,14.802,76.354,,
5/6/2018 3:00,14.8739,76.528,,
5/6/2018 3:15,14.9911,76.528,,
5/6/2018 3:30,14.9624,76.354,,
5/6/2018 3:45,14.9342,76.354,,
5/6/2018 4:00,14.9325,76.528,,
5/6/2018 4:15,15.1148,76.528,,
5/6/2018 4:30,15.1669,76.528,,
5/6/2018 4:45,15.0887,76.528,,
5/6/2018 5:00,15.0323,76.528,,
5/6/2018 5:15,15.0388,76.528,,
5/6/2018 5:30,15.0475,76.528,,
5/6/2018 5:45,15.0931,76.528,,
5/6/2018 6:00,15.1348,76.703,,
5/6/2018 6:15,15.0545,76.703,,
5/6/2018 6:30,15.0068,76.703,,
5/6/2018 6:45,15.1174,76.703,,
5/6/2018 7:00,15.0719,76.703,,
5/6/2018 7:15,15.0523,76.703,,
5/6/2018 7:30,15.2999,76.703,,
5/6/2018 7:45,15.2477,76.703,,
5/6/2018 8:00,15.4715,76.703,,
5/6/2018 8:15,15.4667,76.528,,
5/6/2018 8:30,15.3054,76.354,,
5/6/2018 8:45,15.3054,76.354,,
5/6/2018 9:00,15.2007,76.181,,
5/6/2018 9:15,15.1399,76.181,,
5/6/2018 9:30,15.1203,76.181,,
5/6/2018 9:45,15.0817,76.354,,
5/6/2018 10:00,15.0627,76.528,,
5/6/2018 10:15,15.048,76.703,,
5/6/2018 10:30,15.022,76.703,,
5/6/2018 10:45,15.0181,76.876,,
5/6/2018 11:00,15.0072,76.876,,
5/6/2018 11:15,14.9989,77.05,,
5/6/2018 11:30,14.9843,77.225,,
5/6/2018 11:45,14.9799,77.225,,
5/6/2018 12:00,14.9734,77.225,,
5/6/2018 12:15,14.9669,77.225,,
5/6/2018 12:30,14.9512,77.05,,
5/6/2018 12:45,14.9469,77.05,,
5/6/2018 13:00,14.949,77.05,,
5/6/2018 13:15,14.9425,77.05,,
5/6/2018 13:30,14.934,77.05,,
5/6/2018 13:45,14.9296,77.05,,
5/6/2018 14:00,14.9209,77.05,,
5/6/2018 14:15,14.9078,77.05,,
5/6/2018 14:30,14.9122,77.05,,
5/6/2018 14:45,14.91,77.05,,
5/6/2018 15:00,14.9052,76.876,,
5/6/2018 15:15,14.9009,76.876,,
5/6/2018 15:30,14.9031,76.876,,
5/6/2018 15:45,14.9013,77.05,,
5/6/2018 16:00,14.8932,77.225,,
5/6/2018 16:15,14.891,77.225,,
5/6/2018 16:30,14.8888,77.225,,
5/6/2018 16:45,14.8883,77.05,,
5/6/2018 17:00,14.8883,77.05,,
5/6/2018 17:15,14.8883,77.05,,
5/6/2018 17:30,14.8883,77.05,,
5/6/2018 17:45,14.8904,77.05,,
5/6/2018 18:00,14.8904,77.05,,
5/6/2018 18:15,14.8883,77.05,,
5/6/2018 18:30,14.8948,77.05,,
5/6/2018 18:45,14.8904,77.05,,
5/6/2018 19:00,14.8926,77.05,,
5/6/2018 19:15,14.897,77.05,,
5/6/2018 19:30,14.9013,77.05,,
5/6/2018 19:45,14.8965,76.876,,
5/6/2018 20:00,14.8987,76.876,,
5/6/2018 20:15,14.9031,76.876,,
5/6/2018 20:30,14.9009,76.876,,
5/6/2018 20:45,14.9031,76.876,,
5/6/2018 21:00,14.9052,76.876,,
5/6/2018 21:15,14.9009,76.876,,
5/6/2018 21:30,14.8987,76.876,,
5/6/2018 21:45,14.8965,76.876,,
5/6/2018 22:00,14.8965,76.876,,
5/6/2018 22:15,14.8987,76.876,,
5/6/2018 22:30,14.8965,76.876,,
5/6/2018 22:45,14.8917,76.703,,
5/6/2018 23:00,14.8874,76.703,,
5/6/2018 23:15,14.8852,76.703,,
5/6/2018 23:30,14.8852,76.703,,
5/6/2018 23:45,14.8809,76.703,,
5/7/2018 0:00,14.883,76.703,,
5/7/2018 0:15,14.8826,76.528,,
5/7/2018 0:30,14.8783,76.528,,
5/7/2018 0:45,14.8783,76.528,,
5/7/2018 1:00,14.8739,76.528,,
5/7/2018 1:15,14.8717,76.528,,
5/7/2018 1:30,14.8674,76.528,,
5/7/2018 1:45,14.8669,76.354,,
5/7/2018 2:00,14.8626,76.354,,
5/7/2018 2:15,14.8604,76.354,,
5/7/2018 2:30,14.8604,76.354,,
5/7/2018 2:45,14.8582,76.354,,
5/7/2018 3:00,14.8582,76.354,,
5/7/2018 3:15,14.8604,76.354,,
5/7/2018 3:30,14.8604,76.354,,
5/7/2018 3:45,14.8604,76.354,,
5/7/2018 4:00,14.8626,76.354,,
5/7/2018 4:15,14.8604,76.354,,
5/7/2018 4:30,14.8604,76.354,,
5/7/2018 4:45,14.8604,76.354,,
5/7/2018 5:00,14.8604,76.354,,
5/7/2018 5:15,14.8604,76.354,,
5/7/2018 5:30,14.8648,76.354,,
5/7/2018 5:45,14.8665,76.181,,
5/7/2018 6:00,14.8709,76.181,,
5/7/2018 6:15,14.873,76.181,,
5/7/2018 6:30,14.8752,76.181,,
5/7/2018 6:45,14.8774,76.181,,
5/7/2018 7:00,14.8796,76.181,,
5/7/2018 7:15,14.88,76.354,,
5/7/2018 7:30,14.88,76.354,,
5/7/2018 7:45,14.8844,76.354,,
5/7/2018 8:00,14.8822,76.354,,
5/7/2018 8:15,14.8822,76.354,,
5/7/2018 8:30,14.8822,76.354,,
5/7/2018 8:45,14.8848,76.528,,
5/7/2018 9:00,14.8826,76.528,,
5/7/2018 9:15,14.8852,76.703,,
5/7/2018 9:30,14.8857,76.876,,
5/7/2018 9:45,14.8841,77.05,,
5/7/2018 10:00,14.8845,77.225,,
5/7/2018 10:15,14.881,77.574,,
5/7/2018 10:30,14.8815,77.749,,
5/7/2018 10:45,14.8794,77.749,,
5/7/2018 11:00,14.8777,77.923,,
5/7/2018 11:15,14.8794,77.749,,
5/7/2018 11:30,14.8733,77.923,,
5/7/2018 11:45,14.8716,78.098,,
5/7/2018 12:00,14.8677,78.274,,
5/7/2018 12:15,14.8665,78.624,,
5/7/2018 12:30,14.8669,78.8,,
5/7/2018 12:45,14.863,78.975,,
5/7/2018 13:00,14.8614,79.151,,
5/7/2018 13:15,14.8619,79.326,,
5/7/2018 13:30,14.8558,79.502,,
5/7/2018 13:45,14.8542,79.678,,
5/7/2018 14:00,14.8536,79.502,,
5/7/2018 14:15,14.8488,79.326,,
5/7/2018 14:30,14.8488,79.326,,
5/7/2018 14:45,14.8462,79.151,,
5/7/2018 15:00,14.8458,78.975,,
5/7/2018 15:15,14.8501,78.975,,
5/7/2018 15:30,14.8458,78.975,,
5/7/2018 15:45,14.8458,78.975,,
5/7/2018 16:00,14.8462,79.151,,
5/7/2018 16:15,14.8479,78.975,,
5/7/2018 16:30,14.8501,78.975,,
5/7/2018 16:45,14.8479,78.975,,
5/7/2018 17:00,14.8495,78.8,,
5/7/2018 17:15,14.8517,78.8,,
5/7/2018 17:30,14.8513,78.624,,
5/7/2018 17:45,14.8556,78.624,,
5/7/2018 18:00,14.8596,78.449,,
5/7/2018 18:15,14.8617,78.449,,
5/7/2018 18:30,14.8639,78.449,,
5/7/2018 18:45,14.8683,78.449,,
5/7/2018 19:00,14.8698,78.274,,
5/7/2018 19:15,14.872,78.274,,
5/7/2018 19:30,14.872,78.274,,
5/7/2018 19:45,14.8759,78.098,,
5/7/2018 20:00,14.8781,78.098,,
5/7/2018 20:15,14.8781,78.098,,
5/7/2018 20:30,14.8799,77.923,,
5/7/2018 20:45,14.882,77.923,,
5/7/2018 21:00,14.882,77.923,,
5/7/2018 21:15,14.8836,77.749,,
5/7/2018 21:30,14.8836,77.749,,
5/7/2018 21:45,14.8794,77.749,,
5/7/2018 22:00,14.8836,77.749,,
5/7/2018 22:15,14.8832,77.574,,
5/7/2018 22:30,14.8832,77.574,,
5/7/2018 22:45,14.8854,77.574,,
5/7/2018 23:00,14.8875,77.574,,
5/7/2018 23:15,14.8828,77.4,,
5/7/2018 23:30,14.8849,77.4,,
5/7/2018 23:45,14.8828,77.4,,
5/8/2018 0:00,14.8828,77.4,,
5/8/2018 0:15,14.8823,77.225,,
5/8/2018 0:30,14.8823,77.225,,
5/8/2018 0:45,14.8801,77.225,,
5/8/2018 1:00,14.878,77.225,,
5/8/2018 1:15,14.878,77.225,,
5/8/2018 1:30,14.8758,77.225,,
5/8/2018 1:45,14.8797,77.05,,
5/8/2018 2:00,14.8775,77.05,,
5/8/2018 2:15,14.8732,77.05,,
5/8/2018 2:30,14.8775,77.05,,
5/8/2018 2:45,14.8775,77.05,,
5/8/2018 3:00,14.8835,76.876,,
5/8/2018 3:15,14.8771,76.876,,
5/8/2018 3:30,14.8727,76.876,,
5/8/2018 3:45,14.8662,76.876,,
5/8/2018 4:00,14.8678,76.703,,
5/8/2018 4:15,14.8722,76.703,,
5/8/2018 4:30,14.8678,76.703,,
5/8/2018 4:45,14.8696,76.528,,
5/8/2018 5:00,14.8674,76.528,,
5/8/2018 5:15,14.8674,76.528,,
5/8/2018 5:30,14.8696,76.528,,
5/8/2018 5:45,14.8717,76.528,,
5/8/2018 6:00,14.8761,76.528,,
5/8/2018 6:15,14.8783,76.528,,
5/8/2018 6:30,14.8804,76.528,,
5/8/2018 6:45,14.8848,76.528,,
5/8/2018 7:00,14.887,76.528,,
5/8/2018 7:15,14.8891,76.528,,
5/8/2018 7:30,14.8891,76.528,,
5/8/2018 7:45,14.8891,76.528,,
5/8/2018 8:00,14.8917,76.703,,
5/8/2018 8:15,14.8939,76.703,,
5/8/2018 8:30,14.8965,76.876,,
5/8/2018 8:45,14.8987,76.876,,
5/8/2018 9:00,14.8991,77.05,,
5/8/2018 9:15,14.9013,77.05,,
5/8/2018 9:30,14.9018,77.225,,
5/8/2018 9:45,14.9039,77.225,,
5/8/2018 10:00,14.9045,77.4,,
5/8/2018 10:15,14.9067,77.4,,
5/8/2018 10:30,14.9023,77.4,,
5/8/2018 10:45,14.8984,77.574,,
5/8/2018 11:00,14.8971,77.923,,
5/8/2018 11:15,14.8912,78.098,,
5/8/2018 11:30,14.8894,78.274,,
5/8/2018 11:45,14.8855,78.449,,
5/8/2018 12:00,14.8817,78.624,,
5/8/2018 12:15,14.8757,78.8,,
5/8/2018 12:30,14.8674,78.975,,
5/8/2018 12:45,14.8652,78.975,,
5/8/2018 13:00,14.8593,79.151,,
5/8/2018 13:15,14.86,78.624,,
5/8/2018 13:30,14.8539,78.8,,
5/8/2018 13:45,14.8513,78.624,,
5/8/2018 14:00,14.8487,78.449,,
5/8/2018 14:15,14.8487,78.449,,
5/8/2018 14:30,14.8421,78.449,,
5/8/2018 14:45,14.8395,78.274,,
5/8/2018 15:00,14.84,78.449,,
5/8/2018 15:15,14.8378,78.449,,
5/8/2018 15:30,14.8378,78.449,,
5/8/2018 15:45,14.8378,78.449,,
5/8/2018 16:00,14.8374,78.274,,
5/8/2018 16:15,14.8395,78.274,,
5/8/2018 16:30,14.8395,78.274,,
5/8/2018 16:45,14.8439,78.274,,
5/8/2018 17:00,14.8461,78.274,,
5/8/2018 17:15,14.8456,78.098,,
5/8/2018 17:30,14.8478,78.098,,
5/8/2018 17:45,14.85,78.098,,
5/8/2018 18:00,14.85,78.098,,
5/8/2018 18:15,14.85,78.098,,
5/8/2018 18:30,14.8494,77.923,,
5/8/2018 18:45,14.8472,77.923,,
5/8/2018 19:00,14.8516,77.923,,
5/8/2018 19:15,14.8537,77.923,,
5/8/2018 19:30,14.8577,77.749,,
5/8/2018 19:45,14.8598,77.749,,
5/8/2018 20:00,14.862,77.749,,
5/8/2018 20:15,14.8638,77.574,,
5/8/2018 20:30,14.8681,77.574,,
5/8/2018 20:45,14.8701,77.574,,
5/8/2018 21:00,14.8697,77.4,,
5/8/2018 21:15,14.8675,77.4,,
5/8/2018 21:30,14.8697,77.4,,
5/8/2018 21:45,14.8714,77.225,,
5/8/2018 22:00,14.8693,77.225,,
5/8/2018 22:15,14.8714,77.225,,
5/8/2018 22:30,14.8671,77.225,,
5/8/2018 22:45,14.8645,77.05,,
5/8/2018 23:00,14.8667,77.05,,
5/8/2018 23:15,14.8645,77.05,,
5/8/2018 23:30,14.8645,77.05,,
5/8/2018 23:45,14.8645,77.05,,
5/9/2018 0:00,14.8623,77.05,,
5/9/2018 0:15,14.864,76.876,,
5/9/2018 0:30,14.8619,76.876,,
5/9/2018 0:45,14.8597,76.876,,
5/9/2018 1:00,14.8532,76.876,,
5/9/2018 1:15,14.8532,76.876,,
5/9/2018 1:30,14.8466,76.876,,
5/9/2018 1:45,14.8488,76.876,,
5/9/2018 2:00,14.8484,76.703,,
5/9/2018 2:15,14.8484,76.703,,
5/9/2018 2:30,14.844,76.703,,
5/9/2018 2:45,14.8462,76.703,,
5/9/2018 3:00,14.8419,76.703,,
5/9/2018 3:15,14.8419,76.703,,
5/9/2018 3:30,14.8375,76.703,,
5/9/2018 3:45,14.8375,76.703,,
5/9/2018 4:00,14.8419,76.703,,
5/9/2018 4:15,14.8397,76.703,,
5/9/2018 4:30,14.8371,76.528,,
5/9/2018 4:45,14.8349,76.528,,
5/9/2018 5:00,14.8349,76.528,,
5/9/2018 5:15,14.8371,76.528,,
5/9/2018 5:30,14.8414,76.528,,
5/9/2018 5:45,14.8436,76.528,,
5/9/2018 6:00,14.8458,76.528,,
5/9/2018 6:15,14.8479,76.528,,
5/9/2018 6:30,14.8479,76.528,,
5/9/2018 6:45,14.8479,76.528,,
5/9/2018 7:00,14.8523,76.528,,
5/9/2018 7:15,14.8567,76.528,,
5/9/2018 7:30,14.8571,76.703,,
5/9/2018 7:45,14.8571,76.703,,
5/9/2018 8:00,14.8614,76.703,,
5/9/2018 8:15,14.8678,76.703,,
5/9/2018 8:30,14.9242,76.703,,
5/9/2018 8:45,14.9434,76.528,,
5/9/2018 9:00,14.946,76.703,,
5/9/2018 9:15,15.0606,76.528,,
5/9/2018 9:30,15.0192,76.528,,
5/9/2018 9:45,14.9846,76.528,,
5/9/2018 10:00,14.9564,76.528,,
5/9/2018 10:15,14.939,76.528,,
5/9/2018 10:30,14.9369,76.528,,
5/9/2018 10:45,14.9282,76.528,,
5/9/2018 11:00,14.9303,76.528,,
5/9/2018 11:15,14.9369,76.528,,
5/9/2018 11:30,14.9303,76.528,,
5/9/2018 11:45,14.9195,76.528,,
5/9/2018 12:00,14.9129,76.528,,
5/9/2018 12:15,14.9065,76.528,,
5/9/2018 12:30,14.9044,76.528,,
5/9/2018 12:45,14.9,76.528,,
5/9/2018 13:00,14.9,76.528,,
5/9/2018 13:15,14.8957,76.528,,
5/9/2018 13:30,14.8935,76.528,,
5/9/2018 13:45,14.8804,76.528,,
5/9/2018 14:00,14.8717,76.528,,
5/9/2018 14:15,14.863,76.528,,
5/9/2018 14:30,14.8609,76.528,,
5/9/2018 14:45,14.8571,76.703,,
5/9/2018 15:00,14.8571,76.703,,
5/9/2018 15:15,14.8593,76.703,,
5/9/2018 15:30,14.8593,76.703,,
5/9/2018 15:45,14.8549,76.703,,
5/9/2018 16:00,14.8527,76.703,,
5/9/2018 16:15,14.8484,76.703,,
5/9/2018 16:30,14.8506,76.703,,
5/9/2018 16:45,14.8484,76.703,,
5/9/2018 17:00,14.8523,76.528,,
5/9/2018 17:15,14.8501,76.528,,
5/9/2018 17:30,14.8523,76.528,,
5/9/2018 17:45,14.8545,76.528,,
5/9/2018 18:00,14.8587,76.528,,
5/9/2018 18:15,14.8523,76.528,,
5/9/2018 18:30,14.8609,76.528,,
5/9/2018 18:45,14.8783,76.528,,
5/9/2018 19:00,14.926,76.528,,
5/9/2018 19:15,15.5679,76.181,,
5/9/2018 19:30,15.6017,75.832,,
5/9/2018 19:45,15.5256,75.832,,
5/9/2018 20:00,15.4822,75.832,,
5/9/2018 20:15,15.3083,75.832,,
5/9/2018 20:30,15.2042,75.832,,
5/9/2018 20:45,15.1482,76.006,,
5/9/2018 21:00,15.116,76.181,,
5/9/2018 21:15,15.09,76.181,,
5/9/2018 21:30,15.0704,76.181,,
5/9/2018 21:45,15.0558,76.354,,
5/9/2018 22:00,15.0427,76.354,,
5/9/2018 22:15,15.0297,76.354,,
5/9/2018 22:30,15.021,76.354,,
5/9/2018 22:45,15.0123,76.354,,
5/9/2018 23:00,15.002,76.528,,
5/9/2018 23:15,14.9976,76.528,,
5/9/2018 23:30,14.9867,76.528,,
5/9/2018 23:45,14.978,76.528,,
5/10/2018 0:00,14.9715,76.528,,
5/10/2018 0:15,14.9693,76.528,,
5/10/2018 0:30,14.965,76.528,,
5/10/2018 0:45,14.9564,76.528,,
5/10/2018 1:00,14.9521,76.528,,
5/10/2018 1:15,14.9499,76.528,,
5/10/2018 1:30,14.9456,76.528,,
5/10/2018 1:45,14.9369,76.528,,
5/10/2018 2:00,14.9347,76.528,,
5/10/2018 2:15,14.9303,76.528,,
5/10/2018 2:30,14.9282,76.528,,
5/10/2018 2:45,14.9238,76.528,,
5/10/2018 3:00,14.9195,76.528,,
5/10/2018 3:15,14.9195,76.528,,
5/10/2018 3:30,14.9129,76.528,,
5/10/2018 3:45,14.9107,76.528,,
5/10/2018 4:00,14.9081,76.354,,
5/10/2018 4:15,14.9081,76.354,,
5/10/2018 4:30,14.9038,76.354,,
5/10/2018 4:45,14.9016,76.354,,
5/10/2018 5:00,14.9016,76.354,,
5/10/2018 5:15,14.8994,76.354,,
5/10/2018 5:30,14.9016,76.354,,
5/10/2018 5:45,14.906,76.354,,
5/10/2018 6:00,14.906,76.354,,
5/10/2018 6:15,14.9081,76.354,,
5/10/2018 6:30,14.9103,76.354,,
5/10/2018 6:45,14.9103,76.354,,
5/10/2018 7:00,14.9147,76.354,,
5/10/2018 7:15,14.9125,76.354,,
5/10/2018 7:30,14.9125,76.354,,
5/10/2018 7:45,14.9168,76.354,,
5/10/2018 8:00,14.9125,76.354,,
5/10/2018 8:15,14.9173,76.528,,
5/10/2018 8:30,14.9151,76.528,,
5/10/2018 8:45,14.9173,76.528,,
5/10/2018 9:00,14.9195,76.528,,
5/10/2018 9:15,14.9221,76.703,,
5/10/2018 9:30,14.9199,76.703,,
5/10/2018 9:45,14.9221,76.703,,
5/10/2018 10:00,14.9205,76.876,,
5/10/2018 10:15,14.9161,76.876,,
5/10/2018 10:30,14.9166,77.05,,
5/10/2018 10:45,14.9122,77.05,,
5/10/2018 11:00,14.9061,77.225,,
5/10/2018 11:15,14.9061,77.225,,
5/10/2018 11:30,14.9039,77.225,,
5/10/2018 11:45,14.9023,77.4,,
5/10/2018 12:00,14.9002,77.4,,
5/10/2018 12:15,14.8984,77.574,,
5/10/2018 12:30,14.8941,77.574,,
5/10/2018 12:45,14.888,77.749,,
5/10/2018 13:00,14.8864,77.923,,
5/10/2018 13:15,14.8858,77.749,,
5/10/2018 13:30,14.882,77.923,,
5/10/2018 13:45,14.8751,77.749,,
5/10/2018 14:00,14.8755,77.923,,
5/10/2018 14:15,14.869,77.923,,
5/10/2018 14:30,14.8707,77.749,,
5/10/2018 14:45,14.8668,77.923,,
5/10/2018 15:00,14.8642,77.749,,
5/10/2018 15:15,14.8638,77.574,,
5/10/2018 15:30,14.8616,77.574,,
5/10/2018 15:45,14.8616,77.574,,
5/10/2018 16:00,14.8654,77.4,,
5/10/2018 16:15,14.861,77.4,,
5/10/2018 16:30,14.861,77.4,,
5/10/2018 16:45,14.8632,77.4,,
5/10/2018 17:00,14.8627,77.225,,
5/10/2018 17:15,14.8671,77.225,,
5/10/2018 17:30,14.8667,77.05,,
5/10/2018 17:45,14.8688,77.05,,
5/10/2018 18:00,14.8684,76.876,,
5/10/2018 18:15,14.8706,76.876,,
5/10/2018 18:30,14.8706,76.876,,
5/10/2018 18:45,14.8743,76.703,,
5/10/2018 19:00,14.8765,76.703,,
5/10/2018 19:15,14.8783,76.528,,
5/10/2018 19:30,14.8804,76.528,,
5/10/2018 19:45,14.8804,76.528,,
5/10/2018 20:00,14.8844,76.354,,
5/10/2018 20:15,14.8865,76.354,,
5/10/2018 20:30,14.8909,76.354,,
5/10/2018 20:45,14.8931,76.354,,
5/10/2018 21:00,14.8925,76.181,,
5/10/2018 21:15,14.8925,76.181,,
5/10/2018 21:30,14.8925,76.181,,
5/10/2018 21:45,14.8942,76.006,,
5/10/2018 22:00,14.8942,76.006,,
5/10/2018 22:15,14.8942,76.006,,
5/10/2018 22:30,14.8938,75.832,,
5/10/2018 22:45,14.8938,75.832,,
5/10/2018 23:00,14.8938,75.832,,
5/10/2018 23:15,14.8916,75.832,,
5/10/2018 23:30,14.889,75.659,,
5/10/2018 23:45,14.8868,75.659,,
5/11/2018 0:00,14.889,75.659,,
5/11/2018 0:15,14.8846,75.659,,
5/11/2018 0:30,14.8846,75.659,,
5/11/2018 0:45,14.8799,75.484,,
5/11/2018 1:00,14.8777,75.484,,
5/11/2018 1:15,14.8755,75.484,,
5/11/2018 1:30,14.8751,75.312,,
5/11/2018 1:45,14.8751,75.312,,
5/11/2018 2:00,14.8751,75.312,,
5/11/2018 2:15,14.8768,75.139,,
5/11/2018 2:30,14.8746,75.139,,
5/11/2018 2:45,14.8725,75.139,,
5/11/2018 3:00,14.8681,75.139,,
5/11/2018 3:15,14.8681,75.139,,
5/11/2018 3:30,14.8655,74.964,,
5/11/2018 3:45,14.8677,74.964,,
5/11/2018 4:00,14.8633,74.964,,
5/11/2018 4:15,14.8655,74.964,,
5/11/2018 4:30,14.8655,74.964,,
5/11/2018 4:45,14.8629,74.791,,
5/11/2018 5:00,14.8651,74.791,,
5/11/2018 5:15,14.8651,74.791,,
5/11/2018 5:30,14.8651,74.791,,
5/11/2018 5:45,14.8629,74.791,,
5/11/2018 6:00,14.8672,74.791,,
5/11/2018 6:15,14.8688,74.619,,
5/11/2018 6:30,14.8688,74.619,,
5/11/2018 6:45,14.8688,74.619,,
5/11/2018 7:00,14.871,74.619,,
5/11/2018 7:15,14.8754,74.619,,
5/11/2018 7:30,14.8797,74.619,,
5/11/2018 7:45,14.8797,74.619,,
5/11/2018 8:00,14.8815,74.446,,
5/11/2018 8:15,14.8858,74.446,,
5/11/2018 8:30,14.8884,74.619,,
5/11/2018 8:45,14.8906,74.619,,
5/11/2018 9:00,14.8928,74.619,,
5/11/2018 9:15,14.8928,74.619,,
5/11/2018 9:30,14.8954,74.791,,
5/11/2018 9:45,14.8976,74.791,,
5/11/2018 10:00,14.8976,74.791,,
5/11/2018 10:15,14.8958,74.964,,
5/11/2018 10:30,14.8919,75.139,,
5/11/2018 10:45,14.8925,75.312,,
5/11/2018 11:00,14.8859,75.312,,
5/11/2018 11:15,14.8864,75.484,,
5/11/2018 11:30,14.8803,75.659,,
5/11/2018 11:45,14.8764,75.832,,
5/11/2018 12:00,14.8748,76.006,,
5/11/2018 12:15,14.8709,76.181,,
5/11/2018 12:30,14.8669,76.354,,
5/11/2018 12:45,14.8626,76.354,,
5/11/2018 13:00,14.8609,76.528,,
5/11/2018 13:15,14.8609,76.528,,
5/11/2018 13:30,14.8567,76.528,,
5/11/2018 13:45,14.8517,76.354,,
5/11/2018 14:00,14.8495,76.354,,
5/11/2018 14:15,14.8475,76.354,,
5/11/2018 14:30,14.8453,76.354,,
5/11/2018 14:45,14.8426,76.181,,
5/11/2018 15:00,14.8426,76.181,,
5/11/2018 15:15,14.8426,76.181,,
5/11/2018 15:30,14.8426,76.181,,
5/11/2018 15:45,14.8421,76.006,,
5/11/2018 16:00,14.8421,76.006,,
5/11/2018 16:15,14.8443,76.006,,
5/11/2018 16:30,14.8487,76.006,,
5/11/2018 16:45,14.8487,76.006,,
5/11/2018 17:00,14.8508,76.006,,
5/11/2018 17:15,14.853,76.006,,
5/11/2018 17:30,14.8552,76.006,,
5/11/2018 17:45,14.8574,76.006,,
5/11/2018 18:00,14.8617,76.006,,
5/11/2018 18:15,14.8661,76.006,,
5/11/2018 18:30,14.8678,75.832,,
5/11/2018 18:45,14.87,75.832,,
5/11/2018 19:00,14.87,75.832,,
5/11/2018 19:15,14.8678,75.832,,
5/11/2018 19:30,14.872,75.832,,
5/11/2018 19:45,14.8742,75.832,,
5/11/2018 20:00,14.8781,75.659,,
5/11/2018 20:15,14.8781,75.659,,
5/11/2018 20:30,14.8803,75.659,,
5/11/2018 20:45,14.8803,75.659,,
5/11/2018 21:00,14.8781,75.659,,
5/11/2018 21:15,14.8777,75.484,,
5/11/2018 21:30,14.882,75.484,,
5/11/2018 21:45,14.8799,75.484,,
5/11/2018 22:00,14.882,75.484,,
5/11/2018 22:15,14.882,75.484,,
5/11/2018 22:30,14.8842,75.484,,
5/11/2018 22:45,14.8838,75.312,,
5/11/2018 23:00,14.8794,75.312,,
5/11/2018 23:15,14.8794,75.312,,
5/11/2018 23:30,14.8794,75.312,,
5/11/2018 23:45,14.8794,75.312,,
5/12/2018 0:00,14.8772,75.312,,
5/12/2018 0:15,14.8772,75.312,,
5/12/2018 0:30,14.8768,75.139,,
5/12/2018 0:45,14.8768,75.139,,
5/12/2018 1:00,14.8725,75.139,,
5/12/2018 1:15,14.8681,75.139,,
5/12/2018 1:30,14.8681,75.139,,
5/12/2018 1:45,14.8681,75.139,,
5/12/2018 2:00,14.8659,75.139,,
5/12/2018 2:15,14.8638,75.139,,
5/12/2018 2:30,14.8616,75.139,,
5/12/2018 2:45,14.8594,75.139,,
5/12/2018 3:00,14.8572,75.139,,
5/12/2018 3:15,14.8594,75.139,,
5/12/2018 3:30,14.8594,75.139,,
5/12/2018 3:45,14.8551,75.139,,
5/12/2018 4:00,14.8529,75.139,,
5/12/2018 4:15,14.8551,75.139,,
5/12/2018 4:30,14.8524,74.964,,
5/12/2018 4:45,14.8524,74.964,,
5/12/2018 5:00,14.8524,74.964,,
5/12/2018 5:15,14.8546,74.964,,
5/12/2018 5:30,14.8568,74.964,,
5/12/2018 5:45,14.859,74.964,,
5/12/2018 6:00,14.859,74.964,,
5/12/2018 6:15,14.8611,74.964,,
5/12/2018 6:30,14.8633,74.964,,
5/12/2018 6:45,14.8655,74.964,,
5/12/2018 7:00,14.8677,74.964,,
5/12/2018 7:15,14.8716,74.791,,
5/12/2018 7:30,14.8738,74.791,,
5/12/2018 7:45,14.8758,74.791,,
5/12/2018 8:00,14.8738,74.791,,
5/12/2018 8:15,14.8758,74.791,,
5/12/2018 8:30,14.8786,74.964,,
5/12/2018 8:45,14.8806,74.964,,
5/12/2018 9:00,14.8855,75.139,,
5/12/2018 9:15,14.8833,75.139,,
5/12/2018 9:30,14.8833,75.139,,
5/12/2018 9:45,14.8842,75.484,,
5/12/2018 10:00,14.882,75.484,,
5/12/2018 10:15,14.882,75.484,,
5/12/2018 10:30,14.8803,75.659,,
5/12/2018 10:45,14.8807,75.832,,
5/12/2018 11:00,14.8786,75.832,,
5/12/2018 11:15,14.8742,75.832,,
5/12/2018 11:30,14.8704,76.006,,
5/12/2018 11:45,14.8687,76.181,,
5/12/2018 12:00,14.8669,76.354,,
5/12/2018 12:15,14.8609,76.528,,
5/12/2018 12:30,14.8636,76.703,,
5/12/2018 12:45,14.8614,76.703,,
5/12/2018 13:00,14.8597,76.876,,
5/12/2018 13:15,14.8532,76.876,,
5/12/2018 13:30,14.8488,76.876,,
5/12/2018 13:45,14.8445,76.876,,
5/12/2018 14:00,14.8423,76.876,,
5/12/2018 14:15,14.8397,76.703,,
5/12/2018 14:30,14.8353,76.703,,
5/12/2018 14:45,14.8349,76.528,,
5/12/2018 15:00,14.8345,76.354,,
5/12/2018 15:15,14.8323,76.354,,
5/12/2018 15:30,14.8318,76.181,,
5/12/2018 15:45,14.8334,76.006,,
5/12/2018 16:00,14.833,75.832,,
5/12/2018 16:15,14.8304,75.659,,
5/12/2018 16:30,14.8343,75.484,,
5/12/2018 16:45,14.8317,75.312,,
5/12/2018 17:00,14.8313,75.139,,
5/12/2018 17:15,14.8356,75.139,,
5/12/2018 17:30,14.8352,74.964,,
5/12/2018 17:45,14.8372,74.964,,
5/12/2018 18:00,14.8411,74.791,,
5/12/2018 18:15,14.839,74.791,,
5/12/2018 18:30,14.8411,74.791,,
5/12/2018 18:45,14.8429,74.619,,
5/12/2018 19:00,14.8472,74.619,,
5/12/2018 19:15,14.8494,74.619,,
5/12/2018 19:30,14.8516,74.619,,
5/12/2018 19:45,14.8537,74.619,,
5/12/2018 20:00,14.8533,74.446,,
5/12/2018 20:15,14.8577,74.446,,
5/12/2018 20:30,14.8598,74.446,,
5/12/2018 20:45,14.8619,74.446,,
5/12/2018 21:00,14.8614,74.271,,
5/12/2018 21:15,14.8614,74.271,,
5/12/2018 21:30,14.8614,74.271,,
5/12/2018 21:45,14.8588,74.098,,
5/12/2018 22:00,14.861,74.098,,
5/12/2018 22:15,14.861,74.098,,
5/12/2018 22:30,14.8632,74.098,,
5/12/2018 22:45,14.861,74.098,,
5/12/2018 23:00,14.8606,73.926,,
5/12/2018 23:15,14.8606,73.926,,
5/12/2018 23:30,14.8584,73.926,,
5/12/2018 23:45,14.8584,73.926,,
5/13/2018 0:00,14.8558,73.753,,
5/13/2018 0:15,14.8558,73.753,,
5/13/2018 0:30,14.8558,73.753,,
5/13/2018 0:45,14.851,73.58,,
5/13/2018 1:00,14.8488,73.58,,
5/13/2018 1:15,14.851,73.58,,
5/13/2018 1:30,14.8462,73.407,,
5/13/2018 1:45,14.8462,73.407,,
5/13/2018 2:00,14.8414,73.234,,
5/13/2018 2:15,14.8392,73.234,,
5/13/2018 2:30,14.8371,73.234,,
5/13/2018 2:45,14.8345,73.062,,
5/13/2018 3:00,14.8345,73.062,,
5/13/2018 3:15,14.8345,73.062,,
5/13/2018 3:30,14.8323,73.062,,
5/13/2018 3:45,14.8301,73.062,,
5/13/2018 4:00,14.8323,73.062,,
5/13/2018 4:15,14.8323,73.062,,
5/13/2018 4:30,14.8301,73.062,,
5/13/2018 4:45,14.8323,73.062,,
5/13/2018 5:00,14.8345,73.062,,
5/13/2018 5:15,14.8366,73.062,,
5/13/2018 5:30,14.8388,73.062,,
5/13/2018 5:45,14.8432,73.062,,
5/13/2018 6:00,14.8436,73.234,,
5/13/2018 6:15,14.8436,73.234,,
5/13/2018 6:30,14.8458,73.234,,
5/13/2018 6:45,14.8479,73.234,,
5/13/2018 7:00,14.8501,73.234,,
5/13/2018 7:15,14.8549,73.407,,
5/13/2018 7:30,14.8527,73.407,,
5/13/2018 7:45,14.8571,73.407,,
5/13/2018 8:00,14.8571,73.407,,
5/13/2018 8:15,14.8549,73.407,,
5/13/2018 8:30,14.8575,73.58,,
5/13/2018 8:45,14.8601,73.753,,
5/13/2018 9:00,14.8606,73.926,,
5/13/2018 9:15,14.8584,73.926,,
5/13/2018 9:30,14.8614,74.271,,
5/13/2018 9:45,14.8598,74.446,,
5/13/2018 10:00,14.8581,74.619,,
5/13/2018 10:15,14.8585,74.791,,
5/13/2018 10:30,14.8568,74.964,,
5/13/2018 10:45,14.8551,75.139,,
5/13/2018 11:00,14.8533,75.312,,
5/13/2018 11:15,14.8517,75.484,,
5/13/2018 11:30,14.85,75.659,,
5/13/2018 11:45,14.8421,76.006,,
5/13/2018 12:00,14.8426,76.181,,
5/13/2018 12:15,14.8388,76.354,,
5/13/2018 12:30,14.8371,76.528,,
5/13/2018 12:45,14.8353,76.703,,
5/13/2018 13:00,14.8336,76.876,,
5/13/2018 13:15,14.8314,76.876,,
5/13/2018 13:30,14.8211,77.05,,
5/13/2018 13:45,14.8216,77.225,,
5/13/2018 14:00,14.8216,77.225,,
5/13/2018 14:15,14.8172,77.225,,
5/13/2018 14:30,14.8128,77.225,,
5/13/2018 14:45,14.8124,77.05,,
5/13/2018 15:00,14.8137,76.703,,
5/13/2018 15:15,14.8115,76.703,,
5/13/2018 15:30,14.8094,76.703,,
5/13/2018 15:45,14.8089,76.528,,
5/13/2018 16:00,14.811,76.528,,
5/13/2018 16:15,14.8127,76.354,,
5/13/2018 16:30,14.8144,76.181,,
5/13/2018 16:45,14.8144,76.181,,
5/13/2018 17:00,14.8166,76.181,,
5/13/2018 17:15,14.8166,76.181,,
5/13/2018 17:30,14.8205,76.006,,
5/13/2018 17:45,14.8227,76.006,,
5/13/2018 18:00,14.8245,75.832,,
5/13/2018 18:15,14.8265,75.832,,
5/13/2018 18:30,14.8265,75.832,,
5/13/2018 18:45,14.8282,75.659,,
5/13/2018 19:00,14.8326,75.659,,
5/13/2018 19:15,14.8347,75.659,,
5/13/2018 19:30,14.8343,75.484,,
5/13/2018 19:45,14.8387,75.484,,
5/13/2018 20:00,14.8408,75.484,,
5/13/2018 20:15,14.843,75.484,,
5/13/2018 20:30,14.8452,75.484,,
5/13/2018 20:45,14.8452,75.484,,
5/13/2018 21:00,14.8448,75.312,,
5/13/2018 21:15,14.8448,75.312,,
5/13/2018 21:30,14.8448,75.312,,
5/13/2018 21:45,14.8448,75.312,,
5/13/2018 22:00,14.8448,75.312,,
5/13/2018 22:15,14.8404,75.312,,
5/13/2018 22:30,14.8421,75.139,,
5/13/2018 22:45,14.8421,75.139,,
5/13/2018 23:00,14.8378,75.139,,
5/13/2018 23:15,14.84,75.139,,
5/13/2018 23:30,14.84,75.139,,
5/13/2018 23:45,14.8378,75.139,,
5/14/2018 0:00,14.84,75.139,,
5/14/2018 0:15,14.8372,74.964,,
5/14/2018 0:30,14.8372,74.964,,
5/14/2018 0:45,14.8352,74.964,,
5/14/2018 1:00,14.833,74.964,,
5/14/2018 1:15,14.8303,74.791,,
5/14/2018 1:30,14.8303,74.791,,
5/14/2018 1:45,14.826,74.791,,
5/14/2018 2:00,14.8276,74.619,,
5/14/2018 2:15,14.8234,74.619,,
5/14/2018 2:30,14.8234,74.619,,
5/14/2018 2:45,14.8185,74.446,,
5/14/2018 3:00,14.8143,74.446,,
5/14/2018 3:15,14.8165,74.446,,
5/14/2018 3:30,14.8121,74.446,,
5/14/2018 3:45,14.8121,74.446,,
5/14/2018 4:00,14.8095,74.271,,
5/14/2018 4:15,14.8117,74.271,,
5/14/2018 4:30,14.8117,74.271,,
5/14/2018 4:45,14.8117,74.271,,
5/14/2018 5:00,14.8117,74.271,,
5/14/2018 5:15,14.8159,74.271,,
5/14/2018 5:30,14.8155,74.098,,
5/14/2018 5:45,14.8133,74.098,,
5/14/2018 6:00,14.8155,74.098,,
5/14/2018 6:15,14.8198,74.098,,
5/14/2018 6:30,14.8198,74.098,,
5/14/2018 6:45,14.8263,74.098,,
5/14/2018 7:00,14.8242,74.098,,
5/14/2018 7:15,14.8242,74.098,,
5/14/2018 7:30,14.8285,74.098,,
5/14/2018 7:45,14.8311,74.271,,
5/14/2018 8:00,14.8355,74.271,,
5/14/2018 8:15,14.8333,74.271,,
5/14/2018 8:30,14.8359,74.446,,
5/14/2018 8:45,14.8381,74.446,,
5/14/2018 9:00,14.8407,74.619,,
5/14/2018 9:15,14.8433,74.791,,
5/14/2018 9:30,14.8394,74.964,,
5/14/2018 9:45,14.8442,75.139,,
5/14/2018 10:00,14.8426,75.312,,
5/14/2018 10:15,14.8387,75.484,,
5/14/2018 10:30,14.8391,75.659,,
5/14/2018 10:45,14.8395,75.832,,
5/14/2018 11:00,14.8356,76.006,,
5/14/2018 11:15,14.8297,76.181,,
5/14/2018 11:30,14.8253,76.181,,
5/14/2018 11:45,14.8284,76.528,,
5/14/2018 12:00,14.824,76.528,,
5/14/2018 12:15,14.8197,76.528,,
5/14/2018 12:30,14.8175,76.528,,
5/14/2018 12:45,14.8153,76.528,,
5/14/2018 13:00,14.8142,76.876,,
5/14/2018 13:15,14.8081,77.05,,
5/14/2018 13:30,14.8081,77.05,,
5/14/2018 13:45,14.8015,77.05,,
5/14/2018 14:00,14.8059,77.05,,
5/14/2018 14:15,14.7998,77.225,,
5/14/2018 14:30,14.8008,77.574,,
5/14/2018 14:45,14.7998,77.225,,
5/14/2018 15:00,14.802,77.225,,
5/14/2018 15:15,14.7978,77.225,,
5/14/2018 15:30,14.796,77.4,,
5/14/2018 15:45,14.7934,77.225,,
5/14/2018 16:00,14.7928,77.05,,
5/14/2018 16:15,14.7972,77.05,,
5/14/2018 16:30,14.7972,77.05,,
5/14/2018 16:45,14.7994,77.05,,
5/14/2018 17:00,14.8011,76.876,,
5/14/2018 17:15,14.7989,76.876,,
5/14/2018 17:30,14.8033,76.876,,
5/14/2018 17:45,14.8076,76.876,,
5/14/2018 18:00,14.8072,76.703,,
5/14/2018 18:15,14.8115,76.703,,
5/14/2018 18:30,14.8094,76.703,,
5/14/2018 18:45,14.8094,76.703,,
5/14/2018 19:00,14.8115,76.703,,
5/14/2018 19:15,14.8159,76.703,,
5/14/2018 19:30,14.8175,76.528,,
5/14/2018 19:45,14.8197,76.528,,
5/14/2018 20:00,14.8197,76.528,,
5/14/2018 20:15,14.8218,76.528,,
5/14/2018 20:30,14.824,76.528,,
5/14/2018 20:45,14.8262,76.528,,
5/14/2018 21:00,14.8262,76.528,,
5/14/2018 21:15,14.8284,76.528,,
5/14/2018 21:30,14.8284,76.528,,
5/14/2018 21:45,14.8301,76.354,,
5/14/2018 22:00,14.8301,76.354,,
5/14/2018 22:15,14.8301,76.354,,
5/14/2018 22:30,14.8301,76.354,,
5/14/2018 22:45,14.8301,76.354,,
5/14/2018 23:00,14.8279,76.354,,
5/14/2018 23:15,14.8323,76.354,,
5/14/2018 23:30,14.8323,76.354,,
5/14/2018 23:45,14.8366,76.354,,
5/15/2018 0:00,14.8406,76.181,,
5/15/2018 0:15,14.834,76.181,,
5/15/2018 0:30,14.8552,76.006,,
5/15/2018 0:45,14.9025,75.832,,
5/15/2018 1:00,14.9666,75.484,,
5/15/2018 1:15,15.0313,75.312,,
5/15/2018 1:30,14.9705,75.312,,
5/15/2018 1:45,14.9245,75.139,,
5/15/2018 2:00,14.8962,75.139,,
5/15/2018 2:15,14.8746,75.139,,
5/15/2018 2:30,14.8594,75.139,,
5/15/2018 2:45,14.8485,75.139,,
5/15/2018 3:00,14.8394,74.964,,
5/15/2018 3:15,14.8352,74.964,,
5/15/2018 3:30,14.833,74.964,,
5/15/2018 3:45,14.8287,74.964,,
5/15/2018 4:00,14.8243,74.964,,
5/15/2018 4:15,14.8221,74.964,,
5/15/2018 4:30,14.82,74.964,,
5/15/2018 4:45,14.82,74.964,,
5/15/2018 5:00,14.82,74.964,,
5/15/2018 5:15,14.8173,74.791,,
5/15/2018 5:30,14.8152,74.791,,
5/15/2018 5:45,14.8173,74.791,,
5/15/2018 6:00,14.8126,74.619,,
5/15/2018 6:15,14.8126,74.619,,
5/15/2018 6:30,14.8169,74.619,,
5/15/2018 6:45,14.8169,74.619,,
5/15/2018 7:00,14.8169,74.619,,
5/15/2018 7:15,14.8191,74.619,,
5/15/2018 7:30,14.8165,74.446,,
5/15/2018 7:45,14.8191,74.619,,
5/15/2018 8:00,14.8191,74.619,,
5/15/2018 8:15,14.8191,74.619,,
5/15/2018 8:30,14.8191,74.619,,
5/15/2018 8:45,14.8191,74.619,,
5/15/2018 9:00,14.8217,74.791,,
5/15/2018 9:15,14.8217,74.791,,
5/15/2018 9:30,14.8221,74.964,,
5/15/2018 9:45,14.8221,74.964,,
5/15/2018 10:00,14.8204,75.139,,
5/15/2018 10:15,14.8169,75.484,,
5/15/2018 10:30,14.8175,75.659,,
5/15/2018 10:45,14.8184,76.006,,
5/15/2018 11:00,14.8118,76.006,,
5/15/2018 11:15,14.8123,76.181,,
5/15/2018 11:30,14.8089,76.528,,
5/15/2018 11:45,14.8068,76.528,,
5/15/2018 12:00,14.8046,76.528,,
5/15/2018 12:15,14.8028,76.703,,
5/15/2018 12:30,14.7998,77.225,,
5/15/2018 12:45,14.7956,77.225,,
5/15/2018 13:00,14.7924,76.876,,
5/15/2018 13:15,14.7946,76.876,,
5/15/2018 13:30,14.7886,77.05,,
5/15/2018 13:45,14.7851,77.4,,
5/15/2018 14:00,14.7808,77.4,,
5/15/2018 14:15,14.7834,77.574,,
5/15/2018 14:30,14.7817,77.749,,
5/15/2018 14:45,14.7775,77.749,,
5/15/2018 15:00,14.7725,77.574,,
5/15/2018 15:15,14.7725,77.574,,
5/15/2018 15:30,14.7721,77.4,,
5/15/2018 15:45,14.7695,77.225,,
5/15/2018 16:00,14.7695,77.225,,
5/15/2018 16:15,14.7708,76.876,,
5/15/2018 16:30,14.7725,76.703,,
5/15/2018 16:45,14.7719,76.528,,
5/15/2018 17:00,14.7741,76.528,,
5/15/2018 17:15,14.7763,76.528,,
5/15/2018 17:30,14.7802,76.354,,
5/15/2018 17:45,14.778,76.354,,
5/15/2018 18:00,14.778,76.354,,
5/15/2018 18:15,14.782,76.181,,
5/15/2018 18:30,14.782,76.181,,
5/15/2018 18:45,14.7841,76.181,,
5/15/2018 19:00,14.7879,76.006,,
5/15/2018 19:15,14.7923,76.006,,
5/15/2018 19:30,14.7923,76.006,,
5/15/2018 19:45,14.7944,76.006,,
5/15/2018 20:00,14.7962,75.832,,
5/15/2018 20:15,14.7962,75.832,,
5/15/2018 20:30,14.7957,75.659,,
5/15/2018 20:45,14.7979,75.659,,
5/15/2018 21:00,14.8001,75.659,,
5/15/2018 21:15,14.8018,75.484,,
5/15/2018 21:30,14.8018,75.484,,
5/15/2018 21:45,14.804,75.484,,
5/15/2018 22:00,14.7992,75.312,,
5/15/2018 22:15,14.8036,75.312,,
5/15/2018 22:30,14.8036,75.312,,
5/15/2018 22:45,14.8036,75.312,,
5/15/2018 23:00,14.803,75.139,,
5/15/2018 23:15,14.8008,75.139,,
5/15/2018 23:30,14.803,75.139,,
5/15/2018 23:45,14.8008,75.139,,
5/16/2018 0:00,14.7986,75.139,,
5/16/2018 0:15,14.8004,74.964,,
5/16/2018 0:30,14.8004,74.964,,
5/16/2018 0:45,14.8004,74.964,,
5/16/2018 1:00,14.8026,74.964,,
5/16/2018 1:15,14.7982,74.964,,
5/16/2018 1:30,14.7982,74.964,,
5/16/2018 1:45,14.7956,74.791,,
5/16/2018 2:00,14.7934,74.791,,
5/16/2018 2:15,14.7956,74.791,,
5/16/2018 2:30,14.7912,74.791,,
5/16/2018 2:45,14.7912,74.791,,
5/16/2018 3:00,14.7908,74.619,,
5/16/2018 3:15,14.7908,74.619,,
5/16/2018 3:30,14.7865,74.619,,
5/16/2018 3:45,14.7865,74.619,,
5/16/2018 4:00,14.7865,74.619,,
5/16/2018 4:15,14.7886,74.619,,
5/16/2018 4:30,14.7886,74.619,,
5/16/2018 4:45,14.7882,74.446,,
5/16/2018 5:00,14.7904,74.446,,
5/16/2018 5:15,14.7925,74.446,,
5/16/2018 5:30,14.7925,74.446,,
5/16/2018 5:45,14.7925,74.446,,
5/16/2018 6:00,14.7969,74.446,,
5/16/2018 6:15,14.7991,74.446,,
5/16/2018 6:30,14.8012,74.446,,
5/16/2018 6:45,14.8052,74.271,,
5/16/2018 7:00,14.8052,74.271,,
5/16/2018 7:15,14.8052,74.271,,
5/16/2018 7:30,14.8095,74.271,,
5/16/2018 7:45,14.8117,74.271,,
5/16/2018 8:00,14.8095,74.271,,
5/16/2018 8:15,14.8117,74.271,,
5/16/2018 8:30,14.8143,74.446,,
5/16/2018 8:45,14.8143,74.446,,
5/16/2018 9:00,14.8191,74.619,,
5/16/2018 9:15,14.8191,74.619,,
5/16/2018 9:30,14.8234,74.619,,
5/16/2018 9:45,14.8234,74.619,,
5/16/2018 10:00,14.8255,74.619,,
5/16/2018 10:15,14.8213,74.619,,
5/16/2018 10:30,14.8239,74.791,,
5/16/2018 10:45,14.82,74.964,,
5/16/2018 11:00,14.8182,75.139,,
5/16/2018 11:15,14.8169,75.484,,
5/16/2018 11:30,14.814,76.006,,
5/16/2018 11:45,14.8114,75.832,,
5/16/2018 12:00,14.8097,76.006,,
5/16/2018 12:15,14.8097,76.006,,
5/16/2018 12:30,14.8075,76.006,,
5/16/2018 12:45,14.804,76.354,,
5/16/2018 13:00,14.802,76.354,,
5/16/2018 13:15,14.8014,76.181,,
5/16/2018 13:30,14.797,76.181,,
5/16/2018 13:45,14.7941,76.703,,
5/16/2018 14:00,14.7898,76.703,,
5/16/2018 14:15,14.7911,76.354,,
5/16/2018 14:30,14.7911,76.354,,
5/16/2018 14:45,14.7911,76.354,,
5/16/2018 15:00,14.7894,76.528,,
5/16/2018 15:15,14.7894,76.528,,
5/16/2018 15:30,14.7872,76.528,,
5/16/2018 15:45,14.7854,76.703,,
5/16/2018 16:00,14.785,76.528,,
5/16/2018 16:15,14.7872,76.528,,
5/16/2018 16:30,14.785,76.528,,
5/16/2018 16:45,14.7846,76.354,,
5/16/2018 17:00,14.7841,76.181,,
5/16/2018 17:15,14.7841,76.181,,
5/16/2018 17:30,14.7837,76.006,,
5/16/2018 17:45,14.7879,76.006,,
5/16/2018 18:00,14.7875,75.832,,
5/16/2018 18:15,14.7875,75.832,,
5/16/2018 18:30,14.7914,75.659,,
5/16/2018 18:45,14.7892,75.659,,
5/16/2018 19:00,14.7914,75.659,,
5/16/2018 19:15,14.7953,75.484,,
5/16/2018 19:30,14.7997,75.484,,
5/16/2018 19:45,14.8018,75.484,,
5/16/2018 20:00,14.8036,75.312,,
5/16/2018 20:15,14.8036,75.312,,
5/16/2018 20:30,14.8056,75.312,,
5/16/2018 20:45,14.8052,75.139,,
5/16/2018 21:00,14.8073,75.139,,
5/16/2018 21:15,14.8052,75.139,,
5/16/2018 21:30,14.8091,74.964,,
5/16/2018 21:45,14.8091,74.964,,
5/16/2018 22:00,14.8113,74.964,,
5/16/2018 22:15,14.8108,74.791,,
5/16/2018 22:30,14.8108,74.791,,
5/16/2018 22:45,14.8086,74.791,,
5/16/2018 23:00,14.8104,74.619,,
5/16/2018 23:15,14.8082,74.619,,
5/16/2018 23:30,14.8082,74.619,,
5/16/2018 23:45,14.8056,74.446,,
5/17/2018 0:00,14.8056,74.446,,
5/17/2018 0:15,14.8056,74.446,,
5/17/2018 0:30,14.8056,74.446,,
5/17/2018 0:45,14.8052,74.271,,
5/17/2018 1:00,14.803,74.271,,
5/17/2018 1:15,14.803,74.271,,
5/17/2018 1:30,14.7986,74.271,,
5/17/2018 1:45,14.8004,74.098,,
5/17/2018 2:00,14.796,74.098,,
5/17/2018 2:15,14.7938,74.098,,
5/17/2018 2:30,14.7938,74.098,,
5/17/2018 2:45,14.7938,74.098,,
5/17/2018 3:00,14.7938,74.098,,
5/17/2018 3:15,14.7934,73.926,,
5/17/2018 3:30,14.7912,73.926,,
5/17/2018 3:45,14.7934,73.926,,
5/17/2018 4:00,14.7934,73.926,,
5/17/2018 4:15,14.7912,73.926,,
5/17/2018 4:30,14.7912,73.926,,
5/17/2018 4:45,14.793,73.753,,
5/17/2018 5:00,14.7952,73.753,,
5/17/2018 5:15,14.793,73.753,,
5/17/2018 5:30,14.7952,73.753,,
5/17/2018 5:45,14.8015,73.753,,
5/17/2018 6:00,14.7994,73.753,,
5/17/2018 6:15,14.8037,73.753,,
5/17/2018 6:30,14.8059,73.753,,
5/17/2018 6:45,14.8081,73.753,,
5/17/2018 7:00,14.8102,73.753,,
5/17/2018 7:15,14.8124,73.753,,
5/17/2018 7:30,14.8124,73.753,,
5/17/2018 7:45,14.8168,73.753,,
5/17/2018 8:00,14.8211,73.753,,
5/17/2018 8:15,14.8189,73.753,,
5/17/2018 8:30,14.8211,73.753,,
5/17/2018 8:45,14.8216,73.926,,
5/17/2018 9:00,14.8198,74.098,,
5/17/2018 9:15,14.822,74.098,,
5/17/2018 9:30,14.8246,74.271,,
5/17/2018 9:45,14.8255,74.619,,
5/17/2018 10:00,14.826,74.791,,
5/17/2018 10:15,14.8221,74.964,,
5/17/2018 10:30,14.8187,75.312,,
5/17/2018 10:45,14.8191,75.484,,
5/17/2018 11:00,14.8175,75.659,,
5/17/2018 11:15,14.8153,75.659,,
5/17/2018 11:30,14.8153,75.659,,
5/17/2018 11:45,14.8153,75.659,,
5/17/2018 12:00,14.8097,76.006,,
5/17/2018 12:15,14.8079,76.181,,
5/17/2018 12:30,14.8055,76.876,,
5/17/2018 12:45,14.8041,77.225,,
5/17/2018 13:00,14.8004,77.4,,
5/17/2018 13:15,14.7995,77.923,,
5/17/2018 13:30,14.7957,78.098,,
5/17/2018 13:45,14.7936,78.098,,
5/17/2018 14:00,14.7914,78.098,,
5/17/2018 14:15,14.7892,78.098,,
5/17/2018 14:30,14.787,78.098,,
5/17/2018 14:45,14.7827,78.098,,
5/17/2018 15:00,14.7822,77.923,,
5/17/2018 15:15,14.7844,77.923,,
5/17/2018 15:30,14.7817,77.749,,
5/17/2018 15:45,14.7812,77.574,,
5/17/2018 16:00,14.7851,77.4,,
5/17/2018 16:15,14.7825,77.225,,
5/17/2018 16:30,14.7821,77.05,,
5/17/2018 16:45,14.7815,76.876,,
5/17/2018 17:00,14.7828,76.528,,
5/17/2018 17:15,14.7872,76.528,,
5/17/2018 17:30,14.7872,76.528,,
5/17/2018 17:45,14.7889,76.354,,
5/17/2018 18:00,14.7911,76.354,,
5/17/2018 18:15,14.7933,76.354,,
5/17/2018 18:30,14.795,76.181,,
5/17/2018 18:45,14.797,76.181,,
5/17/2018 19:00,14.797,76.181,,
5/17/2018 19:15,14.7992,76.181,,
5/17/2018 19:30,14.8031,76.006,,
5/17/2018 19:45,14.8053,76.006,,
5/17/2018 20:00,14.8075,76.006,,
5/17/2018 20:15,14.8075,76.006,,
5/17/2018 20:30,14.8114,75.832,,
5/17/2018 20:45,14.8136,75.832,,
5/17/2018 21:00,14.8114,75.832,,
5/17/2018 21:15,14.8153,75.659,,
5/17/2018 21:30,14.8153,75.659,,
5/17/2018 21:45,14.8175,75.659,,
5/17/2018 22:00,14.8153,75.659,,
5/17/2018 22:15,14.8153,75.659,,
5/17/2018 22:30,14.8169,75.484,,
5/17/2018 22:45,14.8169,75.484,,
5/17/2018 23:00,14.8147,75.484,,
5/17/2018 23:15,14.8105,75.484,,
5/17/2018 23:30,14.8062,75.484,,
5/17/2018 23:45,14.8078,75.312,,
5/18/2018 0:00,14.8056,75.312,,
5/18/2018 0:15,14.8036,75.312,,
5/18/2018 0:30,14.8036,75.312,,
5/18/2018 0:45,14.8056,75.312,,
5/18/2018 1:00,14.8056,75.312,,
5/18/2018 1:15,14.803,75.139,,
5/18/2018 1:30,14.7986,75.139,,
5/18/2018 1:45,14.8008,75.139,,
5/18/2018 2:00,14.8008,75.139,,
5/18/2018 2:15,14.7966,75.139,,
5/18/2018 2:30,14.7986,75.139,,
5/18/2018 2:45,14.7986,75.139,,
5/18/2018 3:00,14.7966,75.139,,
5/18/2018 3:15,14.7938,74.964,,
5/18/2018 3:30,14.796,74.964,,
5/18/2018 3:45,14.796,74.964,,
5/18/2018 4:00,14.796,74.964,,
5/18/2018 4:15,14.7982,74.964,,
5/18/2018 4:30,14.8026,74.964,,
5/18/2018 4:45,14.8004,74.964,,
5/18/2018 5:00,14.8047,74.964,,
5/18/2018 5:15,14.8047,74.964,,
5/18/2018 5:30,14.8047,74.964,,
5/18/2018 5:45,14.8069,74.964,,
5/18/2018 6:00,14.8086,74.791,,
5/18/2018 6:15,14.8086,74.791,,
5/18/2018 6:30,14.8108,74.791,,
5/18/2018 6:45,14.813,74.791,,
5/18/2018 7:00,14.8173,74.791,,
5/18/2018 7:15,14.8195,74.791,,
5/18/2018 7:30,14.8243,74.964,,
5/18/2018 7:45,14.8221,74.964,,
5/18/2018 8:00,14.82,74.964,,
5/18/2018 8:15,14.8287,74.964,,
5/18/2018 8:30,14.8291,75.139,,
5/18/2018 8:45,14.8291,75.139,,
5/18/2018 9:00,14.8295,75.312,,
5/18/2018 9:15,14.8317,75.312,,
5/18/2018 9:30,14.8339,75.312,,
5/18/2018 9:45,14.8343,75.484,,
5/18/2018 10:00,14.833,75.832,,
5/18/2018 10:15,14.834,76.181,,
5/18/2018 10:30,14.8327,76.528,,
5/18/2018 10:45,14.8288,76.703,,
5/18/2018 11:00,14.8272,76.876,,
5/18/2018 11:15,14.8259,77.225,,
5/18/2018 11:30,14.8216,77.225,,
5/18/2018 11:45,14.8194,77.225,,
5/18/2018 12:00,14.815,77.225,,
5/18/2018 12:15,14.8146,77.05,,
5/18/2018 12:30,14.812,76.876,,
5/18/2018 12:45,14.8102,77.05,,
5/18/2018 13:00,14.8098,76.876,,
5/18/2018 13:15,14.8037,77.05,,
5/18/2018 13:30,14.8041,77.225,,
5/18/2018 13:45,14.8012,77.749,,
5/18/2018 14:00,14.7969,77.749,,
5/18/2018 14:15,14.7982,77.4,,
5/18/2018 14:30,14.7934,77.225,,
5/18/2018 14:45,14.7934,77.225,,
5/18/2018 15:00,14.7925,77.749,,
5/18/2018 15:15,14.7904,77.749,,
5/18/2018 15:30,14.7899,77.574,,
5/18/2018 15:45,14.7878,77.574,,
5/18/2018 16:00,14.7873,77.4,,
5/18/2018 16:15,14.7895,77.4,,
5/18/2018 16:30,14.7869,77.225,,
5/18/2018 16:45,14.7886,77.05,,
5/18/2018 17:00,14.788,76.876,,
5/18/2018 17:15,14.7898,76.703,,
5/18/2018 17:30,14.792,76.703,,
5/18/2018 17:45,14.7963,76.703,,
5/18/2018 18:00,14.7959,76.528,,
5/18/2018 18:15,14.7959,76.528,,
5/18/2018 18:30,14.7981,76.528,,
5/18/2018 18:45,14.8002,76.528,,
5/18/2018 19:00,14.8002,76.528,,
5/18/2018 19:15,14.8062,76.354,,
5/18/2018 19:30,14.8062,76.354,,
5/18/2018 19:45,14.8084,76.354,,
5/18/2018 20:00,14.8127,76.354,,
5/18/2018 20:15,14.8149,76.354,,
5/18/2018 20:30,14.8149,76.354,,
5/18/2018 20:45,14.8149,76.354,,
5/18/2018 21:00,14.8144,76.181,,
5/18/2018 21:15,14.8144,76.181,,
5/18/2018 21:30,14.8144,76.181,,
5/18/2018 21:45,14.8166,76.181,,
5/18/2018 22:00,14.8188,76.181,,
5/18/2018 22:15,14.8166,76.181,,
5/18/2018 22:30,14.8166,76.181,,
5/18/2018 22:45,14.8166,76.181,,
5/18/2018 23:00,14.8144,76.181,,
5/18/2018 23:15,14.8144,76.181,,
5/18/2018 23:30,14.8144,76.181,,
5/18/2018 23:45,14.8144,76.181,,
5/19/2018 0:00,14.8123,76.181,,
5/19/2018 0:15,14.8101,76.181,,
5/19/2018 0:30,14.8101,76.181,,
5/19/2018 0:45,14.8079,76.181,,
5/19/2018 1:00,14.8057,76.181,,
5/19/2018 1:15,14.8057,76.181,,
5/19/2018 1:30,14.8036,76.181,,
5/19/2018 1:45,14.8014,76.181,,
5/19/2018 2:00,14.801,76.006,,
5/19/2018 2:15,14.7992,76.181,,
5/19/2018 2:30,14.7944,76.006,,
5/19/2018 2:45,14.7923,76.006,,
5/19/2018 3:00,14.7901,76.006,,
5/19/2018 3:15,14.7901,76.006,,
5/19/2018 3:30,14.7879,76.006,,
5/19/2018 3:45,14.7859,76.006,,
5/19/2018 4:00,14.7879,76.006,,
5/19/2018 4:15,14.7879,76.006,,
5/19/2018 4:30,14.7879,76.006,,
5/19/2018 4:45,14.7901,76.006,,
5/19/2018 5:00,14.7879,76.006,,
5/19/2018 5:15,14.7879,76.006,,
5/19/2018 5:30,14.7879,76.006,,
5/19/2018 5:45,14.7901,76.006,,
5/19/2018 6:00,14.7923,76.006,,
5/19/2018 6:15,14.7901,76.006,,
5/19/2018 6:30,14.7923,76.006,,
5/19/2018 6:45,14.7966,76.006,,
5/19/2018 7:00,14.7988,76.006,,
5/19/2018 7:15,14.7988,76.006,,
5/19/2018 7:30,14.8031,76.006,,
5/19/2018 7:45,14.8123,76.181,,
5/19/2018 8:00,14.8166,76.181,,
5/19/2018 8:15,14.8188,76.181,,
5/19/2018 8:30,14.8144,76.181,,
5/19/2018 8:45,14.8171,76.354,,
5/19/2018 9:00,14.8149,76.354,,
5/19/2018 9:15,14.8153,76.528,,
5/19/2018 9:30,14.8181,76.703,,
5/19/2018 9:45,14.8181,76.703,,
5/19/2018 10:00,14.8185,76.876,,
5/19/2018 10:15,14.8146,77.05,,
5/19/2018 10:30,14.8155,77.4,,
5/19/2018 10:45,14.8155,77.4,,
5/19/2018 11:00,14.816,77.574,,
5/19/2018 11:15,14.8143,77.749,,
5/19/2018 11:30,14.813,78.098,,
5/19/2018 11:45,14.8082,77.923,,
5/19/2018 12:00,14.806,77.923,,
5/19/2018 12:15,14.8043,78.098,,
5/19/2018 12:30,14.8027,78.274,,
5/19/2018 12:45,14.801,78.449,,
5/19/2018 13:00,14.7962,78.274,,
5/19/2018 13:15,14.794,78.274,,
5/19/2018 13:30,14.7933,78.8,,
5/19/2018 13:45,14.7894,78.975,,
5/19/2018 14:00,14.7894,78.975,,
5/19/2018 14:15,14.7867,78.8,,
5/19/2018 14:30,14.7828,78.975,,
5/19/2018 14:45,14.7872,78.975,,
5/19/2018 15:00,14.7824,78.8,,
5/19/2018 15:15,14.782,78.624,,
5/19/2018 15:30,14.7814,78.449,,
5/19/2018 15:45,14.7788,78.274,,
5/19/2018 16:00,14.7792,78.449,,
5/19/2018 16:15,14.7792,78.449,,
5/19/2018 16:30,14.7809,78.274,,
5/19/2018 16:45,14.7827,78.098,,
5/19/2018 17:00,14.787,78.098,,
5/19/2018 17:15,14.787,78.098,,
5/19/2018 17:30,14.7908,77.923,,
5/19/2018 17:45,14.83,77.923,,
5/19/2018 18:00,14.8316,77.749,,
5/19/2018 18:15,14.8224,77.574,,
5/19/2018 18:30,14.8202,77.574,,
5/19/2018 18:45,14.816,77.574,,
5/19/2018 19:00,14.816,77.574,,
5/19/2018 19:15,14.8117,77.574,,
5/19/2018 19:30,14.8095,77.574,,
5/19/2018 19:45,14.8089,77.4,,
5/19/2018 20:00,14.8111,77.4,,
5/19/2018 20:15,14.8111,77.4,,
5/19/2018 20:30,14.8133,77.4,,
5/19/2018 20:45,14.8155,77.4,,
5/19/2018 21:00,14.8176,77.4,,
5/19/2018 21:15,14.8172,77.225,,
5/19/2018 21:30,14.8172,77.225,,
5/19/2018 21:45,14.8172,77.225,,
5/19/2018 22:00,14.815,77.225,,
5/19/2018 22:15,14.8172,77.225,,
5/19/2018 22:30,14.8168,77.05,,
5/19/2018 22:45,14.8168,77.05,,
5/19/2018 23:00,14.8146,77.05,,
5/19/2018 23:15,14.8146,77.05,,
5/19/2018 23:30,14.8102,77.05,,
5/19/2018 23:45,14.812,76.876,,
5/20/2018 0:00,14.8098,76.876,,
5/20/2018 0:15,14.8076,76.876,,
5/20/2018 0:30,14.8076,76.876,,
5/20/2018 0:45,14.8055,76.876,,
5/20/2018 1:00,14.8033,76.876,,
5/20/2018 1:15,14.8028,76.703,,
5/20/2018 1:30,14.8007,76.703,,
5/20/2018 1:45,14.7985,76.703,,
5/20/2018 2:00,14.7941,76.703,,
5/20/2018 2:15,14.7941,76.703,,
5/20/2018 2:30,14.7915,76.528,,
5/20/2018 2:45,14.7894,76.528,,
5/20/2018 3:00,14.7872,76.528,,
5/20/2018 3:15,14.785,76.528,,
5/20/2018 3:30,14.7828,76.528,,
5/20/2018 3:45,14.785,76.528,,
5/20/2018 4:00,14.785,76.528,,
5/20/2018 4:15,14.785,76.528,,
5/20/2018 4:30,14.785,76.528,,
5/20/2018 4:45,14.7894,76.528,,
5/20/2018 5:00,14.7872,76.528,,
5/20/2018 5:15,14.7889,76.354,,
5/20/2018 5:30,14.7889,76.354,,
5/20/2018 5:45,14.7911,76.354,,
5/20/2018 6:00,14.7933,76.354,,
5/20/2018 6:15,14.7933,76.354,,
5/20/2018 6:30,14.7954,76.354,,
5/20/2018 6:45,14.7976,76.354,,
5/20/2018 7:00,14.7998,76.354,,
5/20/2018 7:15,14.802,76.354,,
5/20/2018 7:30,14.8062,76.354,,
5/20/2018 7:45,14.8068,76.528,,
5/20/2018 8:00,14.8089,76.528,,
5/20/2018 8:15,14.8089,76.528,,
5/20/2018 8:30,14.8131,76.528,,
5/20/2018 8:45,14.8137,76.703,,
5/20/2018 9:00,14.8142,76.876,,
5/20/2018 9:15,14.8142,76.876,,
5/20/2018 9:30,14.8168,77.05,,
5/20/2018 9:45,14.8168,77.05,,
5/20/2018 10:00,14.8172,77.225,,
5/20/2018 10:15,14.8155,77.4,,
5/20/2018 10:30,14.8117,77.574,,
5/20/2018 10:45,14.8078,77.749,,
5/20/2018 11:00,14.806,77.923,,
5/20/2018 11:15,14.8021,78.098,,
5/20/2018 11:30,14.8027,78.274,,
5/20/2018 11:45,14.8005,78.274,,
5/20/2018 12:00,14.7962,78.274,,
5/20/2018 12:15,14.7966,78.449,,
5/20/2018 12:30,14.7944,78.449,,
5/20/2018 12:45,14.7911,78.8,,
5/20/2018 13:00,14.7933,78.8,,
5/20/2018 13:15,14.7872,78.975,,
5/20/2018 13:30,14.785,78.975,,
5/20/2018 13:45,14.7807,78.975,,
5/20/2018 14:00,14.7795,79.326,,
5/20/2018 14:15,14.776,79.678,,
5/20/2018 14:30,14.7738,79.678,,
5/20/2018 14:45,14.7717,79.678,,
5/20/2018 15:00,14.7712,79.502,,
5/20/2018 15:15,14.7702,79.151,,
5/20/2018 15:30,14.7698,78.975,,
5/20/2018 15:45,14.7689,78.624,,
5/20/2018 16:00,14.7711,78.624,,
5/20/2018 16:15,14.7706,78.449,,
5/20/2018 16:30,14.7685,78.449,,
5/20/2018 16:45,14.7679,78.274,,
5/20/2018 17:00,14.7675,78.098,,
5/20/2018 17:15,14.7696,78.098,,
5/20/2018 17:30,14.7714,77.923,,
5/20/2018 17:45,14.7735,77.923,,
5/20/2018 18:00,14.7753,77.749,,
5/20/2018 18:15,14.7775,77.749,,
5/20/2018 18:30,14.7796,77.749,,
5/20/2018 18:45,14.7796,77.749,,
5/20/2018 19:00,14.7791,77.574,,
5/20/2018 19:15,14.7834,77.574,,
5/20/2018 19:30,14.7856,77.574,,
5/20/2018 19:45,14.7878,77.574,,
5/20/2018 20:00,14.7878,77.574,,
5/20/2018 20:15,14.7878,77.574,,
5/20/2018 20:30,14.7938,77.4,,
5/20/2018 20:45,14.7938,77.4,,
5/20/2018 21:00,14.8004,77.4,,
5/20/2018 21:15,14.796,77.4,,
5/20/2018 21:30,14.7982,77.4,,
5/20/2018 21:45,14.7982,77.4,,
5/20/2018 22:00,14.7982,77.4,,
5/20/2018 22:15,14.8026,77.4,,
5/20/2018 22:30,14.8004,77.4,,
5/20/2018 22:45,14.7982,77.4,,
5/20/2018 23:00,14.7998,77.225,,
5/20/2018 23:15,14.7956,77.225,,
5/20/2018 23:30,14.7956,77.225,,
5/20/2018 23:45,14.7978,77.225,,
5/21/2018 0:00,14.7956,77.225,,
5/21/2018 0:15,14.7956,77.225,,
5/21/2018 0:30,14.7956,77.225,,
5/21/2018 0:45,14.7978,77.225,,
5/21/2018 1:00,14.7956,77.225,,
5/21/2018 1:15,14.7978,77.225,,
5/21/2018 1:30,14.7956,77.225,,
5/21/2018 1:45,14.7934,77.225,,
5/21/2018 2:00,14.7928,77.05,,
5/21/2018 2:15,14.7928,77.05,,
5/21/2018 2:30,14.7907,77.05,,
5/21/2018 2:45,14.7907,77.05,,
5/21/2018 3:00,14.7865,77.05,,
5/21/2018 3:15,14.7886,77.05,,
5/21/2018 3:30,14.788,76.876,,
5/21/2018 3:45,14.7859,76.876,,
5/21/2018 4:00,14.7837,76.876,,
5/21/2018 4:15,14.7815,76.876,,
5/21/2018 4:30,14.7859,76.876,,
5/21/2018 4:45,14.7859,76.876,,
5/21/2018 5:00,14.788,76.876,,
5/21/2018 5:15,14.788,76.876,,
5/21/2018 5:30,14.7902,76.876,,
5/21/2018 5:45,14.7902,76.876,,
5/21/2018 6:00,14.7946,76.876,,
5/21/2018 6:15,14.7946,76.876,,
5/21/2018 6:30,14.7941,76.703,,
5/21/2018 6:45,14.7963,76.703,,
5/21/2018 7:00,14.8007,76.703,,
5/21/2018 7:15,14.8007,76.703,,
5/21/2018 7:30,14.8007,76.703,,
5/21/2018 7:45,14.8055,76.876,,
5/21/2018 8:00,14.8055,76.876,,
5/21/2018 8:15,14.8076,76.876,,
5/21/2018 8:30,14.8102,77.05,,
5/21/2018 8:45,14.8102,77.05,,
5/21/2018 9:00,14.8107,77.225,,
5/21/2018 9:15,14.8155,77.4,,
5/21/2018 9:30,14.8155,77.4,,
5/21/2018 9:45,14.8155,77.4,,
5/21/2018 10:00,14.8143,77.749,,
5/21/2018 10:15,14.8121,77.749,,
5/21/2018 10:30,14.813,78.098,,
5/21/2018 10:45,14.8092,78.274,,
5/21/2018 11:00,14.807,78.274,,
5/21/2018 11:15,14.8053,78.449,,
5/21/2018 11:30,14.8036,78.624,,
5/21/2018 11:45,14.7992,78.624,,
5/21/2018 12:00,14.7981,78.975,,
5/21/2018 12:15,14.792,79.151,,
5/21/2018 12:30,14.788,79.326,,
5/21/2018 12:45,14.7865,79.502,,
5/21/2018 13:00,14.7825,79.678,,
5/21/2018 13:15,14.7818,80.206,,
5/21/2018 13:30,14.7814,80.029,,
5/21/2018 13:45,14.7764,79.853,,
5/21/2018 14:00,14.776,79.678,,
5/21/2018 14:15,14.7712,79.502,,
5/21/2018 14:30,14.7734,79.502,,
5/21/2018 14:45,14.7695,79.678,,
5/21/2018 15:00,14.769,79.502,,
5/21/2018 15:15,14.7686,79.326,,
5/21/2018 15:30,14.7682,79.151,,
5/21/2018 15:45,14.7686,79.326,,
5/21/2018 16:00,14.7676,78.975,,
5/21/2018 16:15,14.765,78.8,,
5/21/2018 16:30,14.7667,78.624,,
5/21/2018 16:45,14.7667,78.624,,
5/21/2018 17:00,14.7663,78.449,,
5/21/2018 17:15,14.7679,78.274,,
5/21/2018 17:30,14.7696,78.098,,
5/21/2018 17:45,14.774,78.098,,
5/21/2018 18:00,14.7762,78.098,,
5/21/2018 18:15,14.7757,77.923,,
5/21/2018 18:30,14.7779,77.923,,
5/21/2018 18:45,14.7822,77.923,,
5/21/2018 19:00,14.7817,77.749,,
5/21/2018 19:15,14.7838,77.749,,
5/21/2018 19:30,14.7882,77.749,,
5/21/2018 19:45,14.7882,77.749,,
5/21/2018 20:00,14.7904,77.749,,
5/21/2018 20:15,14.7882,77.749,,
5/21/2018 20:30,14.7921,77.574,,
5/21/2018 20:45,14.7965,77.574,,
5/21/2018 21:00,14.7965,77.574,,
5/21/2018 21:15,14.7986,77.574,,
5/21/2018 21:30,14.7943,77.574,,
5/21/2018 21:45,14.7965,77.574,,
5/21/2018 22:00,14.7965,77.574,,
5/21/2018 22:15,14.7965,77.574,,
5/21/2018 22:30,14.7921,77.574,,
5/21/2018 22:45,14.7965,77.574,,
5/21/2018 23:00,14.7943,77.574,,
5/21/2018 23:15,14.7899,77.574,,
5/21/2018 23:30,14.7895,77.4,,
5/21/2018 23:45,14.7873,77.4,,
5/22/2018 0:00,14.7895,77.4,,
5/22/2018 0:15,14.7873,77.4,,
5/22/2018 0:30,14.7873,77.4,,
5/22/2018 0:45,14.783,77.4,,
5/22/2018 1:00,14.7808,77.4,,
5/22/2018 1:15,14.7786,77.4,,
5/22/2018 1:30,14.7786,77.4,,
5/22/2018 1:45,14.7743,77.4,,
5/22/2018 2:00,14.7743,77.4,,
5/22/2018 2:15,14.7699,77.4,,
5/22/2018 2:30,14.7695,77.225,,
5/22/2018 2:45,14.7673,77.225,,
5/22/2018 3:00,14.7651,77.225,,
5/22/2018 3:15,14.763,77.225,,
5/22/2018 3:30,14.7608,77.225,,
5/22/2018 3:45,14.7608,77.225,,
5/22/2018 4:00,14.763,77.225,,
5/22/2018 4:15,14.7625,77.05,,
5/22/2018 4:30,14.7625,77.05,,
5/22/2018 4:45,14.7647,77.05,,
5/22/2018 5:00,14.7669,77.05,,
5/22/2018 5:15,14.769,77.05,,
5/22/2018 5:30,14.769,77.05,,
5/22/2018 5:45,14.7712,77.05,,
5/22/2018 6:00,14.7751,76.876,,
5/22/2018 6:15,14.7773,76.876,,
5/22/2018 6:30,14.7795,76.876,,
5/22/2018 6:45,14.7837,76.876,,
5/22/2018 7:00,14.7833,76.703,,
5/22/2018 7:15,14.7854,76.703,,
5/22/2018 7:30,14.7898,76.703,,
5/22/2018 7:45,14.7898,76.703,,
5/22/2018 8:00,14.792,76.703,,
5/22/2018 8:15,14.792,76.703,,
5/22/2018 8:30,14.7985,76.703,,
5/22/2018 8:45,14.7968,76.876,,
5/22/2018 9:00,14.7989,76.876,,
5/22/2018 9:15,14.7978,77.225,,
5/22/2018 9:30,14.8004,77.4,,
5/22/2018 9:45,14.8026,77.4,,
5/22/2018 10:00,14.8004,77.4,,
5/22/2018 10:15,14.7965,77.574,,
5/22/2018 10:30,14.7952,77.923,,
5/22/2018 10:45,14.7908,77.923,,
5/22/2018 11:00,14.7914,78.098,,
5/22/2018 11:15,14.7866,77.923,,
5/22/2018 11:30,14.7849,78.098,,
5/22/2018 11:45,14.7836,78.449,,
5/22/2018 12:00,14.7824,78.8,,
5/22/2018 12:15,14.7776,78.624,,
5/22/2018 12:30,14.777,78.449,,
5/22/2018 12:45,14.7785,78.975,,
5/22/2018 13:00,14.7708,79.326,,
5/22/2018 13:15,14.7695,79.678,,
5/22/2018 13:30,14.7673,79.678,,
5/22/2018 13:45,14.7643,79.326,,
5/22/2018 14:00,14.7611,78.975,,
5/22/2018 14:15,14.7595,79.151,,
5/22/2018 14:30,14.7608,79.678,,
5/22/2018 14:45,14.7586,79.678,,
5/22/2018 15:00,14.7544,79.678,,
5/22/2018 15:15,14.7527,79.853,,
5/22/2018 15:30,14.75,79.678,,
5/22/2018 15:45,14.7495,79.502,,
5/22/2018 16:00,14.7512,79.326,,
5/22/2018 16:15,14.7508,79.151,,
5/22/2018 16:30,14.7541,78.8,,
5/22/2018 16:45,14.7554,78.449,,
5/22/2018 17:00,14.755,78.274,,
5/22/2018 17:15,14.7593,78.274,,
5/22/2018 17:30,14.7593,78.274,,
5/22/2018 17:45,14.7609,78.098,,
5/22/2018 18:00,14.7609,78.098,,
5/22/2018 18:15,14.7627,77.923,,
5/22/2018 18:30,14.7627,77.923,,
5/22/2018 18:45,14.7648,77.923,,
5/22/2018 19:00,14.7666,77.749,,
5/22/2018 19:15,14.7688,77.749,,
5/22/2018 19:30,14.7731,77.749,,
5/22/2018 19:45,14.7753,77.749,,
5/22/2018 20:00,14.7796,77.749,,
5/22/2018 20:15,14.7812,77.574,,
5/22/2018 20:30,14.7834,77.574,,
5/22/2018 20:45,14.7812,77.574,,
5/22/2018 21:00,14.7812,77.574,,
5/22/2018 21:15,14.7812,77.574,,
5/22/2018 21:30,14.783,77.4,,
5/22/2018 21:45,14.7851,77.4,,
5/22/2018 22:00,14.7851,77.4,,
5/22/2018 22:15,14.7851,77.4,,
5/22/2018 22:30,14.783,77.4,,
5/22/2018 22:45,14.7825,77.225,,
5/22/2018 23:00,14.7804,77.225,,
5/22/2018 23:15,14.7804,77.225,,
5/22/2018 23:30,14.7804,77.225,,
5/22/2018 23:45,14.7804,77.225,,
5/23/2018 0:00,14.7782,77.225,,
5/23/2018 0:15,14.7756,77.05,,
5/23/2018 0:30,14.7778,77.05,,
5/23/2018 0:45,14.7734,77.05,,
5/23/2018 1:00,14.769,77.05,,
5/23/2018 1:15,14.769,77.05,,
5/23/2018 1:30,14.7669,77.05,,
5/23/2018 1:45,14.7647,77.05,,
5/23/2018 2:00,14.7625,77.05,,
5/23/2018 2:15,14.7625,77.05,,
5/23/2018 2:30,14.7621,76.876,,
5/23/2018 2:45,14.7599,76.876,,
5/23/2018 3:00,14.7577,76.876,,
5/23/2018 3:15,14.7512,76.876,,
5/23/2018 3:30,14.7512,76.876,,
5/23/2018 3:45,14.7512,76.876,,
5/23/2018 4:00,14.7529,76.703,,
5/23/2018 4:15,14.7508,76.703,,
5/23/2018 4:30,14.7529,76.703,,
5/23/2018 4:45,14.7573,76.703,,
5/23/2018 5:00,14.7573,76.703,,
5/23/2018 5:15,14.759,76.528,,
5/23/2018 5:30,14.7612,76.528,,
5/23/2018 5:45,14.7634,76.528,,
5/23/2018 6:00,14.7656,76.528,,
5/23/2018 6:15,14.7676,76.528,,
5/23/2018 6:30,14.7698,76.528,,
5/23/2018 6:45,14.7715,76.354,,
5/23/2018 7:00,14.7759,76.354,,
5/23/2018 7:15,14.778,76.354,,
5/23/2018 7:30,14.7824,76.354,,
5/23/2018 7:45,14.7846,76.354,,
5/23/2018 8:00,14.7867,76.354,,
5/23/2018 8:15,14.7867,76.354,,
5/23/2018 8:30,14.7911,76.354,,
5/23/2018 8:45,14.7889,76.354,,
5/23/2018 9:00,14.7915,76.528,,
5/23/2018 9:15,14.792,76.703,,
5/23/2018 9:30,14.7924,76.876,,
5/23/2018 9:45,14.7928,77.05,,
5/23/2018 10:00,14.7912,77.225,,
5/23/2018 10:15,14.7895,77.4,,
5/23/2018 10:30,14.7856,77.574,,
5/23/2018 10:45,14.7817,77.749,,
5/23/2018 11:00,14.7805,78.098,,
5/23/2018 11:15,14.7788,78.274,,
5/23/2018 11:30,14.7776,78.624,,
5/23/2018 11:45,14.7746,79.151,,
5/23/2018 12:00,14.769,79.502,,
5/23/2018 12:15,14.7669,79.502,,
5/23/2018 12:30,14.7695,79.678,,
5/23/2018 12:45,14.7673,79.678,,
5/23/2018 13:00,14.7621,79.326,,
5/23/2018 13:15,14.7638,79.151,,
5/23/2018 13:30,14.7611,78.975,,
5/23/2018 13:45,14.7556,79.326,,
5/23/2018 14:00,14.7531,80.029,,
5/23/2018 14:15,14.7498,80.382,,
5/23/2018 14:30,14.7498,80.382,,
5/23/2018 14:45,14.7492,80.206,,
5/23/2018 15:00,14.747,80.206,,
5/23/2018 15:15,14.7444,80.029,,
5/23/2018 15:30,14.7461,79.853,,
5/23/2018 15:45,14.7461,79.853,,
5/23/2018 16:00,14.744,79.853,,
5/23/2018 16:15,14.7457,79.678,,
5/23/2018 16:30,14.7447,79.326,,
5/23/2018 16:45,14.7486,79.151,,
5/23/2018 17:00,14.7476,78.8,,
5/23/2018 17:15,14.7554,78.449,,
5/23/2018 17:30,14.7598,78.449,,
5/23/2018 17:45,14.7593,78.274,,
5/23/2018 18:00,14.7635,78.274,,
5/23/2018 18:15,14.7653,78.098,,
5/23/2018 18:30,14.7718,78.098,,
5/23/2018 18:45,14.7714,77.923,,
5/23/2018 19:00,14.7757,77.923,,
5/23/2018 19:15,14.7735,77.923,,
5/23/2018 19:30,14.7775,77.749,,
5/23/2018 19:45,14.7796,77.749,,
5/23/2018 20:00,14.7817,77.749,,
5/23/2018 20:15,14.7817,77.749,,
5/23/2018 20:30,14.7812,77.574,,
5/23/2018 20:45,14.7856,77.574,,
5/23/2018 21:00,14.7899,77.574,,
5/23/2018 21:15,14.7921,77.574,,
5/23/2018 21:30,14.7943,77.574,,
5/23/2018 21:45,14.7938,77.4,,
5/23/2018 22:00,14.7917,77.4,,
5/23/2018 22:15,14.7917,77.4,,
5/23/2018 22:30,14.7938,77.4,,
5/23/2018 22:45,14.7912,77.225,,
5/23/2018 23:00,14.7912,77.225,,
5/23/2018 23:15,14.7869,77.225,,
5/23/2018 23:30,14.7869,77.225,,
5/23/2018 23:45,14.7865,77.05,,
5/24/2018 0:00,14.7843,77.05,,
5/24/2018 0:15,14.7821,77.05,,
5/24/2018 0:30,14.7773,76.876,,
5/24/2018 0:45,14.7751,76.876,,
5/24/2018 1:00,14.7751,76.876,,
5/24/2018 1:15,14.7751,76.876,,
5/24/2018 1:30,14.7708,76.876,,
5/24/2018 1:45,14.7686,76.876,,
5/24/2018 2:00,14.766,76.703,,
5/24/2018 2:15,14.766,76.703,,
5/24/2018 2:30,14.766,76.703,,
5/24/2018 2:45,14.766,76.703,,
5/24/2018 3:00,14.766,76.703,,
5/24/2018 3:15,14.766,76.703,,
5/24/2018 3:30,14.7634,76.528,,
5/24/2018 3:45,14.7634,76.528,,
5/24/2018 4:00,14.7656,76.528,,
5/24/2018 4:15,14.7698,76.528,,
5/24/2018 4:30,14.7676,76.528,,
5/24/2018 4:45,14.7698,76.528,,
5/24/2018 5:00,14.7698,76.528,,
5/24/2018 5:15,14.7719,76.528,,
5/24/2018 5:30,14.7698,76.528,,
5/24/2018 5:45,14.7719,76.528,,
5/24/2018 6:00,14.7741,76.528,,
5/24/2018 6:15,14.7763,76.528,,
5/24/2018 6:30,14.7785,76.528,,
5/24/2018 6:45,14.7785,76.528,,
5/24/2018 7:00,14.7807,76.528,,
5/24/2018 7:15,14.7828,76.528,,
5/24/2018 7:30,14.7872,76.528,,
5/24/2018 7:45,14.7898,76.703,,
5/24/2018 8:00,14.7963,76.703,,
5/24/2018 8:15,14.7963,76.703,,
5/24/2018 8:30,14.8033,76.876,,
5/24/2018 8:45,14.8076,76.876,,
5/24/2018 9:00,14.8055,76.876,,
5/24/2018 9:15,14.8081,77.05,,
5/24/2018 9:30,14.8081,77.05,,
5/24/2018 9:45,14.8085,77.225,,
5/24/2018 10:00,14.8329,77.4,,
5/24/2018 10:15,14.8411,77.225,,
5/24/2018 10:30,14.8372,77.4,,
5/24/2018 10:45,14.8289,77.574,,
5/24/2018 11:00,14.8213,77.923,,
5/24/2018 11:15,14.813,78.098,,
5/24/2018 11:30,14.8092,78.274,,
5/24/2018 11:45,14.8027,78.274,,
5/24/2018 12:00,14.7992,78.624,,
5/24/2018 12:15,14.7975,78.8,,
5/24/2018 12:30,14.792,79.151,,
5/24/2018 12:45,14.7908,79.502,,
5/24/2018 13:00,14.7847,79.678,,
5/24/2018 13:15,14.7834,80.029,,
5/24/2018 13:30,14.7783,80.559,,
5/24/2018 13:45,14.7762,80.559,,
5/24/2018 14:00,14.7735,80.382,,
5/24/2018 14:15,14.7699,79.853,,
5/24/2018 14:30,14.769,79.502,,
5/24/2018 14:45,14.7673,79.678,,
5/24/2018 15:00,14.7657,79.853,,
5/24/2018 15:15,14.7661,80.029,,
5/24/2018 15:30,14.7661,80.029,,
5/24/2018 15:45,14.7657,79.853,,
5/24/2018 16:00,14.7669,79.502,,
5/24/2018 16:15,14.7638,79.151,,
5/24/2018 16:30,14.7632,78.975,,
5/24/2018 16:45,14.7672,78.8,,
5/24/2018 17:00,14.7685,78.449,,
5/24/2018 17:15,14.7685,78.449,,
5/24/2018 17:30,14.7701,78.274,,
5/24/2018 17:45,14.7701,78.274,,
5/24/2018 18:00,14.774,78.098,,
5/24/2018 18:15,14.774,78.098,,
5/24/2018 18:30,14.7757,77.923,,
5/24/2018 18:45,14.7801,77.923,,
5/24/2018 19:00,14.7817,77.749,,
5/24/2018 19:15,14.7817,77.749,,
5/24/2018 19:30,14.7838,77.749,,
5/24/2018 19:45,14.7834,77.574,,
5/24/2018 20:00,14.7769,77.574,,
5/24/2018 20:15,14.7791,77.574,,
5/24/2018 20:30,14.783,77.4,,
5/24/2018 20:45,14.7851,77.4,,
5/24/2018 21:00,14.7873,77.4,,
5/24/2018 21:15,14.7873,77.4,,
5/24/2018 21:30,14.7873,77.4,,
5/24/2018 21:45,14.7895,77.4,,
5/24/2018 22:00,14.7873,77.4,,
5/24/2018 22:15,14.7895,77.4,,
5/24/2018 22:30,14.7895,77.4,,
5/24/2018 22:45,14.7891,77.225,,
5/24/2018 23:00,14.7869,77.225,,
5/24/2018 23:15,14.7869,77.225,,
5/24/2018 23:30,14.7825,77.225,,
5/24/2018 23:45,14.7825,77.225,,
5/25/2018 0:00,14.7825,77.225,,
5/25/2018 0:15,14.7821,77.05,,
5/25/2018 0:30,14.7799,77.05,,
5/25/2018 0:45,14.7799,77.05,,
5/25/2018 1:00,14.7799,77.05,,
5/25/2018 1:15,14.7778,77.05,,
5/25/2018 1:30,14.7756,77.05,,
5/25/2018 1:45,14.7756,77.05,,
5/25/2018 2:00,14.7734,77.05,,
5/25/2018 2:15,14.7756,77.05,,
5/25/2018 2:30,14.773,76.876,,
5/25/2018 2:45,14.773,76.876,,
5/25/2018 3:00,14.7708,76.876,,
5/25/2018 3:15,14.7664,76.876,,
5/25/2018 3:30,14.7686,76.876,,
5/25/2018 3:45,14.7664,76.876,,
5/25/2018 4:00,14.7638,76.703,,
5/25/2018 4:15,14.7682,76.703,,
5/25/2018 4:30,14.766,76.703,,
5/25/2018 4:45,14.766,76.703,,
5/25/2018 5:00,14.7704,76.703,,
5/25/2018 5:15,14.7704,76.703,,
5/25/2018 5:30,14.7704,76.703,,
5/25/2018 5:45,14.7725,76.703,,
5/25/2018 6:00,14.7725,76.703,,
5/25/2018 6:15,14.7767,76.703,,
5/25/2018 6:30,14.7811,76.703,,
5/25/2018 6:45,14.7811,76.703,,
5/25/2018 7:00,14.7833,76.703,,
5/25/2018 7:15,14.7859,76.876,,
5/25/2018 7:30,14.788,76.876,,
5/25/2018 7:45,14.7902,76.876,,
5/25/2018 8:00,14.7924,76.876,,
5/25/2018 8:15,14.7946,76.876,,
5/25/2018 8:30,14.8015,77.05,,
5/25/2018 8:45,14.7994,77.05,,
5/25/2018 9:00,14.8015,77.05,,
5/25/2018 9:15,14.802,77.225,,
5/25/2018 9:30,14.8069,77.4,,
5/25/2018 9:45,14.8047,77.4,,
5/25/2018 10:00,14.803,77.574,,
5/25/2018 10:15,14.8034,77.749,,
5/25/2018 10:30,14.8017,77.923,,
5/25/2018 10:45,14.8021,78.098,,
5/25/2018 11:00,14.7988,78.449,,
5/25/2018 11:15,14.797,78.624,,
5/25/2018 11:30,14.7959,78.975,,
5/25/2018 11:45,14.7924,79.326,,
5/25/2018 12:00,14.7891,79.678,,
5/25/2018 12:15,14.7873,79.853,,
5/25/2018 12:30,14.7883,80.206,,
5/25/2018 12:45,14.7866,80.382,,
5/25/2018 13:00,14.7849,80.559,,
5/25/2018 13:15,14.7854,80.735,,
5/25/2018 13:30,14.7815,80.911,,
5/25/2018 13:45,14.7793,80.911,,
5/25/2018 14:00,14.7776,81.09,,
5/25/2018 14:15,14.7728,80.911,,
5/25/2018 14:30,14.7728,80.911,,
5/25/2018 14:45,14.7702,80.735,,
5/25/2018 15:00,14.7659,80.735,,
5/25/2018 15:15,14.7676,80.559,,
5/25/2018 15:30,14.7648,80.382,,
5/25/2018 15:45,14.7661,80.029,,
5/25/2018 16:00,14.7651,79.678,,
5/25/2018 16:15,14.7647,79.502,,
5/25/2018 16:30,14.7643,79.326,,
5/25/2018 16:45,14.7654,78.975,,
5/25/2018 17:00,14.7693,78.8,,
5/25/2018 17:15,14.7667,78.624,,
5/25/2018 17:30,14.7663,78.449,,
5/25/2018 17:45,14.7701,78.274,,
5/25/2018 18:00,14.7722,78.274,,
5/25/2018 18:15,14.774,78.098,,
5/25/2018 18:30,14.774,78.098,,
5/25/2018 18:45,14.7735,77.923,,
5/25/2018 19:00,14.7801,77.923,,
5/25/2018 19:15,14.7796,77.749,,
5/25/2018 19:30,14.7817,77.749,,
5/25/2018 19:45,14.7838,77.749,,
5/25/2018 20:00,14.7838,77.749,,
5/25/2018 20:15,14.786,77.749,,
5/25/2018 20:30,14.7878,77.574,,
5/25/2018 20:45,14.7899,77.574,,
5/25/2018 21:00,14.7899,77.574,,
5/25/2018 21:15,14.7943,77.574,,
5/25/2018 21:30,14.7943,77.574,,
5/25/2018 21:45,14.7921,77.574,,
5/25/2018 22:00,14.7921,77.574,,
5/25/2018 22:15,14.7917,77.4,,
5/25/2018 22:30,14.7873,77.4,,
5/25/2018 22:45,14.7895,77.4,,
5/25/2018 23:00,14.7895,77.4,,
5/25/2018 23:15,14.7873,77.4,,
5/25/2018 23:30,14.7873,77.4,,
5/25/2018 23:45,14.7851,77.4,,
5/26/2018 0:00,14.783,77.4,,
5/26/2018 0:15,14.7825,77.225,,
5/26/2018 0:30,14.7825,77.225,,
5/26/2018 0:45,14.7825,77.225,,
5/26/2018 1:00,14.7804,77.225,,
5/26/2018 1:15,14.7804,77.225,,
5/26/2018 1:30,14.7782,77.225,,
5/26/2018 1:45,14.7782,77.225,,
5/26/2018 2:00,14.776,77.225,,
5/26/2018 2:15,14.7717,77.225,,
5/26/2018 2:30,14.7717,77.225,,
5/26/2018 2:45,14.7673,77.225,,
5/26/2018 3:00,14.7717,77.225,,
5/26/2018 3:15,14.7695,77.225,,
5/26/2018 3:30,14.7717,77.225,,
5/26/2018 3:45,14.7738,77.225,,
5/26/2018 4:00,14.7734,77.05,,
5/26/2018 4:15,14.7756,77.05,,
5/26/2018 4:30,14.7847,77.225,,
5/26/2018 4:45,14.832,77.05,,
5/26/2018 5:00,14.9296,77.05,,
5/26/2018 5:15,15.0978,76.703,,
5/26/2018 5:30,14.9976,76.528,,
5/26/2018 5:45,14.958,76.354,,
5/26/2018 6:00,15.0297,76.354,,
5/26/2018 6:15,14.9711,76.354,,
5/26/2018 6:30,14.9277,76.354,,
5/26/2018 6:45,14.8974,76.354,,
5/26/2018 7:00,14.8844,76.354,,
5/26/2018 7:15,14.8713,76.354,,
5/26/2018 7:30,14.8604,76.354,,
5/26/2018 7:45,14.8523,76.528,,
5/26/2018 8:00,14.8436,76.528,,
5/26/2018 8:15,14.8419,76.703,,
5/26/2018 8:30,14.8375,76.703,,
5/26/2018 8:45,14.8332,76.703,,
5/26/2018 9:00,14.8358,76.876,,
5/26/2018 9:15,14.832,77.05,,
5/26/2018 9:30,14.8276,77.05,,
5/26/2018 9:45,14.8259,77.225,,
5/26/2018 10:00,14.822,77.4,,
5/26/2018 10:15,14.8202,77.574,,
5/26/2018 10:30,14.8165,77.749,,
5/26/2018 10:45,14.8169,77.923,,
5/26/2018 11:00,14.8099,77.749,,
5/26/2018 11:15,14.8082,77.923,,
5/26/2018 11:30,14.8043,78.098,,
5/26/2018 11:45,14.7962,78.274,,
5/26/2018 12:00,14.7927,78.624,,
5/26/2018 12:15,14.7889,78.8,,
5/26/2018 12:30,14.7854,79.151,,
5/26/2018 12:45,14.7821,79.502,,
5/26/2018 13:00,14.7815,79.326,,
5/26/2018 13:15,14.7815,79.326,,
5/26/2018 13:30,14.7738,79.678,,
5/26/2018 13:45,14.7717,79.678,,
5/26/2018 14:00,14.7695,79.678,,
5/26/2018 14:15,14.7651,79.678,,
5/26/2018 14:30,14.7625,79.502,,
5/26/2018 14:45,14.7638,79.151,,
5/26/2018 15:00,14.7595,79.151,,
5/26/2018 15:15,14.7632,78.975,,
5/26/2018 15:30,14.7611,78.975,,
5/26/2018 15:45,14.7595,79.151,,
5/26/2018 16:00,14.7595,79.151,,
5/26/2018 16:15,14.7589,78.975,,
5/26/2018 16:30,14.7628,78.8,,
5/26/2018 16:45,14.7624,78.624,,
5/26/2018 17:00,14.7689,78.624,,
5/26/2018 17:15,14.777,78.449,,
5/26/2018 17:30,14.7857,78.449,,
5/26/2018 17:45,14.7857,78.449,,
5/26/2018 18:00,14.7853,78.274,,
5/26/2018 18:15,14.7849,78.098,,
5/26/2018 18:30,14.7892,78.098,,
5/26/2018 18:45,14.7892,78.098,,
5/26/2018 19:00,14.7888,77.923,,
5/26/2018 19:15,14.7952,77.923,,
5/26/2018 19:30,14.7973,77.923,,
5/26/2018 19:45,14.7973,77.923,,
5/26/2018 20:00,14.8017,77.923,,
5/26/2018 20:15,14.7969,77.749,,
5/26/2018 20:30,14.7969,77.749,,
5/26/2018 20:45,14.7969,77.749,,
5/26/2018 21:00,14.7947,77.749,,
5/26/2018 21:15,14.7943,77.574,,
5/26/2018 21:30,14.7943,77.574,,
5/26/2018 21:45,14.7943,77.574,,
5/26/2018 22:00,14.7921,77.574,,
5/26/2018 22:15,14.7878,77.574,,
5/26/2018 22:30,14.7899,77.574,,
5/26/2018 22:45,14.7895,77.4,,
5/26/2018 23:00,14.7851,77.4,,
5/26/2018 23:15,14.7895,77.4,,
5/26/2018 23:30,14.7873,77.4,,
5/26/2018 23:45,14.7808,77.4,,
5/27/2018 0:00,14.7786,77.4,,
5/27/2018 0:15,14.7764,77.4,,
5/27/2018 0:30,14.776,77.225,,
5/27/2018 0:45,14.7717,77.225,,
5/27/2018 1:00,14.7717,77.225,,
5/27/2018 1:15,14.7717,77.225,,
5/27/2018 1:30,14.7717,77.225,,
5/27/2018 1:45,14.7695,77.225,,
5/27/2018 2:00,14.7695,77.225,,
5/27/2018 2:15,14.7651,77.225,,
5/27/2018 2:30,14.763,77.225,,
5/27/2018 2:45,14.763,77.225,,
5/27/2018 3:00,14.7608,77.225,,
5/27/2018 3:15,14.7582,77.05,,
5/27/2018 3:30,14.7516,77.05,,
5/27/2018 3:45,14.7473,77.05,,
5/27/2018 4:00,14.7495,77.05,,
5/27/2018 4:15,14.7473,77.05,,
5/27/2018 4:30,14.7473,77.05,,
5/27/2018 4:45,14.7451,77.05,,
5/27/2018 5:00,14.7447,76.876,,
5/27/2018 5:15,14.7425,76.876,,
5/27/2018 5:30,14.7425,76.876,,
5/27/2018 5:45,14.7447,76.876,,
5/27/2018 6:00,14.7469,76.876,,
5/27/2018 6:15,14.749,76.876,,
5/27/2018 6:30,14.7486,76.703,,
5/27/2018 6:45,14.7464,76.703,,
5/27/2018 7:00,14.7486,76.703,,
5/27/2018 7:15,14.7508,76.703,,
5/27/2018 7:30,14.7551,76.703,,
5/27/2018 7:45,14.7573,76.703,,
5/27/2018 8:00,14.7595,76.703,,
5/27/2018 8:15,14.7617,76.703,,
5/27/2018 8:30,14.7621,76.876,,
5/27/2018 8:45,14.7647,77.05,,
5/27/2018 9:00,14.7651,77.225,,
5/27/2018 9:15,14.7673,77.225,,
5/27/2018 9:30,14.7656,77.4,,
5/27/2018 9:45,14.7661,77.574,,
5/27/2018 10:00,14.7622,77.749,,
5/27/2018 10:15,14.7622,77.749,,
5/27/2018 10:30,14.7588,78.098,,
5/27/2018 10:45,14.7593,78.274,,
5/27/2018 11:00,14.7576,78.449,,
5/27/2018 11:15,14.7554,78.449,,
5/27/2018 11:30,14.7506,78.274,,
5/27/2018 11:45,14.7511,78.449,,
5/27/2018 12:00,14.7471,78.624,,
5/27/2018 12:15,14.7471,78.624,,
5/27/2018 12:30,14.7424,78.449,,
5/27/2018 12:45,14.7416,78.975,,
5/27/2018 13:00,14.7387,79.502,,
5/27/2018 13:15,14.7348,79.678,,
5/27/2018 13:30,14.7348,79.678,,
5/27/2018 13:45,14.7322,79.502,,
5/27/2018 14:00,14.7261,79.678,,
5/27/2018 14:15,14.7271,80.029,,
5/27/2018 14:30,14.7266,79.853,,
5/27/2018 14:45,14.7283,79.678,,
5/27/2018 15:00,14.7279,79.502,,
5/27/2018 15:15,14.7287,79.853,,
5/27/2018 15:30,14.7244,79.853,,
5/27/2018 15:45,14.7257,79.502,,
5/27/2018 16:00,14.7274,79.326,,
5/27/2018 16:15,14.7225,79.151,,
5/27/2018 16:30,14.7221,78.975,,
5/27/2018 16:45,14.7216,78.8,,
5/27/2018 17:00,14.7234,78.624,,
5/27/2018 17:15,14.7229,78.449,,
5/27/2018 17:30,14.725,78.449,,
5/27/2018 17:45,14.7245,78.274,,
5/27/2018 18:00,14.7267,78.274,,
5/27/2018 18:15,14.731,78.274,,
5/27/2018 18:30,14.7263,78.098,,
5/27/2018 18:45,14.7263,78.098,,
5/27/2018 19:00,14.7306,78.098,,
5/27/2018 19:15,14.7328,78.098,,
5/27/2018 19:30,14.7393,78.098,,
5/27/2018 19:45,14.7389,77.923,,
5/27/2018 20:00,14.7411,77.923,,
5/27/2018 20:15,14.7431,77.923,,
5/27/2018 20:30,14.7411,77.923,,
5/27/2018 20:45,14.7453,77.923,,
5/27/2018 21:00,14.747,77.749,,
5/27/2018 21:15,14.7492,77.749,,
5/27/2018 21:30,14.7492,77.749,,
5/27/2018 21:45,14.7492,77.749,,
5/27/2018 22:00,14.7514,77.749,,
5/27/2018 22:15,14.7492,77.749,,
5/27/2018 22:30,14.7509,77.574,,
5/27/2018 22:45,14.7531,77.574,,
5/27/2018 23:00,14.7509,77.574,,
5/27/2018 23:15,14.7509,77.574,,
5/27/2018 23:30,14.7487,77.574,,
5/27/2018 23:45,14.7466,77.574,,
5/28/2018 0:00,14.7466,77.574,,
5/28/2018 0:15,14.7461,77.4,,
5/28/2018 0:30,14.744,77.4,,
5/28/2018 0:45,14.7396,77.4,,
5/28/2018 1:00,14.7418,77.4,,
5/28/2018 1:15,14.7418,77.4,,
5/28/2018 1:30,14.7396,77.4,,
5/28/2018 1:45,14.7396,77.4,,
5/28/2018 2:00,14.7396,77.4,,
5/28/2018 2:15,14.7374,77.4,,
5/28/2018 2:30,14.7374,77.4,,
5/28/2018 2:45,14.7331,77.4,,
5/28/2018 3:00,14.7331,77.4,,
5/28/2018 3:15,14.7331,77.4,,
5/28/2018 3:30,14.7305,77.225,,
5/28/2018 3:45,14.7283,77.225,,
5/28/2018 4:00,14.7305,77.225,,
5/28/2018 4:15,14.7283,77.225,,
5/28/2018 4:30,14.7305,77.225,,
5/28/2018 4:45,14.7305,77.225,,
5/28/2018 5:00,14.7326,77.225,,
5/28/2018 5:15,14.7326,77.225,,
5/28/2018 5:30,14.737,77.225,,
5/28/2018 5:45,14.7374,77.4,,
5/28/2018 6:00,14.737,77.225,,
5/28/2018 6:15,14.7413,77.225,,
5/28/2018 6:30,14.7435,77.225,,
5/28/2018 6:45,14.7435,77.225,,
5/28/2018 7:00,14.7435,77.225,,
5/28/2018 7:15,14.7435,77.225,,
5/28/2018 7:30,14.7457,77.225,,
5/28/2018 7:45,14.7457,77.225,,
5/28/2018 8:00,14.7505,77.4,,
5/28/2018 8:15,14.7483,77.4,,
5/28/2018 8:30,14.7505,77.4,,
5/28/2018 8:45,14.7548,77.4,,
5/28/2018 9:00,14.7553,77.574,,
5/28/2018 9:15,14.7531,77.574,,
5/28/2018 9:30,14.7535,77.749,,
5/28/2018 9:45,14.7561,77.923,,
5/28/2018 10:00,14.7544,78.098,,
5/28/2018 10:15,14.7522,78.098,,
5/28/2018 10:30,14.7511,78.449,,
5/28/2018 10:45,14.7493,78.624,,
5/28/2018 11:00,14.7525,78.975,,
5/28/2018 11:15,14.7464,79.151,,
5/28/2018 11:30,14.7469,79.326,,
5/28/2018 11:45,14.7435,79.678,,
5/28/2018 12:00,14.7413,79.678,,
5/28/2018 12:15,14.737,79.678,,
5/28/2018 12:30,14.7379,80.029,,
5/28/2018 12:45,14.7341,80.206,,
5/28/2018 13:00,14.7345,80.382,,
5/28/2018 13:15,14.7324,80.382,,
5/28/2018 13:30,14.7324,80.382,,
5/28/2018 13:45,14.7276,80.206,,
5/28/2018 14:00,14.7254,80.206,,
5/28/2018 14:15,14.7271,80.029,,
5/28/2018 14:30,14.7266,79.853,,
5/28/2018 14:45,14.7222,79.853,,
5/28/2018 15:00,14.718,79.853,,
5/28/2018 15:15,14.718,79.853,,
5/28/2018 15:30,14.7163,80.029,,
5/28/2018 15:45,14.7163,80.029,,
5/28/2018 16:00,14.7141,80.029,,
5/28/2018 16:15,14.7131,79.678,,
5/28/2018 16:30,14.7126,79.502,,
5/28/2018 16:45,14.7144,79.326,,
5/28/2018 17:00,14.7183,79.151,,
5/28/2018 17:15,14.7155,78.975,,
5/28/2018 17:30,14.7155,78.975,,
5/28/2018 17:45,14.7177,78.975,,
5/28/2018 18:00,14.7173,78.8,,
5/28/2018 18:15,14.7194,78.8,,
5/28/2018 18:30,14.719,78.624,,
5/28/2018 18:45,14.719,78.624,,
5/28/2018 19:00,14.7208,78.449,,
5/28/2018 19:15,14.725,78.449,,
5/28/2018 19:30,14.7267,78.274,,
5/28/2018 19:45,14.7289,78.274,,
5/28/2018 20:00,14.7289,78.274,,
5/28/2018 20:15,14.7289,78.274,,
5/28/2018 20:30,14.7306,78.098,,
5/28/2018 20:45,14.7328,78.098,,
5/28/2018 21:00,14.7328,78.098,,
5/28/2018 21:15,14.7328,78.098,,
5/28/2018 21:30,14.7345,77.923,,
5/28/2018 21:45,14.7367,77.923,,
5/28/2018 22:00,14.7367,77.923,,
5/28/2018 22:15,14.7389,77.923,,
5/28/2018 22:30,14.7383,77.749,,
5/28/2018 22:45,14.7383,77.749,,
5/28/2018 23:00,14.7361,77.749,,
5/28/2018 23:15,14.7383,77.749,,
5/28/2018 23:30,14.7383,77.749,,
5/28/2018 23:45,14.7379,77.574,,
5/29/2018 0:00,14.7357,77.574,,
5/29/2018 0:15,14.7357,77.574,,
5/29/2018 0:30,14.7357,77.574,,
5/29/2018 0:45,14.7335,77.574,,
5/29/2018 1:00,14.7335,77.574,,
5/29/2018 1:15,14.7331,77.4,,
5/29/2018 1:30,14.7309,77.4,,
5/29/2018 1:45,14.7331,77.4,,
5/29/2018 2:00,14.7309,77.4,,
5/29/2018 2:15,14.7287,77.4,,
5/29/2018 2:30,14.7287,77.4,,
5/29/2018 2:45,14.7266,77.4,,
5/29/2018 3:00,14.7244,77.4,,
5/29/2018 3:15,14.7244,77.4,,
5/29/2018 3:30,14.7222,77.4,,
5/29/2018 3:45,14.7218,77.225,,
5/29/2018 4:00,14.7239,77.225,,
5/29/2018 4:15,14.7218,77.225,,
5/29/2018 4:30,14.7218,77.225,,
5/29/2018 4:45,14.7196,77.225,,
5/29/2018 5:00,14.7235,77.05,,
5/29/2018 5:15,14.7257,77.05,,
5/29/2018 5:30,14.7257,77.05,,
5/29/2018 5:45,14.7257,77.05,,
5/29/2018 6:00,14.7279,77.05,,
5/29/2018 6:15,14.7296,76.876,,
5/29/2018 6:30,14.7318,76.876,,
5/29/2018 6:45,14.7339,76.876,,
5/29/2018 7:00,14.7403,76.876,,
5/29/2018 7:15,14.7425,76.876,,
5/29/2018 7:30,14.7425,76.876,,
5/29/2018 7:45,14.7469,76.876,,
5/29/2018 8:00,14.749,76.876,,
5/29/2018 8:15,14.7534,76.876,,
5/29/2018 8:30,14.7538,77.05,,
5/29/2018 8:45,14.7564,77.225,,
5/29/2018 9:00,14.7592,77.4,,
5/29/2018 9:15,14.7592,77.4,,
5/29/2018 9:30,14.7612,77.4,,
5/29/2018 9:45,14.7592,77.4,,
5/29/2018 10:00,14.7596,77.574,,
5/29/2018 10:15,14.7579,77.749,,
5/29/2018 10:30,14.7579,77.749,,
5/29/2018 10:45,14.7579,77.749,,
5/29/2018 11:00,14.7561,77.923,,
5/29/2018 11:15,14.754,77.923,,
5/29/2018 11:30,14.7522,78.098,,
5/29/2018 11:45,14.7485,78.274,,
5/29/2018 12:00,14.7445,78.449,,
5/29/2018 12:15,14.7445,78.449,,
5/29/2018 12:30,14.7445,78.449,,
5/29/2018 12:45,14.7445,78.449,,
5/29/2018 13:00,14.7406,78.624,,
5/29/2018 13:15,14.7384,78.624,,
5/29/2018 13:30,14.7363,78.624,,
5/29/2018 13:45,14.7325,78.8,,
5/29/2018 14:00,14.7347,78.8,,
5/29/2018 14:15,14.7329,78.975,,
5/29/2018 14:30,14.7303,78.8,,
5/29/2018 14:45,14.7277,78.624,,
5/29/2018 15:00,14.7277,78.624,,
5/29/2018 15:15,14.7321,78.624,,
5/29/2018 15:30,14.7293,78.449,,
5/29/2018 15:45,14.7293,78.449,,
5/29/2018 16:00,14.7315,78.449,,
5/29/2018 16:15,14.7337,78.449,,
5/29/2018 16:30,14.7419,78.274,,
5/29/2018 16:45,14.7735,77.923,,
5/29/2018 17:00,14.8472,77.923,,
5/29/2018 17:15,14.8294,77.749,,
5/29/2018 17:30,14.9695,77.4,,
5/29/2018 17:45,14.9865,77.225,,
5/29/2018 18:00,14.9876,76.876,,
5/29/2018 18:15,14.9617,76.876,,
5/29/2018 18:30,14.9351,76.703,,
5/29/2018 18:45,14.939,76.528,,
5/29/2018 19:00,14.9759,76.528,,
5/29/2018 19:15,14.9495,76.354,,
5/29/2018 19:30,14.9299,76.354,,
5/29/2018 19:45,14.9316,76.181,,
5/29/2018 20:00,14.9445,76.181,,
5/29/2018 20:15,14.9445,76.181,,
5/29/2018 20:30,14.9467,76.181,,
5/29/2018 20:45,14.929,76.006,,
5/29/2018 21:00,14.9073,76.006,,
5/29/2018 21:15,14.892,76.006,,
5/29/2018 21:30,14.8855,76.006,,
5/29/2018 21:45,14.8786,75.832,,
5/29/2018 22:00,14.87,75.832,,
5/29/2018 22:15,14.8678,75.832,,
5/29/2018 22:30,14.8613,75.832,,
5/29/2018 22:45,14.8504,75.832,,
5/29/2018 23:00,14.8482,75.832,,
5/29/2018 23:15,14.8417,75.832,,
5/29/2018 23:30,14.8374,75.832,,
5/29/2018 23:45,14.8374,75.832,,
5/30/2018 0:00,14.8352,75.832,,
5/30/2018 0:15,14.8308,75.832,,
5/30/2018 0:30,14.8304,75.659,,
5/30/2018 0:45,14.826,75.659,,
5/30/2018 1:00,14.8239,75.659,,
5/30/2018 1:15,14.8239,75.659,,
5/30/2018 1:30,14.8195,75.659,,
5/30/2018 1:45,14.8175,75.659,,
5/30/2018 2:00,14.8153,75.659,,
5/30/2018 2:15,14.8131,75.659,,
5/30/2018 2:30,14.8088,75.659,,
5/30/2018 2:45,14.8066,75.659,,
5/30/2018 3:00,14.8084,75.484,,
5/30/2018 3:15,14.8062,75.484,,
5/30/2018 3:30,14.8018,75.484,,
5/30/2018 3:45,14.8014,75.312,,
5/30/2018 4:00,14.8036,75.312,,
5/30/2018 4:15,14.803,75.139,,
5/30/2018 4:30,14.8008,75.139,,
5/30/2018 4:45,14.803,75.139,,
5/30/2018 5:00,14.8047,74.964,,
5/30/2018 5:15,14.8026,74.964,,
5/30/2018 5:30,14.8047,74.964,,
5/30/2018 5:45,14.8069,74.964,,
5/30/2018 6:00,14.8043,74.791,,
5/30/2018 6:15,14.8086,74.791,,
5/30/2018 6:30,14.8086,74.791,,
5/30/2018 6:45,14.8086,74.791,,
5/30/2018 7:00,14.8086,74.791,,
5/30/2018 7:15,14.8108,74.791,,
5/30/2018 7:30,14.813,74.791,,
5/30/2018 7:45,14.8152,74.791,,
5/30/2018 8:00,14.8134,74.964,,
5/30/2018 8:15,14.8134,74.964,,
5/30/2018 8:30,14.8182,75.139,,
5/30/2018 8:45,14.8204,75.139,,
5/30/2018 9:00,14.8252,75.312,,
5/30/2018 9:15,14.8295,75.312,,
5/30/2018 9:30,14.8304,75.659,,
5/30/2018 9:45,14.8314,76.006,,
5/30/2018 10:00,14.8249,76.006,,
5/30/2018 10:15,14.8265,75.832,,
5/30/2018 10:30,14.8297,76.181,,
5/30/2018 10:45,14.8258,76.354,,
5/30/2018 11:00,14.824,76.528,,
5/30/2018 11:15,14.8288,76.703,,
5/30/2018 11:30,14.8229,76.876,,
5/30/2018 11:45,14.8185,76.876,,
5/30/2018 12:00,14.8189,77.05,,
5/30/2018 12:15,14.815,77.225,,
5/30/2018 12:30,14.8111,77.4,,
5/30/2018 12:45,14.8095,77.574,,
5/30/2018 13:00,14.8056,77.749,,
5/30/2018 13:15,14.8012,77.749,,
5/30/2018 13:30,14.8012,77.749,,
5/30/2018 13:45,14.8008,77.574,,
5/30/2018 14:00,14.7982,77.4,,
5/30/2018 14:15,14.7943,77.574,,
5/30/2018 14:30,14.7943,77.574,,
5/30/2018 14:45,14.7943,77.574,,
5/30/2018 15:00,14.7921,77.574,,
5/30/2018 15:15,14.7925,77.749,,
5/30/2018 15:30,14.7925,77.749,,
5/30/2018 15:45,14.7921,77.574,,
5/30/2018 16:00,14.7921,77.574,,
5/30/2018 16:15,14.7921,77.574,,
5/30/2018 16:30,14.7921,77.574,,
5/30/2018 16:45,14.7921,77.574,,
5/30/2018 17:00,14.7917,77.4,,
5/30/2018 17:15,14.7938,77.4,,
5/30/2018 17:30,14.796,77.4,,
5/30/2018 17:45,14.8004,77.4,,
5/30/2018 18:00,14.7998,77.225,,
5/30/2018 18:15,14.7998,77.225,,
5/30/2018 18:30,14.802,77.225,,
5/30/2018 18:45,14.8041,77.225,,
5/30/2018 19:00,14.8081,77.05,,
5/30/2018 19:15,14.8102,77.05,,
5/30/2018 19:30,14.8102,77.05,,
5/30/2018 19:45,14.8146,77.05,,
5/30/2018 20:00,14.8146,77.05,,
5/30/2018 20:15,14.8124,77.05,,
5/30/2018 20:30,14.8163,76.876,,
5/30/2018 20:45,14.8185,76.876,,
5/30/2018 21:00,14.8207,76.876,,
5/30/2018 21:15,14.8207,76.876,,
5/30/2018 21:30,14.8207,76.876,,
5/30/2018 21:45,14.8185,76.876,,
5/30/2018 22:00,14.8181,76.703,,
5/30/2018 22:15,14.8181,76.703,,
5/30/2018 22:30,14.8159,76.703,,
5/30/2018 22:45,14.8159,76.703,,
5/30/2018 23:00,14.8153,76.528,,
5/30/2018 23:15,14.8153,76.528,,
5/30/2018 23:30,14.8153,76.528,,
5/30/2018 23:45,14.8131,76.528,,
5/31/2018 0:00,14.8105,76.354,,
5/31/2018 0:15,14.8105,76.354,,
5/31/2018 0:30,14.8127,76.354,,
5/31/2018 0:45,14.8105,76.354,,
5/31/2018 1:00,14.8101,76.181,,
5/31/2018 1:15,14.8079,76.181,,
5/31/2018 1:30,14.8057,76.181,,
5/31/2018 1:45,14.8036,76.181,,
5/31/2018 2:00,14.8036,76.181,,
5/31/2018 2:15,14.7988,76.006,,
5/31/2018 2:30,14.7988,76.006,,
5/31/2018 2:45,14.7966,76.006,,
5/31/2018 3:00,14.7923,76.006,,
5/31/2018 3:15,14.7879,76.006,,
5/31/2018 3:30,14.7918,75.832,,
5/31/2018 3:45,14.7918,75.832,,
5/31/2018 4:00,14.7875,75.832,,
5/31/2018 4:15,14.7875,75.832,,
5/31/2018 4:30,14.7875,75.832,,
5/31/2018 4:45,14.7896,75.832,,
5/31/2018 5:00,14.794,75.832,,
5/31/2018 5:15,14.7918,75.832,,
5/31/2018 5:30,14.794,75.832,,
5/31/2018 5:45,14.7962,75.832,,
5/31/2018 6:00,14.7983,75.832,,
5/31/2018 6:15,14.8005,75.832,,
5/31/2018 6:30,14.8027,75.832,,
5/31/2018 6:45,14.8027,75.832,,
5/31/2018 7:00,14.807,75.832,,
5/31/2018 7:15,14.8092,75.832,,
5/31/2018 7:30,14.8092,75.832,,
5/31/2018 7:45,14.8157,75.832,,
5/31/2018 8:00,14.8179,75.832,,
5/31/2018 8:15,14.8179,75.832,,
5/31/2018 8:30,14.8201,75.832,,
5/31/2018 8:45,14.8201,75.832,,
5/31/2018 9:00,14.8205,76.006,,
5/31/2018 9:15,14.8231,76.181,,
5/31/2018 9:30,14.8188,76.181,,
5/31/2018 9:45,14.8192,76.354,,
5/31/2018 10:00,14.8175,76.528,,
5/31/2018 10:15,14.8159,76.703,,
5/31/2018 10:30,14.8115,76.703,,
5/31/2018 10:45,14.8124,77.05,,
5/31/2018 11:00,14.8063,77.225,,
5/31/2018 11:15,14.8052,77.574,,
5/31/2018 11:30,14.8052,77.574,,
5/31/2018 11:45,14.8056,77.749,,
5/31/2018 12:00,14.8017,77.923,,
5/31/2018 12:15,14.8017,77.923,,
5/31/2018 12:30,14.7995,77.923,,
5/31/2018 12:45,14.7952,77.923,,
5/31/2018 13:00,14.794,78.274,,
5/31/2018 13:15,14.7905,78.624,,
5/31/2018 13:30,14.7883,78.624,,
5/31/2018 13:45,14.7846,78.8,,
5/31/2018 14:00,14.7846,78.8,,
5/31/2018 14:15,14.784,78.624,,
5/31/2018 14:30,14.7814,78.449,,
5/31/2018 14:45,14.7849,78.098,,
5/31/2018 15:00,14.7822,77.923,,
5/31/2018 15:15,14.7801,77.923,,
5/31/2018 15:30,14.786,77.749,,
5/31/2018 15:45,14.7856,77.574,,
5/31/2018 16:00,14.7921,77.574,,
5/31/2018 16:15,14.803,77.574,,
5/31/2018 16:30,14.8202,77.574,,
5/31/2018 16:45,14.8372,77.4,,
5/31/2018 17:00,14.8416,77.4,,
5/31/2018 17:15,14.9183,76.876,,
5/31/2018 17:30,14.9026,76.703,,
5/31/2018 17:45,14.8852,76.703,,
5/31/2018 18:00,14.8722,76.703,,
5/31/2018 18:15,14.8674,76.528,,
5/31/2018 18:30,14.8652,76.528,,
5/31/2018 18:45,14.8696,76.528,,
5/31/2018 19:00,14.8696,76.528,,
5/31/2018 19:15,14.8696,76.528,,
5/31/2018 19:30,14.8691,76.354,,
5/31/2018 19:45,14.8735,76.354,,
5/31/2018 20:00,14.8709,76.181,,
5/31/2018 20:15,14.8709,76.181,,
5/31/2018 20:30,14.8665,76.181,,
5/31/2018 20:45,14.86,76.181,,
5/31/2018 21:00,14.8556,76.181,,
5/31/2018 21:15,14.8508,76.006,,
5/31/2018 21:30,14.8465,76.006,,
5/31/2018 21:45,14.8443,76.006,,
5/31/2018 22:00,14.8443,76.006,,
5/31/2018 22:15,14.84,76.006,,
5/31/2018 22:30,14.8356,76.006,,
5/31/2018 22:45,14.8356,76.006,,
5/31/2018 23:00,14.8287,75.832,,
5/31/2018 23:15,14.8265,75.832,,
5/31/2018 23:30,14.8245,75.832,,
5/31/2018 23:45,14.8245,75.832,,
6/1/2018 0:00,14.8201,75.832,,
6/1/2018 0:15,14.8201,75.832,,
6/1/2018 0:30,14.8179,75.832,,
6/1/2018 0:45,14.8157,75.832,,
6/1/2018 1:00,14.8136,75.832,,
6/1/2018 1:15,14.8136,75.832,,
6/1/2018 1:30,14.807,75.832,,
6/1/2018 1:45,14.8092,75.832,,
6/1/2018 2:00,14.8075,76.006,,
6/1/2018 2:15,14.8031,76.006,,
6/1/2018 2:30,14.801,76.006,,
6/1/2018 2:45,14.801,76.006,,
6/1/2018 3:00,14.7944,76.006,,
6/1/2018 3:15,14.801,76.006,,
6/1/2018 3:30,14.7988,76.006,,
6/1/2018 3:45,14.7966,76.006,,
6/1/2018 4:00,14.7944,76.006,,
6/1/2018 4:15,14.7944,76.006,,
6/1/2018 4:30,14.7928,76.181,,
6/1/2018 4:45,14.7928,76.181,,
6/1/2018 5:00,14.7907,76.181,,
6/1/2018 5:15,14.7901,76.006,,
6/1/2018 5:30,14.7901,76.006,,
6/1/2018 5:45,14.7944,76.006,,
6/1/2018 6:00,14.7923,76.006,,
6/1/2018 6:15,14.795,76.181,,
6/1/2018 6:30,14.795,76.181,,
6/1/2018 6:45,14.797,76.181,,
6/1/2018 7:00,14.7992,76.181,,
6/1/2018 7:15,14.7992,76.181,,
6/1/2018 7:30,14.8036,76.181,,
6/1/2018 7:45,14.8036,76.181,,
6/1/2018 8:00,14.8079,76.181,,
6/1/2018 8:15,14.8079,76.181,,
6/1/2018 8:30,14.8123,76.181,,
6/1/2018 8:45,14.8127,76.354,,
6/1/2018 9:00,14.8149,76.354,,
6/1/2018 9:15,14.8153,76.528,,
6/1/2018 9:30,14.8159,76.703,,
6/1/2018 9:45,14.8163,76.876,,
6/1/2018 10:00,14.8185,76.876,,
6/1/2018 10:15,14.8168,77.05,,
6/1/2018 10:30,14.815,77.225,,
6/1/2018 10:45,14.8155,77.4,,
6/1/2018 11:00,14.8155,77.4,,
6/1/2018 11:15,14.8095,77.574,,
6/1/2018 11:30,14.8082,77.923,,
6/1/2018 11:45,14.8039,77.923,,
6/1/2018 12:00,14.8027,78.274,,
6/1/2018 12:15,14.797,78.624,,
6/1/2018 12:30,14.7953,78.8,,
6/1/2018 12:45,14.7959,78.975,,
6/1/2018 13:00,14.7876,79.151,,
6/1/2018 13:15,14.7889,78.8,,
6/1/2018 13:30,14.784,78.624,,
6/1/2018 13:45,14.7807,78.975,,
6/1/2018 14:00,14.7795,79.326,,
6/1/2018 14:15,14.7795,79.326,,
6/1/2018 14:30,14.7767,79.151,,
6/1/2018 14:45,14.7719,78.975,,
6/1/2018 15:00,14.7715,78.8,,
6/1/2018 15:15,14.7689,78.624,,
6/1/2018 15:30,14.7689,78.624,,
6/1/2018 15:45,14.7706,78.449,,
6/1/2018 16:00,14.7727,78.449,,
6/1/2018 16:15,14.7722,78.274,,
6/1/2018 16:30,14.7718,78.098,,
6/1/2018 16:45,14.7731,77.749,,
6/1/2018 17:00,14.7747,77.574,,
6/1/2018 17:15,14.7769,77.574,,
6/1/2018 17:30,14.7764,77.4,,
6/1/2018 17:45,14.7743,77.4,,
6/1/2018 18:00,14.7786,77.4,,
6/1/2018 18:15,14.7804,77.225,,
6/1/2018 18:30,14.7804,77.225,,
6/1/2018 18:45,14.7825,77.225,,
6/1/2018 19:00,14.7843,77.05,,
6/1/2018 19:15,14.7865,77.05,,
6/1/2018 19:30,14.7886,77.05,,
6/1/2018 19:45,14.7886,77.05,,
6/1/2018 20:00,14.7902,76.876,,
6/1/2018 20:15,14.7902,76.876,,
6/1/2018 20:30,14.7946,76.876,,
6/1/2018 20:45,14.7946,76.876,,
6/1/2018 21:00,14.7946,76.876,,
6/1/2018 21:15,14.7941,76.703,,
6/1/2018 21:30,14.7963,76.703,,
6/1/2018 21:45,14.7963,76.703,,
6/1/2018 22:00,14.7941,76.703,,
6/1/2018 22:15,14.7941,76.703,,
6/1/2018 22:30,14.7985,76.703,,
6/1/2018 22:45,14.7985,76.703,,
6/1/2018 23:00,14.7981,76.528,,
6/1/2018 23:15,14.7937,76.528,,
6/1/2018 23:30,14.7915,76.528,,
6/1/2018 23:45,14.7959,76.528,,
6/2/2018 0:00,14.7959,76.528,,
6/2/2018 0:15,14.7981,76.528,,
6/2/2018 0:30,14.7981,76.528,,
6/2/2018 0:45,14.7981,76.528,,
6/2/2018 1:00,14.7976,76.354,,
6/2/2018 1:15,14.7954,76.354,,
6/2/2018 1:30,14.7954,76.354,,
6/2/2018 1:45,14.7889,76.354,,
6/2/2018 2:00,14.7911,76.354,,
6/2/2018 2:15,14.7889,76.354,,
6/2/2018 2:30,14.7846,76.354,,
6/2/2018 2:45,14.7846,76.354,,
6/2/2018 3:00,14.7846,76.354,,
6/2/2018 3:15,14.7846,76.354,,
6/2/2018 3:30,14.7824,76.354,,
6/2/2018 3:45,14.7802,76.354,,
6/2/2018 4:00,14.7802,76.354,,
6/2/2018 4:15,14.778,76.354,,
6/2/2018 4:30,14.7776,76.181,,
6/2/2018 4:45,14.7754,76.181,,
6/2/2018 5:00,14.7733,76.181,,
6/2/2018 5:15,14.7754,76.181,,
6/2/2018 5:30,14.7754,76.181,,
6/2/2018 5:45,14.7776,76.181,,
6/2/2018 6:00,14.7798,76.181,,
6/2/2018 6:15,14.782,76.181,,
6/2/2018 6:30,14.7798,76.181,,
6/2/2018 6:45,14.7841,76.181,,
6/2/2018 7:00,14.7841,76.181,,
6/2/2018 7:15,14.7863,76.181,,
6/2/2018 7:30,14.7863,76.181,,
6/2/2018 7:45,14.7863,76.181,,
6/2/2018 8:00,14.7933,76.354,,
6/2/2018 8:15,14.7933,76.354,,
6/2/2018 8:30,14.7937,76.528,,
6/2/2018 8:45,14.7959,76.528,,
6/2/2018 9:00,14.7959,76.528,,
6/2/2018 9:15,14.7963,76.703,,
6/2/2018 9:30,14.7941,76.703,,
6/2/2018 9:45,14.7946,76.876,,
6/2/2018 10:00,14.7902,76.876,,
6/2/2018 10:15,14.7902,76.876,,
6/2/2018 10:30,14.7907,77.05,,
6/2/2018 10:45,14.7891,77.225,,
6/2/2018 11:00,14.7895,77.4,,
6/2/2018 11:15,14.7878,77.574,,
6/2/2018 11:30,14.786,77.749,,
6/2/2018 11:45,14.7812,77.574,,
6/2/2018 12:00,14.7769,77.574,,
6/2/2018 12:15,14.7735,77.923,,
6/2/2018 12:30,14.7722,78.274,,
6/2/2018 12:45,14.7679,78.274,,
6/2/2018 13:00,14.7631,78.098,,
6/2/2018 13:15,14.7598,78.449,,
6/2/2018 13:30,14.7593,78.274,,
6/2/2018 13:45,14.7566,78.098,,
6/2/2018 14:00,14.7544,78.098,,
6/2/2018 14:15,14.7506,78.274,,
6/2/2018 14:30,14.7467,78.449,,
6/2/2018 14:45,14.7467,78.449,,
6/2/2018 15:00,14.748,78.098,,
6/2/2018 15:15,14.7496,77.923,,
6/2/2018 15:30,14.7496,77.923,,
6/2/2018 15:45,14.7458,78.098,,
6/2/2018 16:00,14.7506,78.274,,
6/2/2018 16:15,14.7522,78.098,,
6/2/2018 16:30,14.754,77.923,,
6/2/2018 16:45,14.7561,77.923,,
6/2/2018 17:00,14.7601,77.749,,
6/2/2018 17:15,14.7601,77.749,,
6/2/2018 17:30,14.7618,77.574,,
6/2/2018 17:45,14.7618,77.574,,
6/2/2018 18:00,14.7618,77.574,,
6/2/2018 18:15,14.7612,77.4,,
6/2/2018 18:30,14.7634,77.4,,
6/2/2018 18:45,14.7634,77.4,,
6/2/2018 19:00,14.7634,77.4,,
6/2/2018 19:15,14.7699,77.4,,
6/2/2018 19:30,14.7721,77.4,,
6/2/2018 19:45,14.7721,77.4,,
6/2/2018 20:00,14.7717,77.225,,
6/2/2018 20:15,14.7717,77.225,,
6/2/2018 20:30,14.7738,77.225,,
6/2/2018 20:45,14.7738,77.225,,
6/2/2018 21:00,14.776,77.225,,
6/2/2018 21:15,14.7738,77.225,,
6/2/2018 21:30,14.776,77.225,,
6/2/2018 21:45,14.7782,77.225,,
6/2/2018 22:00,14.776,77.225,,
6/2/2018 22:15,14.7756,77.05,,
6/2/2018 22:30,14.7734,77.05,,
6/2/2018 22:45,14.7756,77.05,,
6/2/2018 23:00,14.7734,77.05,,
6/2/2018 23:15,14.7734,77.05,,
6/2/2018 23:30,14.7712,77.05,,
6/2/2018 23:45,14.769,77.05,,
6/3/2018 0:00,14.7669,77.05,,
6/3/2018 0:15,14.7647,77.05,,
6/3/2018 0:30,14.7712,77.05,,
6/3/2018 0:45,14.7669,77.05,,
6/3/2018 1:00,14.769,77.05,,
6/3/2018 1:15,14.7647,77.05,,
6/3/2018 1:30,14.7643,76.876,,
6/3/2018 1:45,14.7643,76.876,,
6/3/2018 2:00,14.7599,76.876,,
6/3/2018 2:15,14.7577,76.876,,
6/3/2018 2:30,14.7599,76.876,,
6/3/2018 2:45,14.7621,76.876,,
6/3/2018 3:00,14.7599,76.876,,
6/3/2018 3:15,14.7556,76.876,,
6/3/2018 3:30,14.7512,76.876,,
6/3/2018 3:45,14.7512,76.876,,
6/3/2018 4:00,14.7534,76.876,,
6/3/2018 4:15,14.7534,76.876,,
6/3/2018 4:30,14.7551,76.703,,
6/3/2018 4:45,14.7573,76.703,,
6/3/2018 5:00,14.7573,76.703,,
6/3/2018 5:15,14.7595,76.703,,
6/3/2018 5:30,14.7617,76.703,,
6/3/2018 5:45,14.7638,76.703,,
6/3/2018 6:00,14.766,76.703,,
6/3/2018 6:15,14.7682,76.703,,
6/3/2018 6:30,14.7682,76.703,,
6/3/2018 6:45,14.7704,76.703,,
6/3/2018 7:00,14.7746,76.703,,
6/3/2018 7:15,14.7746,76.703,,
6/3/2018 7:30,14.7767,76.703,,
6/3/2018 7:45,14.7854,76.703,,
6/3/2018 8:00,14.7876,76.703,,
6/3/2018 8:15,14.7902,76.876,,
6/3/2018 8:30,14.7902,76.876,,
6/3/2018 8:45,14.7902,76.876,,
6/3/2018 9:00,14.7907,77.05,,
6/3/2018 9:15,14.7912,77.225,,
6/3/2018 9:30,14.7912,77.225,,
6/3/2018 9:45,14.7895,77.4,,
6/3/2018 10:00,14.7895,77.4,,
6/3/2018 10:15,14.7899,77.574,,
6/3/2018 10:30,14.7882,77.749,,
6/3/2018 10:45,14.7888,77.923,,
6/3/2018 11:00,14.787,78.098,,
6/3/2018 11:15,14.7827,78.098,,
6/3/2018 11:30,14.7805,78.098,,
6/3/2018 11:45,14.777,78.449,,
6/3/2018 12:00,14.7741,78.975,,
6/3/2018 12:15,14.773,79.326,,
6/3/2018 12:30,14.7712,79.502,,
6/3/2018 12:45,14.769,79.502,,
6/3/2018 13:00,14.7699,79.853,,
6/3/2018 13:15,14.764,80.029,,
6/3/2018 13:30,14.7627,80.382,,
6/3/2018 13:45,14.7611,80.559,,
6/3/2018 14:00,14.7563,80.382,,
6/3/2018 14:15,14.7509,80.029,,
6/3/2018 14:30,14.7522,79.678,,
6/3/2018 14:45,14.7529,79.151,,
6/3/2018 15:00,14.7503,78.975,,
6/3/2018 15:15,14.7508,79.151,,
6/3/2018 15:30,14.7503,78.975,,
6/3/2018 15:45,14.7503,78.975,,
6/3/2018 16:00,14.7482,78.975,,
6/3/2018 16:15,14.7525,78.975,,
6/3/2018 16:30,14.7519,78.8,,
6/3/2018 16:45,14.7554,78.449,,
6/3/2018 17:00,14.7572,78.274,,
6/3/2018 17:15,14.7588,78.098,,
6/3/2018 17:30,14.7609,78.098,,
6/3/2018 17:45,14.7627,77.923,,
6/3/2018 18:00,14.7648,77.923,,
6/3/2018 18:15,14.7648,77.923,,
6/3/2018 18:30,14.7644,77.749,,
6/3/2018 18:45,14.7666,77.749,,
6/3/2018 19:00,14.7666,77.749,,
6/3/2018 19:15,14.7683,77.574,,
6/3/2018 19:30,14.7704,77.574,,
6/3/2018 19:45,14.7725,77.574,,
6/3/2018 20:00,14.7747,77.574,,
6/3/2018 20:15,14.7786,77.4,,
6/3/2018 20:30,14.7786,77.4,,
6/3/2018 20:45,14.7786,77.4,,
6/3/2018 21:00,14.7808,77.4,,
6/3/2018 21:15,14.7804,77.225,,
6/3/2018 21:30,14.7825,77.225,,
6/3/2018 21:45,14.7825,77.225,,
6/3/2018 22:00,14.7825,77.225,,
6/3/2018 22:15,14.7821,77.05,,
6/3/2018 22:30,14.7843,77.05,,
6/3/2018 22:45,14.7865,77.05,,
6/3/2018 23:00,14.7886,77.05,,
6/3/2018 23:15,14.7859,76.876,,
6/3/2018 23:30,14.7859,76.876,,
6/3/2018 23:45,14.7859,76.876,,
6/4/2018 0:00,14.7859,76.876,,
6/4/2018 0:15,14.7837,76.876,,
6/4/2018 0:30,14.7876,76.703,,
6/4/2018 0:45,14.7854,76.703,,
6/4/2018 1:00,14.7854,76.703,,
6/4/2018 1:15,14.7854,76.703,,
6/4/2018 1:30,14.7828,76.528,,
6/4/2018 1:45,14.7828,76.528,,
6/4/2018 2:00,14.7807,76.528,,
6/4/2018 2:15,14.7807,76.528,,
6/4/2018 2:30,14.7785,76.528,,
6/4/2018 2:45,14.7807,76.528,,
6/4/2018 3:00,14.7785,76.528,,
6/4/2018 3:15,14.7763,76.528,,
6/4/2018 3:30,14.7785,76.528,,
6/4/2018 3:45,14.778,76.354,,
6/4/2018 4:00,14.7759,76.354,,
6/4/2018 4:15,14.7759,76.354,,
6/4/2018 4:30,14.7802,76.354,,
6/4/2018 4:45,14.7824,76.354,,
6/4/2018 5:00,14.7846,76.354,,
6/4/2018 5:15,14.7867,76.354,,
6/4/2018 5:30,14.7907,76.181,,
6/4/2018 5:45,14.7907,76.181,,
6/4/2018 6:00,14.795,76.181,,
6/4/2018 6:15,14.795,76.181,,
6/4/2018 6:30,14.7992,76.181,,
6/4/2018 6:45,14.8014,76.181,,
6/4/2018 7:00,14.8031,76.006,,
6/4/2018 7:15,14.8031,76.006,,
6/4/2018 7:30,14.8053,76.006,,
6/4/2018 7:45,14.8097,76.006,,
6/4/2018 8:00,14.8118,76.006,,
6/4/2018 8:15,14.814,76.006,,
6/4/2018 8:30,14.8162,76.006,,
6/4/2018 8:45,14.8166,76.181,,
6/4/2018 9:00,14.8171,76.354,,
6/4/2018 9:15,14.8197,76.528,,
6/4/2018 9:30,14.8201,76.703,,
6/4/2018 9:45,14.8201,76.703,,
6/4/2018 10:00,14.8207,76.876,,
6/4/2018 10:15,14.8194,77.225,,
6/4/2018 10:30,14.8198,77.4,,
6/4/2018 10:45,14.816,77.574,,
6/4/2018 11:00,14.8133,77.4,,
6/4/2018 11:15,14.8128,77.225,,
6/4/2018 11:30,14.8133,77.4,,
6/4/2018 11:45,14.8089,77.4,,
6/4/2018 12:00,14.8099,77.749,,
6/4/2018 12:15,14.8078,77.749,,
6/4/2018 12:30,14.803,77.574,,
6/4/2018 12:45,14.8012,77.749,,
6/4/2018 13:00,14.7969,77.749,,
6/4/2018 13:15,14.7921,77.574,,
6/4/2018 13:30,14.7947,77.749,,
6/4/2018 13:45,14.7904,77.749,,
6/4/2018 14:00,14.786,77.749,,
6/4/2018 14:15,14.7838,77.749,,
6/4/2018 14:30,14.7834,77.574,,
6/4/2018 14:45,14.7834,77.574,,
6/4/2018 15:00,14.7834,77.574,,
6/4/2018 15:15,14.7838,77.749,,
6/4/2018 15:30,14.7844,77.923,,
6/4/2018 15:45,14.7844,77.923,,
6/4/2018 16:00,14.786,77.749,,
6/4/2018 16:15,14.7822,77.923,,
6/4/2018 16:30,14.786,77.749,,
6/4/2018 16:45,14.7856,77.574,,
6/4/2018 17:00,14.7873,77.4,,
6/4/2018 17:15,14.7895,77.4,,
6/4/2018 17:30,14.7917,77.4,,
6/4/2018 17:45,14.7956,77.225,,
6/4/2018 18:00,14.7978,77.225,,
6/4/2018 18:15,14.7998,77.225,,
6/4/2018 18:30,14.8015,77.05,,
6/4/2018 18:45,14.8037,77.05,,
6/4/2018 19:00,14.8059,77.05,,
6/4/2018 19:15,14.8037,77.05,,
6/4/2018 19:30,14.8076,76.876,,
6/4/2018 19:45,14.8098,76.876,,
6/4/2018 20:00,14.8076,76.876,,
6/4/2018 20:15,14.812,76.876,,
6/4/2018 20:30,14.812,76.876,,
6/4/2018 20:45,14.8142,76.876,,
6/4/2018 21:00,14.8159,76.703,,
6/4/2018 21:15,14.8181,76.703,,
6/4/2018 21:30,14.8159,76.703,,
6/4/2018 21:45,14.8181,76.703,,
6/4/2018 22:00,14.8175,76.528,,
6/4/2018 22:15,14.8153,76.528,,
6/4/2018 22:30,14.8153,76.528,,
6/4/2018 22:45,14.8153,76.528,,
6/4/2018 23:00,14.8175,76.528,,
6/4/2018 23:15,14.8175,76.528,,
6/4/2018 23:30,14.8153,76.528,,
6/4/2018 23:45,14.8171,76.354,,
6/5/2018 0:00,14.8171,76.354,,
6/5/2018 0:15,14.8149,76.354,,
6/5/2018 0:30,14.8149,76.354,,
6/5/2018 0:45,14.8127,76.354,,
6/5/2018 1:00,14.8127,76.354,,
6/5/2018 1:15,14.8127,76.354,,
6/5/2018 1:30,14.8084,76.354,,
6/5/2018 1:45,14.8084,76.354,,
6/5/2018 2:00,14.8084,76.354,,
6/5/2018 2:15,14.8084,76.354,,
6/5/2018 2:30,14.8079,76.181,,
6/5/2018 2:45,14.8057,76.181,,
6/5/2018 3:00,14.8036,76.181,,
6/5/2018 3:15,14.8036,76.181,,
6/5/2018 3:30,14.8014,76.181,,
6/5/2018 3:45,14.8036,76.181,,
6/5/2018 4:00,14.8057,76.181,,
6/5/2018 4:15,14.8057,76.181,,
6/5/2018 4:30,14.8075,76.006,,
6/5/2018 4:45,14.8075,76.006,,
6/5/2018 5:00,14.8075,76.006,,
6/5/2018 5:15,14.8075,76.006,,
6/5/2018 5:30,14.8097,76.006,,
6/5/2018 5:45,14.814,76.006,,
6/5/2018 6:00,14.814,76.006,,
6/5/2018 6:15,14.814,76.006,,
6/5/2018 6:30,14.8162,76.006,,
6/5/2018 6:45,14.8162,76.006,,
6/5/2018 7:00,14.8205,76.006,,
6/5/2018 7:15,14.8223,75.832,,
6/5/2018 7:30,14.8249,76.006,,
6/5/2018 7:45,14.8249,76.006,,
6/5/2018 8:00,14.8271,76.006,,
6/5/2018 8:15,14.8292,76.006,,
6/5/2018 8:30,14.8292,76.006,,
6/5/2018 8:45,14.8314,76.006,,
6/5/2018 9:00,14.8318,76.181,,
6/5/2018 9:15,14.8323,76.354,,
6/5/2018 9:30,14.8371,76.528,,
6/5/2018 9:45,14.8375,76.703,,
6/5/2018 10:00,14.8379,76.876,,
6/5/2018 10:15,14.8342,77.05,,
6/5/2018 10:30,14.8324,77.225,,
6/5/2018 10:45,14.8329,77.4,,
6/5/2018 11:00,14.8294,77.749,,
6/5/2018 11:15,14.8234,77.923,,
6/5/2018 11:30,14.8243,78.274,,
6/5/2018 11:45,14.8205,78.449,,
6/5/2018 12:00,14.8192,78.8,,
6/5/2018 12:15,14.8175,78.975,,
6/5/2018 12:30,14.8163,79.326,,
6/5/2018 12:45,14.8124,79.502,,
6/5/2018 13:00,14.8085,79.678,,
6/5/2018 13:15,14.8047,79.853,,
6/5/2018 13:30,14.8012,80.206,,
6/5/2018 13:45,14.7997,80.382,,
6/5/2018 14:00,14.7991,80.206,,
6/5/2018 14:15,14.7991,80.206,,
6/5/2018 14:30,14.797,80.206,,
6/5/2018 14:45,14.797,80.206,,
6/5/2018 15:00,14.797,80.206,,
6/5/2018 15:15,14.7934,79.678,,
6/5/2018 15:30,14.7902,79.326,,
6/5/2018 15:45,14.793,79.502,,
6/5/2018 16:00,14.7915,78.975,,
6/5/2018 16:15,14.7933,78.8,,
6/5/2018 16:30,14.7927,78.624,,
6/5/2018 16:45,14.7966,78.449,,
6/5/2018 17:00,14.7966,78.449,,
6/5/2018 17:15,14.7983,78.274,,
6/5/2018 17:30,14.8021,78.098,,
6/5/2018 17:45,14.8021,78.098,,
6/5/2018 18:00,14.806,77.923,,
6/5/2018 18:15,14.8104,77.923,,
6/5/2018 18:30,14.8104,77.923,,
6/5/2018 18:45,14.8143,77.749,,
6/5/2018 19:00,14.8143,77.749,,
6/5/2018 19:15,14.8165,77.749,,
6/5/2018 19:30,14.8208,77.749,,
6/5/2018 19:45,14.8208,77.749,,
6/5/2018 20:00,14.8224,77.574,,
6/5/2018 20:15,14.8246,77.574,,
6/5/2018 20:30,14.8246,77.574,,
6/5/2018 20:45,14.8263,77.4,,
6/5/2018 21:00,14.8263,77.4,,
6/5/2018 21:15,14.8242,77.4,,
6/5/2018 21:30,14.8242,77.4,,
6/5/2018 21:45,14.8263,77.4,,
6/5/2018 22:00,14.8242,77.4,,
6/5/2018 22:15,14.8263,77.4,,
6/5/2018 22:30,14.8216,77.225,,
6/5/2018 22:45,14.8216,77.225,,
6/5/2018 23:00,14.8216,77.225,,
6/5/2018 23:15,14.8194,77.225,,
6/5/2018 23:30,14.815,77.225,,
6/5/2018 23:45,14.8146,77.05,,
6/6/2018 0:00,14.8102,77.05,,
6/6/2018 0:15,14.8081,77.05,,
6/6/2018 0:30,14.8059,77.05,,
6/6/2018 0:45,14.8059,77.05,,
6/6/2018 1:00,14.8011,76.876,,
6/6/2018 1:15,14.8011,76.876,,
6/6/2018 1:30,14.7989,76.876,,
6/6/2018 1:45,14.7989,76.876,,
6/6/2018 2:00,14.7924,76.876,,
6/6/2018 2:15,14.7902,76.876,,
6/6/2018 2:30,14.7902,76.876,,
6/6/2018 2:45,14.7876,76.703,,
6/6/2018 3:00,14.7876,76.703,,
6/6/2018 3:15,14.7854,76.703,,
6/6/2018 3:30,14.7854,76.703,,
6/6/2018 3:45,14.7854,76.703,,
6/6/2018 4:00,14.7833,76.703,,
6/6/2018 4:15,14.7876,76.703,,
6/6/2018 4:30,14.7876,76.703,,
6/6/2018 4:45,14.7876,76.703,,
6/6/2018 5:00,14.7898,76.703,,
6/6/2018 5:15,14.7894,76.528,,
6/6/2018 5:30,14.7894,76.528,,
6/6/2018 5:45,14.7937,76.528,,
6/6/2018 6:00,14.7937,76.528,,
6/6/2018 6:15,14.7937,76.528,,
6/6/2018 6:30,14.8002,76.528,,
6/6/2018 6:45,14.8002,76.528,,
6/6/2018 7:00,14.8002,76.528,,
6/6/2018 7:15,14.8002,76.528,,
6/6/2018 7:30,14.8046,76.528,,
6/6/2018 7:45,14.8068,76.528,,
6/6/2018 8:00,14.8089,76.528,,
6/6/2018 8:15,14.8089,76.528,,
6/6/2018 8:30,14.811,76.528,,
6/6/2018 8:45,14.8094,76.703,,
6/6/2018 9:00,14.8094,76.703,,
6/6/2018 9:15,14.812,76.876,,
6/6/2018 9:30,14.8124,77.05,,
6/6/2018 9:45,14.8107,77.225,,
6/6/2018 10:00,14.8139,77.574,,
6/6/2018 10:15,14.8117,77.574,,
6/6/2018 10:30,14.8095,77.574,,
6/6/2018 10:45,14.8099,77.749,,
6/6/2018 11:00,14.8099,77.749,,
6/6/2018 11:15,14.8078,77.749,,
6/6/2018 11:30,14.8056,77.749,,
6/6/2018 11:45,14.7995,77.923,,
6/6/2018 12:00,14.8001,78.098,,
6/6/2018 12:15,14.7979,78.098,,
6/6/2018 12:30,14.7901,78.449,,
6/6/2018 12:45,14.7879,78.449,,
6/6/2018 13:00,14.7853,78.274,,
6/6/2018 13:15,14.7831,78.274,,
6/6/2018 13:30,14.7776,78.624,,
6/6/2018 13:45,14.7737,78.8,,
6/6/2018 14:00,14.7733,78.624,,
6/6/2018 14:15,14.7733,78.624,,
6/6/2018 14:30,14.7727,78.449,,
6/6/2018 14:45,14.7685,78.449,,
6/6/2018 15:00,14.7667,78.624,,
6/6/2018 15:15,14.765,78.8,,
6/6/2018 15:30,14.7646,78.624,,
6/6/2018 15:45,14.7619,78.449,,
6/6/2018 16:00,14.7672,78.8,,
6/6/2018 16:15,14.765,78.8,,
6/6/2018 16:30,14.7667,78.624,,
6/6/2018 16:45,14.7663,78.449,,
6/6/2018 17:00,14.7657,78.274,,
6/6/2018 17:15,14.7701,78.274,,
6/6/2018 17:30,14.774,78.098,,
6/6/2018 17:45,14.774,78.098,,
6/6/2018 18:00,14.774,78.098,,
6/6/2018 18:15,14.7714,77.923,,
6/6/2018 18:30,14.7714,77.923,,
6/6/2018 18:45,14.7757,77.923,,
6/6/2018 19:00,14.7775,77.749,,
6/6/2018 19:15,14.7796,77.749,,
6/6/2018 19:30,14.7796,77.749,,
6/6/2018 19:45,14.7817,77.749,,
6/6/2018 20:00,14.7812,77.574,,
6/6/2018 20:15,14.7856,77.574,,
6/6/2018 20:30,14.7856,77.574,,
6/6/2018 20:45,14.7856,77.574,,
6/6/2018 21:00,14.7899,77.574,,
6/6/2018 21:15,14.7873,77.4,,
6/6/2018 21:30,14.7917,77.4,,
6/6/2018 21:45,14.7895,77.4,,
6/6/2018 22:00,14.7895,77.4,,
6/6/2018 22:15,14.7891,77.225,,
6/6/2018 22:30,14.7869,77.225,,
6/6/2018 22:45,14.7869,77.225,,
6/6/2018 23:00,14.7847,77.225,,
6/6/2018 23:15,14.7821,77.05,,
6/6/2018 23:30,14.7799,77.05,,
6/6/2018 23:45,14.7778,77.05,,
6/7/2018 0:00,14.7778,77.05,,
6/7/2018 0:15,14.7756,77.05,,
6/7/2018 0:30,14.7751,76.876,,
6/7/2018 0:45,14.773,76.876,,
6/7/2018 1:00,14.773,76.876,,
6/7/2018 1:15,14.773,76.876,,
6/7/2018 1:30,14.773,76.876,,
6/7/2018 1:45,14.7725,76.703,,
6/7/2018 2:00,14.7704,76.703,,
6/7/2018 2:15,14.766,76.703,,
6/7/2018 2:30,14.7638,76.703,,
6/7/2018 2:45,14.766,76.703,,
6/7/2018 3:00,14.7656,76.528,,
6/7/2018 3:15,14.7634,76.528,,
6/7/2018 3:30,14.7634,76.528,,
6/7/2018 3:45,14.7656,76.528,,
6/7/2018 4:00,14.7656,76.528,,
6/7/2018 4:15,14.7628,76.354,,
6/7/2018 4:30,14.7606,76.354,,
6/7/2018 4:45,14.7628,76.354,,
6/7/2018 5:00,14.7628,76.354,,
6/7/2018 5:15,14.7672,76.354,,
6/7/2018 5:30,14.7693,76.354,,
6/7/2018 5:45,14.7733,76.181,,
6/7/2018 6:00,14.7754,76.181,,
6/7/2018 6:15,14.7776,76.181,,
6/7/2018 6:30,14.7798,76.181,,
6/7/2018 6:45,14.782,76.181,,
6/7/2018 7:00,14.7841,76.181,,
6/7/2018 7:15,14.7863,76.181,,
6/7/2018 7:30,14.7885,76.181,,
6/7/2018 7:45,14.7885,76.181,,
6/7/2018 8:00,14.7928,76.181,,
6/7/2018 8:15,14.7954,76.354,,
6/7/2018 8:30,14.7976,76.354,,
6/7/2018 8:45,14.7976,76.354,,
6/7/2018 9:00,14.8024,76.528,,
6/7/2018 9:15,14.8002,76.528,,
6/7/2018 9:30,14.8007,76.703,,
6/7/2018 9:45,14.8015,77.05,,
6/7/2018 10:00,14.8037,77.05,,
6/7/2018 10:15,14.7978,77.225,,
6/7/2018 10:30,14.7986,77.574,,
6/7/2018 10:45,14.7952,77.923,,
6/7/2018 11:00,14.794,78.274,,
6/7/2018 11:15,14.797,78.624,,
6/7/2018 11:30,14.7911,78.8,,
6/7/2018 11:45,14.7876,79.151,,
6/7/2018 12:00,14.7859,79.326,,
6/7/2018 12:15,14.7837,79.326,,
6/7/2018 12:30,14.7833,79.151,,
6/7/2018 12:45,14.7789,79.151,,
6/7/2018 13:00,14.7767,79.151,,
6/7/2018 13:15,14.7746,79.151,,
6/7/2018 13:30,14.7679,79.853,,
6/7/2018 13:45,14.767,80.382,,
6/7/2018 14:00,14.7709,80.206,,
6/7/2018 14:15,14.7648,80.382,,
6/7/2018 14:30,14.7637,80.735,,
6/7/2018 14:45,14.7632,80.559,,
6/7/2018 15:00,14.7627,80.382,,
6/7/2018 15:15,14.7605,80.382,,
6/7/2018 15:30,14.7601,80.206,,
6/7/2018 15:45,14.7618,80.029,,
6/7/2018 16:00,14.7651,79.678,,
6/7/2018 16:15,14.7647,79.502,,
6/7/2018 16:30,14.7664,79.326,,
6/7/2018 16:45,14.7638,79.151,,
6/7/2018 17:00,14.7672,78.8,,
6/7/2018 17:15,14.7693,78.8,,
6/7/2018 17:30,14.7754,78.624,,
6/7/2018 17:45,14.7748,78.449,,
6/7/2018 18:00,14.7792,78.449,,
6/7/2018 18:15,14.7788,78.274,,
6/7/2018 18:30,14.7853,78.274,,
6/7/2018 18:45,14.7875,78.274,,
6/7/2018 19:00,14.7914,78.098,,
6/7/2018 19:15,14.7936,78.098,,
6/7/2018 19:30,14.7957,78.098,,
6/7/2018 19:45,14.7973,77.923,,
6/7/2018 20:00,14.7995,77.923,,
6/7/2018 20:15,14.7995,77.923,,
6/7/2018 20:30,14.7991,77.749,,
6/7/2018 20:45,14.8012,77.749,,
6/7/2018 21:00,14.8034,77.749,,
6/7/2018 21:15,14.8034,77.749,,
6/7/2018 21:30,14.8052,77.574,,
6/7/2018 21:45,14.803,77.574,,
6/7/2018 22:00,14.8052,77.574,,
6/7/2018 22:15,14.803,77.574,,
6/7/2018 22:30,14.8004,77.4,,
6/7/2018 22:45,14.8004,77.4,,
6/7/2018 23:00,14.8004,77.4,,
6/7/2018 23:15,14.8004,77.4,,
6/7/2018 23:30,14.8004,77.4,,
6/7/2018 23:45,14.8111,77.4,,
6/8/2018 0:00,14.8089,77.4,,
6/8/2018 0:15,14.8089,77.4,,
6/8/2018 0:30,14.8047,77.4,,
6/8/2018 0:45,14.802,77.225,,
6/8/2018 1:00,14.802,77.225,,
6/8/2018 1:15,14.7978,77.225,,
6/8/2018 1:30,14.7912,77.225,,
6/8/2018 1:45,14.7912,77.225,,
6/8/2018 2:00,14.7891,77.225,,
6/8/2018 2:15,14.7886,77.05,,
6/8/2018 2:30,14.7886,77.05,,
6/8/2018 2:45,14.7886,77.05,,
6/8/2018 3:00,14.7865,77.05,,
6/8/2018 3:15,14.7886,77.05,,
6/8/2018 3:30,14.7843,77.05,,
6/8/2018 3:45,14.7821,77.05,,
6/8/2018 4:00,14.7837,76.876,,
6/8/2018 4:15,14.7837,76.876,,
6/8/2018 4:30,14.788,76.876,,
6/8/2018 4:45,14.7902,76.876,,
6/8/2018 5:00,14.7946,76.876,,
6/8/2018 5:15,14.7968,76.876,,
6/8/2018 5:30,14.7989,76.876,,
6/8/2018 5:45,14.7963,76.703,,
6/8/2018 6:00,14.8007,76.703,,
6/8/2018 6:15,14.8007,76.703,,
6/8/2018 6:30,14.8072,76.703,,
6/8/2018 6:45,14.8094,76.703,,
6/8/2018 7:00,14.8115,76.703,,
6/8/2018 7:15,14.8115,76.703,,
6/8/2018 7:30,14.8181,76.703,,
6/8/2018 7:45,14.8181,76.703,,
6/8/2018 8:00,14.8201,76.703,,
6/8/2018 8:15,14.8223,76.703,,
6/8/2018 8:30,14.8245,76.703,,
6/8/2018 8:45,14.8245,76.703,,
6/8/2018 9:00,14.8292,76.876,,
6/8/2018 9:15,14.8342,77.05,,
6/8/2018 9:30,14.8368,77.225,,
6/8/2018 9:45,14.8329,77.4,,
6/8/2018 10:00,14.8346,77.225,,
6/8/2018 10:15,14.835,77.4,,
6/8/2018 10:30,14.8343,77.923,,
6/8/2018 10:45,14.8304,78.098,,
6/8/2018 11:00,14.8308,78.274,,
6/8/2018 11:15,14.8326,78.098,,
6/8/2018 11:30,14.8287,78.274,,
6/8/2018 11:45,14.8258,78.8,,
6/8/2018 12:00,14.8258,78.8,,
6/8/2018 12:15,14.8229,79.326,,
6/8/2018 12:30,14.8237,79.678,,
6/8/2018 12:45,14.82,79.853,,
6/8/2018 13:00,14.8163,79.326,,
6/8/2018 13:15,14.8094,79.151,,
6/8/2018 13:30,14.8055,79.326,,
6/8/2018 13:45,14.8028,79.151,,
6/8/2018 14:00,14.7985,79.151,,
6/8/2018 14:15,14.7946,79.326,,
6/8/2018 14:30,14.7912,79.678,,
6/8/2018 14:45,14.7878,80.029,,
6/8/2018 15:00,14.7878,80.029,,
6/8/2018 15:15,14.7878,80.029,,
6/8/2018 15:30,14.7899,80.029,,
6/8/2018 15:45,14.7938,79.853,,
6/8/2018 16:00,14.7972,79.502,,
6/8/2018 16:15,14.7968,79.326,,
6/8/2018 16:30,14.7941,79.151,,
6/8/2018 16:45,14.7953,78.8,,
6/8/2018 17:00,14.7923,78.449,,
6/8/2018 17:15,14.7966,78.449,,
6/8/2018 17:30,14.7983,78.274,,
6/8/2018 17:45,14.8005,78.274,,
6/8/2018 18:00,14.8001,78.098,,
6/8/2018 18:15,14.8043,78.098,,
6/8/2018 18:30,14.806,77.923,,
6/8/2018 18:45,14.8082,77.923,,
6/8/2018 19:00,14.8126,77.923,,
6/8/2018 19:15,14.8143,77.749,,
6/8/2018 19:30,14.8143,77.749,,
6/8/2018 19:45,14.8187,77.749,,
6/8/2018 20:00,14.8202,77.574,,
6/8/2018 20:15,14.8224,77.574,,
6/8/2018 20:30,14.8268,77.574,,
6/8/2018 20:45,14.8268,77.574,,
6/8/2018 21:00,14.8246,77.574,,
6/8/2018 21:15,14.8263,77.4,,
6/8/2018 21:30,14.8263,77.4,,
6/8/2018 21:45,14.8285,77.4,,
6/8/2018 22:00,14.8263,77.4,,
6/8/2018 22:15,14.8281,77.225,,
6/8/2018 22:30,14.8281,77.225,,
6/8/2018 22:45,14.8259,77.225,,
6/8/2018 23:00,14.8259,77.225,,
6/8/2018 23:15,14.8259,77.225,,
6/8/2018 23:30,14.8255,77.05,,
6/8/2018 23:45,14.8255,77.05,,
6/9/2018 0:00,14.8255,77.05,,
6/9/2018 0:15,14.8255,77.05,,
6/9/2018 0:30,14.8233,77.05,,
6/9/2018 0:45,14.8229,76.876,,
6/9/2018 1:00,14.8185,76.876,,
6/9/2018 1:15,14.8185,76.876,,
6/9/2018 1:30,14.8163,76.876,,
6/9/2018 1:45,14.812,76.876,,
6/9/2018 2:00,14.8094,76.703,,
6/9/2018 2:15,14.805,76.703,,
6/9/2018 2:30,14.805,76.703,,
6/9/2018 2:45,14.8007,76.703,,
6/9/2018 3:00,14.7985,76.703,,
6/9/2018 3:15,14.7959,76.528,,
6/9/2018 3:30,14.7937,76.528,,
6/9/2018 3:45,14.7937,76.528,,
6/9/2018 4:00,14.7937,76.528,,
6/9/2018 4:15,14.7959,76.528,,
6/9/2018 4:30,14.7981,76.528,,
6/9/2018 4:45,14.7981,76.528,,
6/9/2018 5:00,14.7998,76.354,,
6/9/2018 5:15,14.804,76.354,,
6/9/2018 5:30,14.804,76.354,,
6/9/2018 5:45,14.8062,76.354,,
6/9/2018 6:00,14.8062,76.354,,
6/9/2018 6:15,14.8084,76.354,,
6/9/2018 6:30,14.8084,76.354,,
6/9/2018 6:45,14.8127,76.354,,
6/9/2018 7:00,14.8149,76.354,,
6/9/2018 7:15,14.8171,76.354,,
6/9/2018 7:30,14.8192,76.354,,
6/9/2018 7:45,14.8218,76.528,,
6/9/2018 8:00,14.8262,76.528,,
6/9/2018 8:15,14.831,76.703,,
6/9/2018 8:30,14.8332,76.703,,
6/9/2018 8:45,14.831,76.703,,
6/9/2018 9:00,14.8336,76.876,,
6/9/2018 9:15,14.832,77.05,,
6/9/2018 9:30,14.8303,77.225,,
6/9/2018 9:45,14.8307,77.4,,
6/9/2018 10:00,14.8285,77.4,,
6/9/2018 10:15,14.823,77.749,,
6/9/2018 10:30,14.8239,78.098,,
6/9/2018 10:45,14.8205,78.449,,
6/9/2018 11:00,14.8192,78.8,,
6/9/2018 11:15,14.8181,79.151,,
6/9/2018 11:30,14.8159,79.151,,
6/9/2018 11:45,14.811,78.975,,
6/9/2018 12:00,14.811,78.975,,
6/9/2018 12:15,14.8105,78.8,,
6/9/2018 12:30,14.8068,78.975,,
6/9/2018 12:45,14.8059,79.502,,
6/9/2018 13:00,14.8004,79.853,,
6/9/2018 13:15,14.8018,80.382,,
6/9/2018 13:30,14.8008,80.029,,
6/9/2018 13:45,14.7956,79.678,,
6/9/2018 14:00,14.7921,80.029,,
6/9/2018 14:15,14.7917,79.853,,
6/9/2018 14:30,14.7899,80.029,,
6/9/2018 14:45,14.7869,79.678,,
6/9/2018 15:00,14.7878,80.029,,
6/9/2018 15:15,14.7899,80.029,,
6/9/2018 15:30,14.7878,80.029,,
6/9/2018 15:45,14.7869,79.678,,
6/9/2018 16:00,14.7843,79.502,,
6/9/2018 16:15,14.7843,79.502,,
6/9/2018 16:30,14.7833,79.151,,
6/9/2018 16:45,14.7828,78.975,,
6/9/2018 17:00,14.7867,78.8,,
6/9/2018 17:15,14.7883,78.624,,
6/9/2018 17:30,14.7923,78.449,,
6/9/2018 17:45,14.7901,78.449,,
6/9/2018 18:00,14.7918,78.274,,
6/9/2018 18:15,14.794,78.274,,
6/9/2018 18:30,14.7979,78.098,,
6/9/2018 18:45,14.7979,78.098,,
6/9/2018 19:00,14.8021,78.098,,
6/9/2018 19:15,14.8065,78.098,,
6/9/2018 19:30,14.8104,77.923,,
6/9/2018 19:45,14.8147,77.923,,
6/9/2018 20:00,14.8126,77.923,,
6/9/2018 20:15,14.8126,77.923,,
6/9/2018 20:30,14.8126,77.923,,
6/9/2018 20:45,14.8121,77.749,,
6/9/2018 21:00,14.8121,77.749,,
6/9/2018 21:15,14.8099,77.749,,
6/9/2018 21:30,14.8099,77.749,,
6/9/2018 21:45,14.8095,77.574,,
6/9/2018 22:00,14.8117,77.574,,
6/9/2018 22:15,14.8095,77.574,,
6/9/2018 22:30,14.8117,77.574,,
6/9/2018 22:45,14.8089,77.4,,
6/9/2018 23:00,14.8089,77.4,,
6/9/2018 23:15,14.8069,77.4,,
6/9/2018 23:30,14.8085,77.225,,
6/9/2018 23:45,14.802,77.225,,
6/10/2018 0:00,14.7978,77.225,,
6/10/2018 0:15,14.795,77.05,,
6/10/2018 0:30,14.795,77.05,,
6/10/2018 0:45,14.795,77.05,,
6/10/2018 1:00,14.795,77.05,,
6/10/2018 1:15,14.7907,77.05,,
6/10/2018 1:30,14.7865,77.05,,
6/10/2018 1:45,14.788,76.876,,
6/10/2018 2:00,14.7837,76.876,,
6/10/2018 2:15,14.7837,76.876,,
6/10/2018 2:30,14.7795,76.876,,
6/10/2018 2:45,14.7773,76.876,,
6/10/2018 3:00,14.7789,76.703,,
6/10/2018 3:15,14.7789,76.703,,
6/10/2018 3:30,14.7789,76.703,,
6/10/2018 3:45,14.7811,76.703,,
6/10/2018 4:00,14.7811,76.703,,
6/10/2018 4:15,14.7789,76.703,,
6/10/2018 4:30,14.7811,76.703,,
6/10/2018 4:45,14.7833,76.703,,
6/10/2018 5:00,14.7828,76.528,,
6/10/2018 5:15,14.785,76.528,,
6/10/2018 5:30,14.785,76.528,,
6/10/2018 5:45,14.7872,76.528,,
6/10/2018 6:00,14.7894,76.528,,
6/10/2018 6:15,14.7915,76.528,,
6/10/2018 6:30,14.7937,76.528,,
6/10/2018 6:45,14.7981,76.528,,
6/10/2018 7:00,14.802,76.354,,
6/10/2018 7:15,14.802,76.354,,
6/10/2018 7:30,14.804,76.354,,
6/10/2018 7:45,14.8105,76.354,,
6/10/2018 8:00,14.8131,76.528,,
6/10/2018 8:15,14.8175,76.528,,
6/10/2018 8:30,14.8175,76.528,,
6/10/2018 8:45,14.8197,76.528,,
6/10/2018 9:00,14.8223,76.703,,
6/10/2018 9:15,14.8207,76.876,,
6/10/2018 9:30,14.8189,77.05,,
6/10/2018 9:45,14.8216,77.225,,
6/10/2018 10:00,14.8198,77.4,,
6/10/2018 10:15,14.816,77.574,,
6/10/2018 10:30,14.8147,77.923,,
6/10/2018 10:45,14.813,78.098,,
6/10/2018 11:00,14.8086,78.098,,
6/10/2018 11:15,14.8075,78.449,,
6/10/2018 11:30,14.8062,78.8,,
6/10/2018 11:45,14.805,79.151,,
6/10/2018 12:00,14.8033,79.326,,
6/10/2018 12:15,14.7999,79.678,,
6/10/2018 12:30,14.7972,79.502,,
6/10/2018 12:45,14.792,79.151,,
6/10/2018 13:00,14.7908,79.502,,
6/10/2018 13:15,14.7883,80.206,,
6/10/2018 13:30,14.7844,80.382,,
6/10/2018 13:45,14.7822,80.382,,
6/10/2018 14:00,14.7779,80.382,,
6/10/2018 14:15,14.7775,80.206,,
6/10/2018 14:30,14.7731,80.206,,
6/10/2018 14:45,14.774,80.559,,
6/10/2018 15:00,14.7719,80.559,,
6/10/2018 15:15,14.7714,80.382,,
6/10/2018 15:30,14.7731,80.206,,
6/10/2018 15:45,14.7699,79.853,,
6/10/2018 16:00,14.7695,79.678,,
6/10/2018 16:15,14.7673,79.678,,
6/10/2018 16:30,14.7734,79.502,,
6/10/2018 16:45,14.7724,79.151,,
6/10/2018 17:00,14.7715,78.8,,
6/10/2018 17:15,14.7737,78.8,,
6/10/2018 17:30,14.7754,78.624,,
6/10/2018 17:45,14.777,78.449,,
6/10/2018 18:00,14.7788,78.274,,
6/10/2018 18:15,14.7853,78.274,,
6/10/2018 18:30,14.7892,78.098,,
6/10/2018 18:45,14.7936,78.098,,
6/10/2018 19:00,14.8017,77.923,,
6/10/2018 19:15,14.806,77.923,,
6/10/2018 19:30,14.806,77.923,,
6/10/2018 19:45,14.8082,77.923,,
6/10/2018 20:00,14.8056,77.749,,
6/10/2018 20:15,14.8056,77.749,,
6/10/2018 20:30,14.8034,77.749,,
6/10/2018 20:45,14.8034,77.749,,
6/10/2018 21:00,14.8034,77.749,,
6/10/2018 21:15,14.8012,77.749,,
6/10/2018 21:30,14.7969,77.749,,
6/10/2018 21:45,14.7991,77.749,,
6/10/2018 22:00,14.7991,77.749,,
6/10/2018 22:15,14.7991,77.749,,
6/10/2018 22:30,14.7947,77.749,,
6/10/2018 22:45,14.7947,77.749,,
6/10/2018 23:00,14.7882,77.749,,
6/10/2018 23:15,14.7878,77.574,,
6/10/2018 23:30,14.7899,77.574,,
6/10/2018 23:45,14.7878,77.574,,
6/11/2018 0:00,14.7878,77.574,,
6/11/2018 0:15,14.7856,77.574,,
6/11/2018 0:30,14.7834,77.574,,
6/11/2018 0:45,14.7834,77.574,,
6/11/2018 1:00,14.7834,77.574,,
6/11/2018 1:15,14.7812,77.574,,
6/11/2018 1:30,14.7834,77.574,,
6/11/2018 1:45,14.7812,77.574,,
6/11/2018 2:00,14.7769,77.574,,
6/11/2018 2:15,14.7764,77.4,,
6/11/2018 2:30,14.7764,77.4,,
6/11/2018 2:45,14.7743,77.4,,
6/11/2018 3:00,14.7743,77.4,,
6/11/2018 3:15,14.7743,77.4,,
6/11/2018 3:30,14.7721,77.4,,
6/11/2018 3:45,14.7721,77.4,,
6/11/2018 4:00,14.7721,77.4,,
6/11/2018 4:15,14.7743,77.4,,
6/11/2018 4:30,14.7743,77.4,,
6/11/2018 4:45,14.7738,77.225,,
6/11/2018 5:00,14.776,77.225,,
6/11/2018 5:15,14.7782,77.225,,
6/11/2018 5:30,14.7782,77.225,,
6/11/2018 5:45,14.7804,77.225,,
6/11/2018 6:00,14.7821,77.05,,
6/11/2018 6:15,14.7843,77.05,,
6/11/2018 6:30,14.7843,77.05,,
6/11/2018 6:45,14.7865,77.05,,
6/11/2018 7:00,14.7865,77.05,,
6/11/2018 7:15,14.7886,77.05,,
6/11/2018 7:30,14.7886,77.05,,
6/11/2018 7:45,14.7907,77.05,,
6/11/2018 8:00,14.795,77.05,,
6/11/2018 8:15,14.7978,77.225,,
6/11/2018 8:30,14.7982,77.4,,
6/11/2018 8:45,14.7998,77.225,,
6/11/2018 9:00,14.7998,77.225,,
6/11/2018 9:15,14.7998,77.225,,
6/11/2018 9:30,14.7982,77.4,,
6/11/2018 9:45,14.8008,77.574,,
6/11/2018 10:00,14.7991,77.749,,
6/11/2018 10:15,14.8012,77.749,,
6/11/2018 10:30,14.7973,77.923,,
6/11/2018 10:45,14.7952,77.923,,
6/11/2018 11:00,14.7952,77.923,,
6/11/2018 11:15,14.7914,78.098,,
6/11/2018 11:30,14.7875,78.274,,
6/11/2018 11:45,14.7862,78.624,,
6/11/2018 12:00,14.7854,79.151,,
6/11/2018 12:15,14.7807,78.975,,
6/11/2018 12:30,14.7811,79.151,,
6/11/2018 12:45,14.7799,79.502,,
6/11/2018 13:00,14.7756,79.502,,
6/11/2018 13:15,14.7721,79.853,,
6/11/2018 13:30,14.769,79.502,,
6/11/2018 13:45,14.769,79.502,,
6/11/2018 14:00,14.7625,79.502,,
6/11/2018 14:15,14.7608,79.678,,
6/11/2018 14:30,14.7582,79.502,,
6/11/2018 14:45,14.7582,79.502,,
6/11/2018 15:00,14.7582,79.502,,
6/11/2018 15:15,14.7544,79.678,,
6/11/2018 15:30,14.7522,79.678,,
6/11/2018 15:45,14.7529,79.151,,
6/11/2018 16:00,14.7503,78.975,,
6/11/2018 16:15,14.7503,78.975,,
6/11/2018 16:30,14.7519,78.8,,
6/11/2018 16:45,14.7537,78.624,,
6/11/2018 17:00,14.7528,78.274,,
6/11/2018 17:15,14.7522,78.098,,
6/11/2018 17:30,14.7544,78.098,,
6/11/2018 17:45,14.754,77.923,,
6/11/2018 18:00,14.7557,77.749,,
6/11/2018 18:15,14.7574,77.574,,
6/11/2018 18:30,14.7592,77.4,,
6/11/2018 18:45,14.7612,77.4,,
6/11/2018 19:00,14.7608,77.225,,
6/11/2018 19:15,14.7673,77.225,,
6/11/2018 19:30,14.769,77.05,,
6/11/2018 19:45,14.769,77.05,,
6/11/2018 20:00,14.7712,77.05,,
6/11/2018 20:15,14.7734,77.05,,
6/11/2018 20:30,14.7773,76.876,,
6/11/2018 20:45,14.7815,76.876,,
6/11/2018 21:00,14.7815,76.876,,
6/11/2018 21:15,14.7815,76.876,,
6/11/2018 21:30,14.7767,76.703,,
6/11/2018 21:45,14.7767,76.703,,
6/11/2018 22:00,14.7767,76.703,,
6/11/2018 22:15,14.7785,76.528,,
6/11/2018 22:30,14.7763,76.528,,
6/11/2018 22:45,14.7785,76.528,,
6/11/2018 23:00,14.7763,76.528,,
6/11/2018 23:15,14.7763,76.528,,
6/11/2018 23:30,14.7785,76.528,,
6/11/2018 23:45,14.7763,76.528,,
6/12/2018 0:00,14.7715,76.354,,
6/12/2018 0:15,14.7715,76.354,,
6/12/2018 0:30,14.7737,76.354,,
6/12/2018 0:45,14.7693,76.354,,
6/12/2018 1:00,14.7693,76.354,,
6/12/2018 1:15,14.7672,76.354,,
6/12/2018 1:30,14.7689,76.181,,
6/12/2018 1:45,14.7689,76.181,,
6/12/2018 2:00,14.7624,76.181,,
6/12/2018 2:15,14.7624,76.181,,
6/12/2018 2:30,14.7602,76.181,,
6/12/2018 2:45,14.758,76.181,,
6/12/2018 3:00,14.7558,76.181,,
6/12/2018 3:15,14.7558,76.181,,
6/12/2018 3:30,14.7558,76.181,,
6/12/2018 3:45,14.7537,76.181,,
6/12/2018 4:00,14.7558,76.181,,
6/12/2018 4:15,14.7558,76.181,,
6/12/2018 4:30,14.7558,76.181,,
6/12/2018 4:45,14.7576,76.006,,
6/12/2018 5:00,14.7576,76.006,,
6/12/2018 5:15,14.7576,76.006,,
6/12/2018 5:30,14.7576,76.006,,
6/12/2018 5:45,14.7619,76.006,,
6/12/2018 6:00,14.7619,76.006,,
6/12/2018 6:15,14.7641,76.006,,
6/12/2018 6:30,14.7637,75.832,,
6/12/2018 6:45,14.7659,75.832,,
6/12/2018 7:00,14.768,75.832,,
6/12/2018 7:15,14.768,75.832,,
6/12/2018 7:30,14.7746,75.832,,
6/12/2018 7:45,14.7746,75.832,,
6/12/2018 8:00,14.7793,76.006,,
6/12/2018 8:15,14.7815,76.006,,
6/12/2018 8:30,14.7863,76.181,,
6/12/2018 8:45,14.7907,76.181,,
6/12/2018 9:00,14.7928,76.181,,
6/12/2018 9:15,14.7911,76.354,,
6/12/2018 9:30,14.7937,76.528,,
6/12/2018 9:45,14.7941,76.703,,
6/12/2018 10:00,14.7898,76.703,,
6/12/2018 10:15,14.7859,76.876,,
6/12/2018 10:30,14.7891,77.225,,
6/12/2018 10:45,14.7878,77.574,,
6/12/2018 11:00,14.7834,77.574,,
6/12/2018 11:15,14.7801,77.923,,
6/12/2018 11:30,14.7779,77.923,,
6/12/2018 11:45,14.7762,78.098,,
6/12/2018 12:00,14.7727,78.449,,
6/12/2018 12:15,14.7715,78.8,,
6/12/2018 12:30,14.7682,79.151,,
6/12/2018 12:45,14.7643,79.326,,
6/12/2018 13:00,14.7599,79.326,,
6/12/2018 13:15,14.7608,79.678,,
6/12/2018 13:30,14.7592,79.853,,
6/12/2018 13:45,14.7557,80.206,,
6/12/2018 14:00,14.7519,80.382,,
6/12/2018 14:15,14.7498,80.382,,
6/12/2018 14:30,14.7492,80.206,,
6/12/2018 14:45,14.744,79.853,,
6/12/2018 15:00,14.7429,79.502,,
6/12/2018 15:15,14.7416,78.975,,
6/12/2018 15:30,14.7412,78.8,,
6/12/2018 15:45,14.7406,78.624,,
6/12/2018 16:00,14.7412,78.8,,
6/12/2018 16:15,14.745,78.624,,
6/12/2018 16:30,14.7424,78.449,,
6/12/2018 16:45,14.7485,78.274,,
6/12/2018 17:00,14.747,77.749,,
6/12/2018 17:15,14.7531,77.574,,
6/12/2018 17:30,14.7531,77.574,,
6/12/2018 17:45,14.7527,77.4,,
6/12/2018 18:00,14.7543,77.225,,
6/12/2018 18:15,14.7603,77.05,,
6/12/2018 18:30,14.7603,77.05,,
6/12/2018 18:45,14.7647,77.05,,
6/12/2018 19:00,14.7669,77.05,,
6/12/2018 19:15,14.7686,76.876,,
6/12/2018 19:30,14.7708,76.876,,
6/12/2018 19:45,14.773,76.876,,
6/12/2018 20:00,14.7725,76.703,,
6/12/2018 20:15,14.7746,76.703,,
6/12/2018 20:30,14.7767,76.703,,
6/12/2018 20:45,14.7789,76.703,,
6/12/2018 21:00,14.7833,76.703,,
6/12/2018 21:15,14.785,76.528,,
6/12/2018 21:30,14.7894,76.528,,
6/12/2018 21:45,14.7872,76.528,,
6/12/2018 22:00,14.7894,76.528,,
6/12/2018 22:15,14.7872,76.528,,
6/12/2018 22:30,14.7894,76.528,,
6/12/2018 22:45,14.7846,76.354,,
6/12/2018 23:00,14.7867,76.354,,
6/12/2018 23:15,14.7846,76.354,,
6/12/2018 23:30,14.7824,76.354,,
6/12/2018 23:45,14.7885,76.181,,
6/13/2018 0:00,14.7863,76.181,,
6/13/2018 0:15,14.782,76.181,,
6/13/2018 0:30,14.782,76.181,,
6/13/2018 0:45,14.7863,76.181,,
6/13/2018 1:00,14.782,76.181,,
6/13/2018 1:15,14.782,76.181,,
6/13/2018 1:30,14.782,76.181,,
6/13/2018 1:45,14.7776,76.181,,
6/13/2018 2:00,14.7772,76.006,,
6/13/2018 2:15,14.775,76.006,,
6/13/2018 2:30,14.7772,76.006,,
6/13/2018 2:45,14.7706,76.006,,
6/13/2018 3:00,14.7637,75.832,,
6/13/2018 3:15,14.7637,75.832,,
6/13/2018 3:30,14.7659,75.832,,
6/13/2018 3:45,14.7702,75.832,,
6/13/2018 4:00,14.768,75.832,,
6/13/2018 4:15,14.768,75.832,,
6/13/2018 4:30,14.7724,75.832,,
6/13/2018 4:45,14.7724,75.832,,
6/13/2018 5:00,14.7724,75.832,,
6/13/2018 5:15,14.7702,75.832,,
6/13/2018 5:30,14.7724,75.832,,
6/13/2018 5:45,14.7719,75.659,,
6/13/2018 6:00,14.7741,75.659,,
6/13/2018 6:15,14.7757,75.484,,
6/13/2018 6:30,14.7757,75.484,,
6/13/2018 6:45,14.7779,75.484,,
6/13/2018 7:00,14.7822,75.484,,
6/13/2018 7:15,14.7844,75.484,,
6/13/2018 7:30,14.7866,75.484,,
6/13/2018 7:45,14.7888,75.484,,
6/13/2018 8:00,14.7936,75.659,,
6/13/2018 8:15,14.8001,75.659,,
6/13/2018 8:30,14.8049,75.832,,
6/13/2018 8:45,14.807,75.832,,
6/13/2018 9:00,14.8118,76.006,,
6/13/2018 9:15,14.8097,76.006,,
6/13/2018 9:30,14.8144,76.181,,
6/13/2018 9:45,14.8127,76.354,,
6/13/2018 10:00,14.811,76.528,,
6/13/2018 10:15,14.8115,76.703,,
6/13/2018 10:30,14.812,76.876,,
6/13/2018 10:45,14.8185,76.876,,
6/13/2018 11:00,14.8146,77.05,,
6/13/2018 11:15,14.8117,77.574,,
6/13/2018 11:30,14.8095,77.574,,
6/13/2018 11:45,14.8078,77.749,,
6/13/2018 12:00,14.8069,77.4,,
6/13/2018 12:15,14.8052,77.574,,
6/13/2018 12:30,14.7965,77.574,,
6/13/2018 12:45,14.8052,77.574,,
6/13/2018 13:00,14.7991,77.749,,
6/13/2018 13:15,14.7957,78.098,,
6/13/2018 13:30,14.7944,78.449,,
6/13/2018 13:45,14.7962,78.274,,
6/13/2018 14:00,14.7936,78.098,,
6/13/2018 14:15,14.7914,78.098,,
6/13/2018 14:30,14.7896,78.274,,
6/13/2018 14:45,14.7875,78.274,,
6/13/2018 15:00,14.7888,77.923,,
6/13/2018 15:15,14.7882,77.749,,
6/13/2018 15:30,14.7849,78.098,,
6/13/2018 15:45,14.7892,78.098,,
6/13/2018 16:00,14.7866,77.923,,
6/13/2018 16:15,14.7882,77.749,,
6/13/2018 16:30,14.7895,77.4,,
6/13/2018 16:45,14.7869,77.225,,
6/13/2018 17:00,14.7865,77.05,,
6/13/2018 17:15,14.788,76.876,,
6/13/2018 17:30,14.788,76.876,,
6/13/2018 17:45,14.7898,76.703,,
6/13/2018 18:00,14.7898,76.703,,
6/13/2018 18:15,14.7915,76.528,,
6/13/2018 18:30,14.7915,76.528,,
6/13/2018 18:45,14.7915,76.528,,
6/13/2018 19:00,14.7933,76.354,,
6/13/2018 19:15,14.7976,76.354,,
6/13/2018 19:30,14.7976,76.354,,
6/13/2018 19:45,14.7976,76.354,,
6/13/2018 20:00,14.802,76.354,,
6/13/2018 20:15,14.8014,76.181,,
6/13/2018 20:30,14.7992,76.181,,
6/13/2018 20:45,14.8014,76.181,,
6/13/2018 21:00,14.8014,76.181,,
6/13/2018 21:15,14.7988,76.006,,
6/13/2018 21:30,14.801,76.006,,
6/13/2018 21:45,14.8053,76.006,,
6/13/2018 22:00,14.8053,76.006,,
6/13/2018 22:15,14.8031,76.006,,
6/13/2018 22:30,14.8031,76.006,,
6/13/2018 22:45,14.801,76.006,,
6/13/2018 23:00,14.8005,75.832,,
6/13/2018 23:15,14.7983,75.832,,
6/13/2018 23:30,14.7962,75.832,,
6/13/2018 23:45,14.794,75.832,,
6/14/2018 0:00,14.794,75.832,,
6/14/2018 0:15,14.7936,75.659,,
6/14/2018 0:30,14.7914,75.659,,
6/14/2018 0:45,14.7936,75.659,,
6/14/2018 1:00,14.7914,75.659,,
6/14/2018 1:15,14.7892,75.659,,
6/14/2018 1:30,14.7866,75.484,,
6/14/2018 1:45,14.7866,75.484,,
6/14/2018 2:00,14.7866,75.484,,
6/14/2018 2:15,14.7866,75.484,,
6/14/2018 2:30,14.7844,75.484,,
6/14/2018 2:45,14.7866,75.484,,
6/14/2018 3:00,14.7844,75.484,,
6/14/2018 3:15,14.7801,75.484,,
6/14/2018 3:30,14.7757,75.484,,
6/14/2018 3:45,14.7779,75.484,,
6/14/2018 4:00,14.7779,75.484,,
6/14/2018 4:15,14.7779,75.484,,
6/14/2018 4:30,14.7779,75.484,,
6/14/2018 4:45,14.7779,75.484,,
6/14/2018 5:00,14.7801,75.484,,
6/14/2018 5:15,14.7801,75.484,,
6/14/2018 5:30,14.7801,75.484,,
6/14/2018 5:45,14.7822,75.484,,
6/14/2018 6:00,14.7822,75.484,,
6/14/2018 6:15,14.7866,75.484,,
6/14/2018 6:30,14.7888,75.484,,
6/14/2018 6:45,14.7866,75.484,,
6/14/2018 7:00,14.7866,75.484,,
6/14/2018 7:15,14.7888,75.484,,
6/14/2018 7:30,14.7931,75.484,,
6/14/2018 7:45,14.7909,75.484,,
6/14/2018 8:00,14.7957,75.659,,
6/14/2018 8:15,14.7957,75.659,,
6/14/2018 8:30,14.8001,75.659,,
6/14/2018 8:45,14.8027,75.832,,
6/14/2018 9:00,14.8027,75.832,,
6/14/2018 9:15,14.8031,76.006,,
6/14/2018 9:30,14.8036,76.181,,
6/14/2018 9:45,14.804,76.354,,
6/14/2018 10:00,14.8046,76.528,,
6/14/2018 10:15,14.8028,76.703,,
6/14/2018 10:30,14.8033,76.876,,
6/14/2018 10:45,14.7989,76.876,,
6/14/2018 11:00,14.8015,77.05,,
6/14/2018 11:15,14.7978,77.225,,
6/14/2018 11:30,14.7956,77.225,,
6/14/2018 11:45,14.7917,77.4,,
6/14/2018 12:00,14.7899,77.574,,
6/14/2018 12:15,14.7904,77.749,,
6/14/2018 12:30,14.7899,77.574,,
6/14/2018 12:45,14.7844,77.923,,
6/14/2018 13:00,14.7831,78.274,,
6/14/2018 13:15,14.7831,78.274,,
6/14/2018 13:30,14.7805,78.098,,
6/14/2018 13:45,14.7805,78.098,,
6/14/2018 14:00,14.7759,78.8,,
6/14/2018 14:15,14.7733,78.624,,
6/14/2018 14:30,14.7727,78.449,,
6/14/2018 14:45,14.7701,78.274,,
6/14/2018 15:00,14.7718,78.098,,
6/14/2018 15:15,14.7679,78.274,,
6/14/2018 15:30,14.7667,78.624,,
6/14/2018 15:45,14.7635,78.274,,
6/14/2018 16:00,14.7609,78.098,,
6/14/2018 16:15,14.7588,78.098,,
6/14/2018 16:30,14.7605,77.923,,
6/14/2018 16:45,14.7601,77.749,,
6/14/2018 17:00,14.7622,77.749,,
6/14/2018 17:15,14.764,77.574,,
6/14/2018 17:30,14.7677,77.4,,
6/14/2018 17:45,14.7656,77.4,,
6/14/2018 18:00,14.7695,77.225,,
6/14/2018 18:15,14.7695,77.225,,
6/14/2018 18:30,14.7712,77.05,,
6/14/2018 18:45,14.7734,77.05,,
6/14/2018 19:00,14.7734,77.05,,
6/14/2018 19:15,14.7778,77.05,,
6/14/2018 19:30,14.7795,76.876,,
6/14/2018 19:45,14.7795,76.876,,
6/14/2018 20:00,14.7815,76.876,,
6/14/2018 20:15,14.7815,76.876,,
6/14/2018 20:30,14.7837,76.876,,
6/14/2018 20:45,14.7859,76.876,,
6/14/2018 21:00,14.7898,76.703,,
6/14/2018 21:15,14.792,76.703,,
6/14/2018 21:30,14.792,76.703,,
6/14/2018 21:45,14.7941,76.703,,
6/14/2018 22:00,14.792,76.703,,
6/14/2018 22:15,14.7941,76.703,,
6/14/2018 22:30,14.7959,76.528,,
6/14/2018 22:45,14.7937,76.528,,
6/14/2018 23:00,14.7915,76.528,,
6/14/2018 23:15,14.7911,76.354,,
6/14/2018 23:30,14.7889,76.354,,
6/14/2018 23:45,14.7889,76.354,,
6/15/2018 0:00,14.7889,76.354,,
6/15/2018 0:15,14.7885,76.181,,
6/15/2018 0:30,14.7907,76.181,,
6/15/2018 0:45,14.7863,76.181,,
6/15/2018 1:00,14.7863,76.181,,
6/15/2018 1:15,14.7859,76.006,,
6/15/2018 1:30,14.7859,76.006,,
6/15/2018 1:45,14.7837,76.006,,
6/15/2018 2:00,14.7837,76.006,,
6/15/2018 2:15,14.7767,75.832,,
6/15/2018 2:30,14.7789,75.832,,
6/15/2018 2:45,14.7815,76.006,,
6/15/2018 3:00,14.7789,75.832,,
6/15/2018 3:15,14.7767,75.832,,
6/15/2018 3:30,14.7724,75.832,,
6/15/2018 3:45,14.7724,75.832,,
6/15/2018 4:00,14.7724,75.832,,
6/15/2018 4:15,14.7702,75.832,,
6/15/2018 4:30,14.7702,75.832,,
6/15/2018 4:45,14.7702,75.832,,
6/15/2018 5:00,14.7724,75.832,,
6/15/2018 5:15,14.7724,75.832,,
6/15/2018 5:30,14.7746,75.832,,
6/15/2018 5:45,14.7746,75.832,,
6/15/2018 6:00,14.7767,75.832,,
6/15/2018 6:15,14.7789,75.832,,
6/15/2018 6:30,14.7789,75.832,,
6/15/2018 6:45,14.7831,75.832,,
6/15/2018 7:00,14.7853,75.832,,
6/15/2018 7:15,14.7875,75.832,,
6/15/2018 7:30,14.7875,75.832,,
6/15/2018 7:45,14.7918,75.832,,
6/15/2018 8:00,14.794,75.832,,
6/15/2018 8:15,14.7966,76.006,,
6/15/2018 8:30,14.7988,76.006,,
6/15/2018 8:45,14.8057,76.181,,
6/15/2018 9:00,14.8062,76.354,,
6/15/2018 9:15,14.804,76.354,,
6/15/2018 9:30,14.8062,76.354,,
6/15/2018 9:45,14.8046,76.528,,
6/15/2018 10:00,14.805,76.703,,
6/15/2018 10:15,14.8011,76.876,,
6/15/2018 10:30,14.8037,77.05,,
6/15/2018 10:45,14.8026,77.4,,
6/15/2018 11:00,14.8052,77.574,,
6/15/2018 11:15,14.8039,77.923,,
6/15/2018 11:30,14.8012,77.749,,
6/15/2018 11:45,14.8012,77.749,,
6/15/2018 12:00,14.7969,77.749,,
6/15/2018 12:15,14.7918,78.274,,
6/15/2018 12:30,14.7867,78.8,,
6/15/2018 12:45,14.7815,79.326,,
6/15/2018 13:00,14.7778,79.502,,
6/15/2018 13:15,14.7778,79.502,,
6/15/2018 13:30,14.773,79.326,,
6/15/2018 13:45,14.769,79.502,,
6/15/2018 14:00,14.7635,79.853,,
6/15/2018 14:15,14.764,80.029,,
6/15/2018 14:30,14.7661,80.029,,
6/15/2018 14:45,14.7657,79.853,,
6/15/2018 15:00,14.7586,79.678,,
6/15/2018 15:15,14.7586,79.678,,
6/15/2018 15:30,14.7577,79.326,,
6/15/2018 15:45,14.7569,78.975,,
6/15/2018 16:00,14.7537,78.624,,
6/15/2018 16:15,14.7558,78.624,,
6/15/2018 16:30,14.755,78.274,,
6/15/2018 16:45,14.7566,78.098,,
6/15/2018 17:00,14.754,77.923,,
6/15/2018 17:15,14.7605,77.923,,
6/15/2018 17:30,14.7601,77.749,,
6/15/2018 17:45,14.7622,77.749,,
6/15/2018 18:00,14.7661,77.574,,
6/15/2018 18:15,14.7683,77.574,,
6/15/2018 18:30,14.7656,77.4,,
6/15/2018 18:45,14.7677,77.4,,
6/15/2018 19:00,14.7695,77.225,,
6/15/2018 19:15,14.7738,77.225,,
6/15/2018 19:30,14.7782,77.225,,
6/15/2018 19:45,14.7782,77.225,,
6/15/2018 20:00,14.7804,77.225,,
6/15/2018 20:15,14.7821,77.05,,
6/15/2018 20:30,14.7821,77.05,,
6/15/2018 20:45,14.7843,77.05,,
6/15/2018 21:00,14.7843,77.05,,
6/15/2018 21:15,14.7843,77.05,,
6/15/2018 21:30,14.7865,77.05,,
6/15/2018 21:45,14.7865,77.05,,
6/15/2018 22:00,14.7865,77.05,,
6/15/2018 22:15,14.7859,76.876,,
6/15/2018 22:30,14.7859,76.876,,
6/15/2018 22:45,14.7859,76.876,,
6/15/2018 23:00,14.7859,76.876,,
6/15/2018 23:15,14.7811,76.703,,
6/15/2018 23:30,14.7795,76.876,,
6/15/2018 23:45,14.7815,76.876,,
6/16/2018 0:00,14.7815,76.876,,
6/16/2018 0:15,14.7837,76.876,,
6/16/2018 0:30,14.7811,76.703,,
6/16/2018 0:45,14.7811,76.703,,
6/16/2018 1:00,14.7789,76.703,,
6/16/2018 1:15,14.7767,76.703,,
6/16/2018 1:30,14.7746,76.703,,
6/16/2018 1:45,14.7746,76.703,,
6/16/2018 2:00,14.7746,76.703,,
6/16/2018 2:15,14.7811,76.703,,
6/16/2018 2:30,14.7876,76.703,,
6/16/2018 2:45,14.7859,76.876,,
6/16/2018 3:00,14.788,76.876,,
6/16/2018 3:15,14.7795,76.876,,
6/16/2018 3:30,14.7833,76.703,,
6/16/2018 3:45,14.7898,76.703,,
6/16/2018 4:00,14.7941,76.703,,
6/16/2018 4:15,14.7876,76.703,,
6/16/2018 4:30,14.7854,76.703,,
6/16/2018 4:45,14.7811,76.703,,
6/16/2018 5:00,14.7811,76.703,,
6/16/2018 5:15,14.7789,76.703,,
6/16/2018 5:30,14.7767,76.703,,
6/16/2018 5:45,14.7811,76.703,,
6/16/2018 6:00,14.7811,76.703,,
6/16/2018 6:15,14.7854,76.703,,
6/16/2018 6:30,14.7876,76.703,,
6/16/2018 6:45,14.792,76.703,,
6/16/2018 7:00,14.7898,76.703,,
6/16/2018 7:15,14.7898,76.703,,
6/16/2018 7:30,14.7898,76.703,,
6/16/2018 7:45,14.7876,76.703,,
6/16/2018 8:00,14.7898,76.703,,
6/16/2018 8:15,14.7898,76.703,,
6/16/2018 8:30,14.792,76.703,,
6/16/2018 8:45,14.7946,76.876,,
6/16/2018 9:00,14.7989,76.876,,
6/16/2018 9:15,14.7989,76.876,,
6/16/2018 9:30,14.8015,77.05,,
6/16/2018 9:45,14.8081,77.05,,
6/16/2018 10:00,14.8168,77.05,,
6/16/2018 10:15,14.8346,77.225,,
6/16/2018 10:30,14.8303,77.225,,
6/16/2018 10:45,14.835,77.4,,
6/16/2018 11:00,14.8329,77.4,,
6/16/2018 11:15,14.8285,77.4,,
6/16/2018 11:30,14.8246,77.574,,
6/16/2018 11:45,14.816,77.574,,
6/16/2018 12:00,14.8095,77.574,,
6/16/2018 12:15,14.8043,78.098,,
6/16/2018 12:30,14.7983,78.274,,
6/16/2018 12:45,14.7923,78.449,,
6/16/2018 13:00,14.7883,78.624,,
6/16/2018 13:15,14.7824,78.8,,
6/16/2018 13:30,14.782,78.624,,
6/16/2018 13:45,14.777,78.449,,
6/16/2018 14:00,14.7727,78.449,,
6/16/2018 14:15,14.7676,78.975,,
6/16/2018 14:30,14.7654,78.975,,
6/16/2018 14:45,14.7632,78.975,,
6/16/2018 15:00,14.7611,78.975,,
6/16/2018 15:15,14.758,78.624,,
6/16/2018 15:30,14.7598,78.449,,
6/16/2018 15:45,14.7576,78.449,,
6/16/2018 16:00,14.7576,78.449,,
6/16/2018 16:15,14.7554,78.449,,
6/16/2018 16:30,14.755,78.274,,
6/16/2018 16:45,14.7609,78.098,,
6/16/2018 17:00,14.7609,78.098,,
6/16/2018 17:15,14.7648,77.923,,
6/16/2018 17:30,14.7692,77.923,,
6/16/2018 17:45,14.7688,77.749,,
6/16/2018 18:00,14.7688,77.749,,
6/16/2018 18:15,14.7683,77.574,,
6/16/2018 18:30,14.7725,77.574,,
6/16/2018 18:45,14.7769,77.574,,
6/16/2018 19:00,14.7764,77.4,,
6/16/2018 19:15,14.7786,77.4,,
6/16/2018 19:30,14.783,77.4,,
6/16/2018 19:45,14.7804,77.225,,
6/16/2018 20:00,14.7804,77.225,,
6/16/2018 20:15,14.7825,77.225,,
6/16/2018 20:30,14.7804,77.225,,
6/16/2018 20:45,14.7821,77.05,,
6/16/2018 21:00,14.7821,77.05,,
6/16/2018 21:15,14.7865,77.05,,
6/16/2018 21:30,14.7865,77.05,,
6/16/2018 21:45,14.7865,77.05,,
6/16/2018 22:00,14.7865,77.05,,
6/16/2018 22:15,14.7865,77.05,,
6/16/2018 22:30,14.7886,77.05,,
6/16/2018 22:45,15.0068,76.703,,
6/16/2018 23:00,14.978,76.528,,
6/16/2018 23:15,15.0166,76.354,,
6/16/2018 23:30,14.9711,76.354,,
6/16/2018 23:45,14.9364,76.354,,
6/17/2018 0:00,14.9099,76.181,,
6/17/2018 0:15,14.8844,76.354,,
6/17/2018 0:30,14.873,76.181,,
6/17/2018 0:45,14.8687,76.181,,
6/17/2018 1:00,14.8556,76.181,,
6/17/2018 1:15,14.8469,76.181,,
6/17/2018 1:30,14.8448,76.181,,
6/17/2018 1:45,14.8384,76.181,,
6/17/2018 2:00,14.834,76.181,,
6/17/2018 2:15,14.8297,76.181,,
6/17/2018 2:30,14.8249,76.006,,
6/17/2018 2:45,14.8227,76.006,,
6/17/2018 3:00,14.8334,76.006,,
6/17/2018 3:15,14.8704,76.006,,
6/17/2018 3:30,14.8596,76.006,,
6/17/2018 3:45,14.9068,75.832,,
6/17/2018 4:00,14.896,75.832,,
6/17/2018 4:15,14.8825,75.659,,
6/17/2018 4:30,14.9064,75.659,,
6/17/2018 4:45,14.9042,75.659,,
6/17/2018 5:00,14.8955,75.659,,
6/17/2018 5:15,14.8846,75.659,,
6/17/2018 5:30,14.8738,75.659,,
6/17/2018 5:45,14.8668,75.484,,
6/17/2018 6:00,14.8603,75.484,,
6/17/2018 6:15,14.8561,75.484,,
6/17/2018 6:30,14.85,75.659,,
6/17/2018 6:45,14.8456,75.659,,
6/17/2018 7:00,14.8456,75.659,,
6/17/2018 7:15,14.8435,75.659,,
6/17/2018 7:30,14.8435,75.659,,
6/17/2018 7:45,14.8435,75.659,,
6/17/2018 8:00,14.8413,75.659,,
6/17/2018 8:15,14.8439,75.832,,
6/17/2018 8:30,14.8417,75.832,,
6/17/2018 8:45,14.8421,76.006,,
6/17/2018 9:00,14.8421,76.006,,
6/17/2018 9:15,14.8384,76.181,,
6/17/2018 9:30,14.8362,76.181,,
6/17/2018 9:45,14.834,76.181,,
6/17/2018 10:00,14.8323,76.354,,
6/17/2018 10:15,14.8305,76.528,,
6/17/2018 10:30,14.8284,76.528,,
6/17/2018 10:45,14.8266,76.703,,
6/17/2018 11:00,14.8233,77.05,,
6/17/2018 11:15,14.8194,77.225,,
6/17/2018 11:30,14.8172,77.225,,
6/17/2018 11:45,14.8128,77.225,,
6/17/2018 12:00,14.8089,77.4,,
6/17/2018 12:15,14.8095,77.574,,
6/17/2018 12:30,14.8056,77.749,,
6/17/2018 12:45,14.8039,77.923,,
6/17/2018 13:00,14.8001,78.098,,
6/17/2018 13:15,14.7973,77.923,,
6/17/2018 13:30,14.794,78.274,,
6/17/2018 13:45,14.7923,78.449,,
6/17/2018 14:00,14.7901,78.449,,
6/17/2018 14:15,14.7896,78.274,,
6/17/2018 14:30,14.7857,78.449,,
6/17/2018 14:45,14.7857,78.449,,
6/17/2018 15:00,14.7831,78.274,,
6/17/2018 15:15,14.7827,78.098,,
6/17/2018 15:30,14.7805,78.098,,
6/17/2018 15:45,14.7822,77.923,,
6/17/2018 16:00,14.7834,77.574,,
6/17/2018 16:15,14.7812,77.574,,
6/17/2018 16:30,14.783,77.4,,
6/17/2018 16:45,14.7821,77.05,,
6/17/2018 17:00,14.7815,76.876,,
6/17/2018 17:15,14.7811,76.703,,
6/17/2018 17:30,14.7833,76.703,,
6/17/2018 17:45,14.7872,76.528,,
6/17/2018 18:00,14.7872,76.528,,
6/17/2018 18:15,14.7889,76.354,,
6/17/2018 18:30,14.7911,76.354,,
6/17/2018 18:45,14.7954,76.354,,
6/17/2018 19:00,14.795,76.181,,
6/17/2018 19:15,14.795,76.181,,
6/17/2018 19:30,14.795,76.181,,
6/17/2018 19:45,14.7992,76.181,,
6/17/2018 20:00,14.7992,76.181,,
6/17/2018 20:15,14.8014,76.181,,
6/17/2018 20:30,14.801,76.006,,
6/17/2018 20:45,14.8053,76.006,,
6/17/2018 21:00,14.8031,76.006,,
6/17/2018 21:15,14.8031,76.006,,
6/17/2018 21:30,14.801,76.006,,
6/17/2018 21:45,14.801,76.006,,
6/17/2018 22:00,14.8031,76.006,,
6/17/2018 22:15,14.8027,75.832,,
6/17/2018 22:30,14.8005,75.832,,
6/17/2018 22:45,14.8027,75.832,,
6/17/2018 23:00,14.7962,75.832,,
6/17/2018 23:15,14.7983,75.832,,
6/17/2018 23:30,14.7983,75.832,,
6/17/2018 23:45,14.7979,75.659,,
6/18/2018 0:00,14.7979,75.659,,
6/18/2018 0:15,14.7936,75.659,,
6/18/2018 0:30,14.7936,75.659,,
6/18/2018 0:45,14.7936,75.659,,
6/18/2018 1:00,14.7892,75.659,,
6/18/2018 1:15,14.7888,75.484,,
6/18/2018 1:30,14.7844,75.484,,
6/18/2018 1:45,14.7822,75.484,,
6/18/2018 2:00,14.7844,75.484,,
6/18/2018 2:15,14.7822,75.484,,
6/18/2018 2:30,14.7801,75.484,,
6/18/2018 2:45,14.7779,75.484,,
6/18/2018 3:00,14.7779,75.484,,
6/18/2018 3:15,14.7779,75.484,,
6/18/2018 3:30,14.7757,75.484,,
6/18/2018 3:45,14.7757,75.484,,
6/18/2018 4:00,14.7757,75.484,,
6/18/2018 4:15,14.7779,75.484,,
6/18/2018 4:30,14.7822,75.484,,
6/18/2018 4:45,14.7779,75.484,,
6/18/2018 5:00,14.7796,75.312,,
6/18/2018 5:15,14.7818,75.312,,
6/18/2018 5:30,14.7818,75.312,,
6/18/2018 5:45,14.784,75.312,,
6/18/2018 6:00,14.7862,75.312,,
6/18/2018 6:15,14.7862,75.312,,
6/18/2018 6:30,14.7883,75.312,,
6/18/2018 6:45,14.7923,75.139,,
6/18/2018 7:00,14.7944,75.139,,
6/18/2018 7:15,14.7944,75.139,,
6/18/2018 7:30,14.7944,75.139,,
6/18/2018 7:45,14.7986,75.139,,
6/18/2018 8:00,14.7986,75.139,,
6/18/2018 8:15,14.803,75.139,,
6/18/2018 8:30,14.8008,75.139,,
6/18/2018 8:45,14.8036,75.312,,
6/18/2018 9:00,14.8056,75.312,,
6/18/2018 9:15,14.804,75.484,,
6/18/2018 9:30,14.8044,75.659,,
6/18/2018 9:45,14.8049,75.832,,
6/18/2018 10:00,14.8049,75.832,,
6/18/2018 10:15,14.8053,76.006,,
6/18/2018 10:30,14.8057,76.181,,
6/18/2018 10:45,14.8014,76.181,,
6/18/2018 11:00,14.7981,76.528,,
6/18/2018 11:15,14.7946,76.876,,
6/18/2018 11:30,14.7928,77.05,,
6/18/2018 11:45,14.7891,77.225,,
6/18/2018 12:00,14.7873,77.4,,
6/18/2018 12:15,14.7838,77.749,,
6/18/2018 12:30,14.7805,78.098,,
6/18/2018 12:45,14.7814,78.449,,
6/18/2018 13:00,14.7792,78.449,,
6/18/2018 13:15,14.7754,78.624,,
6/18/2018 13:30,14.7719,78.975,,
6/18/2018 13:45,14.7702,79.151,,
6/18/2018 14:00,14.7686,79.326,,
6/18/2018 14:15,14.7647,79.502,,
6/18/2018 14:30,14.763,79.678,,
6/18/2018 14:45,14.7599,79.326,,
6/18/2018 15:00,14.7595,79.151,,
6/18/2018 15:15,14.7611,78.975,,
6/18/2018 15:30,14.7606,78.8,,
6/18/2018 15:45,14.7602,78.624,,
6/18/2018 16:00,14.7619,78.449,,
6/18/2018 16:15,14.7615,78.274,,
6/18/2018 16:30,14.7648,77.923,,
6/18/2018 16:45,14.764,77.574,,
6/18/2018 17:00,14.7656,77.4,,
6/18/2018 17:15,14.7651,77.225,,
6/18/2018 17:30,14.7695,77.225,,
6/18/2018 17:45,14.769,77.05,,
6/18/2018 18:00,14.7708,76.876,,
6/18/2018 18:15,14.7708,76.876,,
6/18/2018 18:30,14.7751,76.876,,
6/18/2018 18:45,14.7746,76.703,,
6/18/2018 19:00,14.7767,76.703,,
6/18/2018 19:15,14.7811,76.703,,
6/18/2018 19:30,14.7833,76.703,,
6/18/2018 19:45,14.7828,76.528,,
6/18/2018 20:00,14.785,76.528,,
6/18/2018 20:15,14.7872,76.528,,
6/18/2018 20:30,14.7894,76.528,,
6/18/2018 20:45,14.7894,76.528,,
6/18/2018 21:00,14.7894,76.528,,
6/18/2018 21:15,14.7889,76.354,,
6/18/2018 21:30,14.7889,76.354,,
6/18/2018 21:45,14.7911,76.354,,
6/18/2018 22:00,14.7911,76.354,,
6/18/2018 22:15,14.7867,76.354,,
6/18/2018 22:30,14.7889,76.354,,
6/18/2018 22:45,14.7867,76.354,,
6/18/2018 23:00,14.782,76.181,,
6/18/2018 23:15,14.782,76.181,,
6/18/2018 23:30,14.7798,76.181,,
6/18/2018 23:45,14.7798,76.181,,
6/19/2018 0:00,14.7815,76.006,,
6/19/2018 0:15,14.7793,76.006,,
6/19/2018 0:30,14.7793,76.006,,
6/19/2018 0:45,14.7772,76.006,,
6/19/2018 1:00,14.7789,75.832,,
6/19/2018 1:15,14.7767,75.832,,
6/19/2018 1:30,14.7746,75.832,,
6/19/2018 1:45,14.7746,75.832,,
6/19/2018 2:00,14.7746,75.832,,
6/19/2018 2:15,14.7724,75.832,,
6/19/2018 2:30,14.7746,75.832,,
6/19/2018 2:45,14.7719,75.659,,
6/19/2018 3:00,14.7676,75.659,,
6/19/2018 3:15,14.7654,75.659,,
6/19/2018 3:30,14.7632,75.659,,
6/19/2018 3:45,14.7654,75.659,,
6/19/2018 4:00,14.7672,75.484,,
6/19/2018 4:15,14.7672,75.484,,
6/19/2018 4:30,14.7714,75.484,,
6/19/2018 4:45,14.7714,75.484,,
6/19/2018 5:00,14.7714,75.484,,
6/19/2018 5:15,14.7714,75.484,,
6/19/2018 5:30,14.7731,75.312,,
6/19/2018 5:45,14.7753,75.312,,
6/19/2018 6:00,14.7731,75.312,,
6/19/2018 6:15,14.7753,75.312,,
6/19/2018 6:30,14.7775,75.312,,
6/19/2018 6:45,14.7818,75.312,,
6/19/2018 7:00,14.7814,75.139,,
6/19/2018 7:15,14.7836,75.139,,
6/19/2018 7:30,14.7857,75.139,,
6/19/2018 7:45,14.7857,75.139,,
6/19/2018 8:00,14.7901,75.139,,
6/19/2018 8:15,14.7879,75.139,,
6/19/2018 8:30,14.7923,75.139,,
6/19/2018 8:45,14.797,75.312,,
6/19/2018 9:00,14.797,75.312,,
6/19/2018 9:15,14.7997,75.484,,
6/19/2018 9:30,14.8005,75.832,,
6/19/2018 9:45,14.7988,76.006,,
6/19/2018 10:00,14.797,76.181,,
6/19/2018 10:15,14.7976,76.354,,
6/19/2018 10:30,14.7954,76.354,,
6/19/2018 10:45,14.7937,76.528,,
6/19/2018 11:00,14.7924,76.876,,
6/19/2018 11:15,14.788,76.876,,
6/19/2018 11:30,14.7859,76.876,,
6/19/2018 11:45,14.7821,77.05,,
6/19/2018 12:00,14.7808,77.4,,
6/19/2018 12:15,14.7791,77.574,,
6/19/2018 12:30,14.7775,77.749,,
6/19/2018 12:45,14.7747,77.574,,
6/19/2018 13:00,14.7709,77.749,,
6/19/2018 13:15,14.7704,77.574,,
6/19/2018 13:30,14.7666,77.749,,
6/19/2018 13:45,14.7657,78.274,,
6/19/2018 14:00,14.7589,78.975,,
6/19/2018 14:15,14.7569,78.975,,
6/19/2018 14:30,14.7569,78.975,,
6/19/2018 14:45,14.7532,78.449,,
6/19/2018 15:00,14.7518,77.923,,
6/19/2018 15:15,14.7544,78.098,,
6/19/2018 15:30,14.7496,77.923,,
6/19/2018 15:45,14.7522,78.098,,
6/19/2018 16:00,14.7566,78.098,,
6/19/2018 16:15,14.7544,78.098,,
6/19/2018 16:30,14.7561,77.923,,
6/19/2018 16:45,14.7553,77.574,,
6/19/2018 17:00,14.7522,77.225,,
6/19/2018 17:15,14.756,77.05,,
6/19/2018 17:30,14.7582,77.05,,
6/19/2018 17:45,14.7643,76.876,,
6/19/2018 18:00,14.7643,76.876,,
6/19/2018 18:15,14.7682,76.703,,
6/19/2018 18:30,14.7682,76.703,,
6/19/2018 18:45,14.7719,76.528,,
6/19/2018 19:00,14.7741,76.528,,
6/19/2018 19:15,14.7763,76.528,,
6/19/2018 19:30,14.778,76.354,,
6/19/2018 19:45,14.778,76.354,,
6/19/2018 20:00,14.7802,76.354,,
6/19/2018 20:15,14.7824,76.354,,
6/19/2018 20:30,14.7798,76.181,,
6/19/2018 20:45,14.7841,76.181,,
6/19/2018 21:00,14.782,76.181,,
6/19/2018 21:15,14.7841,76.181,,
6/19/2018 21:30,14.7863,76.181,,
6/19/2018 21:45,14.7907,76.181,,
6/19/2018 22:00,14.7901,76.006,,
6/19/2018 22:15,14.7901,76.006,,
6/19/2018 22:30,14.7879,76.006,,
6/19/2018 22:45,14.7859,76.006,,
6/19/2018 23:00,14.7859,76.006,,
6/19/2018 23:15,14.7837,76.006,,
6/19/2018 23:30,14.7815,76.006,,
6/19/2018 23:45,14.7809,75.832,,
6/20/2018 0:00,14.7809,75.832,,
6/20/2018 0:15,14.7831,75.832,,
6/20/2018 0:30,14.7809,75.832,,
6/20/2018 0:45,14.7831,75.832,,
6/20/2018 1:00,14.7789,75.832,,
6/20/2018 1:15,14.7746,75.832,,
6/20/2018 1:30,14.7793,76.006,,
6/20/2018 1:45,14.7923,76.006,,
6/20/2018 2:00,14.7923,76.006,,
6/20/2018 2:15,14.7966,76.006,,
6/20/2018 2:30,14.7901,76.006,,
6/20/2018 2:45,14.7837,76.006,,
6/20/2018 3:00,14.7793,76.006,,
6/20/2018 3:15,14.7772,76.006,,
6/20/2018 3:30,14.7702,75.832,,
6/20/2018 3:45,14.768,75.832,,
6/20/2018 4:00,14.7659,75.832,,
6/20/2018 4:15,14.7654,75.659,,
6/20/2018 4:30,14.7654,75.659,,
6/20/2018 4:45,14.7654,75.659,,
6/20/2018 5:00,14.7676,75.659,,
6/20/2018 5:15,14.7676,75.659,,
6/20/2018 5:30,14.7698,75.659,,
6/20/2018 5:45,14.7672,75.484,,
6/20/2018 6:00,14.765,75.484,,
6/20/2018 6:15,14.7672,75.484,,
6/20/2018 6:30,14.7672,75.484,,
6/20/2018 6:45,14.7672,75.484,,
6/20/2018 7:00,14.7692,75.484,,
6/20/2018 7:15,14.7672,75.484,,
6/20/2018 7:30,14.7672,75.484,,
6/20/2018 7:45,14.7698,75.659,,
6/20/2018 8:00,14.7719,75.659,,
6/20/2018 8:15,14.7741,75.659,,
6/20/2018 8:30,14.7724,75.832,,
6/20/2018 8:45,14.7746,75.832,,
6/20/2018 9:00,14.7746,75.832,,
6/20/2018 9:15,14.775,76.006,,
6/20/2018 9:30,14.7776,76.181,,
6/20/2018 9:45,14.7737,76.354,,
6/20/2018 10:00,14.7741,76.528,,
6/20/2018 10:15,14.7719,76.528,,
6/20/2018 10:30,14.7704,76.703,,
6/20/2018 10:45,14.769,77.05,,
6/20/2018 11:00,14.7656,77.4,,
6/20/2018 11:15,14.7666,77.749,,
6/20/2018 11:30,14.7648,77.923,,
6/20/2018 11:45,14.7627,77.923,,
6/20/2018 12:00,14.7583,77.923,,
6/20/2018 12:15,14.7544,78.098,,
6/20/2018 12:30,14.7528,78.274,,
6/20/2018 12:45,14.7515,78.624,,
6/20/2018 13:00,14.746,78.975,,
6/20/2018 13:15,14.7464,79.151,,
6/20/2018 13:30,14.7447,79.326,,
6/20/2018 13:45,14.7421,79.151,,
6/20/2018 14:00,14.7355,79.151,,
6/20/2018 14:15,14.7351,78.975,,
6/20/2018 14:30,14.7296,79.326,,
6/20/2018 14:45,14.7308,78.975,,
6/20/2018 15:00,14.7303,78.8,,
6/20/2018 15:15,14.7281,78.8,,
6/20/2018 15:30,14.7286,78.975,,
6/20/2018 15:45,14.7308,78.975,,
6/20/2018 16:00,14.7325,78.8,,
6/20/2018 16:15,14.7293,78.449,,
6/20/2018 16:30,14.731,78.274,,
6/20/2018 16:45,14.7306,78.098,,
6/20/2018 17:00,14.7302,77.923,,
6/20/2018 17:15,14.7324,77.923,,
6/20/2018 17:30,14.7319,77.749,,
6/20/2018 17:45,14.7335,77.574,,
6/20/2018 18:00,14.7357,77.574,,
6/20/2018 18:15,14.7353,77.4,,
6/20/2018 18:30,14.7418,77.4,,
6/20/2018 18:45,14.7418,77.4,,
6/20/2018 19:00,14.7413,77.225,,
6/20/2018 19:15,14.7457,77.225,,
6/20/2018 19:30,14.7479,77.225,,
6/20/2018 19:45,14.7457,77.225,,
6/20/2018 20:00,14.7479,77.225,,
6/20/2018 20:15,14.7495,77.05,,
6/20/2018 20:30,14.7516,77.05,,
6/20/2018 20:45,14.7495,77.05,,
6/20/2018 21:00,14.7512,76.876,,
6/20/2018 21:15,14.7556,76.876,,
6/20/2018 21:30,14.7534,76.876,,
6/20/2018 21:45,14.749,76.876,,
6/20/2018 22:00,14.7512,76.876,,
6/20/2018 22:15,14.7508,76.703,,
6/20/2018 22:30,14.7486,76.703,,
6/20/2018 22:45,14.7442,76.703,,
6/20/2018 23:00,14.7442,76.703,,
6/20/2018 23:15,14.7421,76.703,,
6/20/2018 23:30,14.7421,76.703,,
6/20/2018 23:45,14.7377,76.703,,
6/21/2018 0:00,14.7377,76.703,,
6/21/2018 0:15,14.7373,76.528,,
6/21/2018 0:30,14.7351,76.528,,
6/21/2018 0:45,14.7329,76.528,,
6/21/2018 1:00,14.7329,76.528,,
6/21/2018 1:15,14.7308,76.528,,
6/21/2018 1:30,14.7303,76.354,,
6/21/2018 1:45,14.7281,76.354,,
6/21/2018 2:00,14.7281,76.354,,
6/21/2018 2:15,14.7281,76.354,,
6/21/2018 2:30,14.7281,76.354,,
6/21/2018 2:45,14.726,76.354,,
6/21/2018 3:00,14.726,76.354,,
6/21/2018 3:15,14.7255,76.181,,
6/21/2018 3:30,14.7234,76.181,,
6/21/2018 3:45,14.7212,76.181,,
6/21/2018 4:00,14.7234,76.181,,
6/21/2018 4:15,14.7255,76.181,,
6/21/2018 4:30,14.7255,76.181,,
6/21/2018 4:45,14.7277,76.181,,
6/21/2018 5:00,14.7273,76.006,,
6/21/2018 5:15,14.7295,76.006,,
6/21/2018 5:30,14.7273,76.006,,
6/21/2018 5:45,14.7273,76.006,,
6/21/2018 6:00,14.7295,76.006,,
6/21/2018 6:15,14.7334,75.832,,
6/21/2018 6:30,14.7334,75.832,,
6/21/2018 6:45,14.7377,75.832,,
6/21/2018 7:00,14.7398,75.832,,
6/21/2018 7:15,14.7398,75.832,,
6/21/2018 7:30,14.7398,75.832,,
6/21/2018 7:45,14.7419,75.832,,
6/21/2018 8:00,14.7441,75.832,,
6/21/2018 8:15,14.7441,75.832,,
6/21/2018 8:30,14.7463,75.832,,
6/21/2018 8:45,14.7467,76.006,,
6/21/2018 9:00,14.7511,76.006,,
6/21/2018 9:15,14.7495,76.181,,
6/21/2018 9:30,14.7499,76.354,,
6/21/2018 9:45,14.7503,76.528,,
6/21/2018 10:00,14.749,76.876,,
6/21/2018 10:15,14.7473,77.05,,
6/21/2018 10:30,14.7461,77.4,,
6/21/2018 10:45,14.7492,77.749,,
6/21/2018 11:00,14.7458,78.098,,
6/21/2018 11:15,14.7424,78.449,,
6/21/2018 11:30,14.7412,78.8,,
6/21/2018 11:45,14.7399,79.151,,
6/21/2018 12:00,14.7355,79.151,,
6/21/2018 12:15,14.73,79.502,,
6/21/2018 12:30,14.7326,79.678,,
6/21/2018 12:45,14.7313,80.029,,
6/21/2018 13:00,14.7293,80.029,,
6/21/2018 13:15,14.7244,79.853,,
6/21/2018 13:30,14.7232,80.206,,
6/21/2018 13:45,14.7247,80.735,,
6/21/2018 14:00,14.719,81.09,,
6/21/2018 14:15,14.7168,81.09,,
6/21/2018 14:30,14.7174,81.266,,
6/21/2018 14:45,14.7168,81.09,,
6/21/2018 15:00,14.7142,80.911,,
6/21/2018 15:15,14.712,80.911,,
6/21/2018 15:30,14.7116,80.735,,
6/21/2018 15:45,14.7112,80.559,,
6/21/2018 16:00,14.7163,80.029,,
6/21/2018 16:15,14.7163,80.029,,
6/21/2018 16:30,14.7192,79.502,,
6/21/2018 16:45,14.7199,78.975,,
6/21/2018 17:00,14.7216,78.8,,
6/21/2018 17:15,14.725,78.449,,
6/21/2018 17:30,14.7245,78.274,,
6/21/2018 17:45,14.7263,78.098,,
6/21/2018 18:00,14.7306,78.098,,
6/21/2018 18:15,14.7324,77.923,,
6/21/2018 18:30,14.7345,77.923,,
6/21/2018 18:45,14.7361,77.749,,
6/21/2018 19:00,14.7361,77.749,,
6/21/2018 19:15,14.7405,77.749,,
6/21/2018 19:30,14.7422,77.574,,
6/21/2018 19:45,14.7444,77.574,,
6/21/2018 20:00,14.7487,77.574,,
6/21/2018 20:15,14.7487,77.574,,
6/21/2018 20:30,14.7483,77.4,,
6/21/2018 20:45,14.7483,77.4,,
6/21/2018 21:00,14.7505,77.4,,
6/21/2018 21:15,14.7527,77.4,,
6/21/2018 21:30,14.757,77.4,,
6/21/2018 21:45,14.757,77.4,,
6/21/2018 22:00,14.7548,77.4,,
6/21/2018 22:15,14.7543,77.225,,
6/21/2018 22:30,14.7522,77.225,,
6/21/2018 22:45,14.7543,77.225,,
6/21/2018 23:00,14.7538,77.05,,
6/21/2018 23:15,14.7538,77.05,,
6/21/2018 23:30,14.7495,77.05,,
6/21/2018 23:45,14.7516,77.05,,
6/22/2018 0:00,14.7473,77.05,,
6/22/2018 0:15,14.749,76.876,,
6/22/2018 0:30,14.749,76.876,,
6/22/2018 0:45,14.7469,76.876,,
6/22/2018 1:00,14.7447,76.876,,
6/22/2018 1:15,14.7425,76.876,,
6/22/2018 1:30,14.7399,76.703,,
6/22/2018 1:45,14.7377,76.703,,
6/22/2018 2:00,14.7355,76.703,,
6/22/2018 2:15,14.7355,76.703,,
6/22/2018 2:30,14.7329,76.528,,
6/22/2018 2:45,14.7329,76.528,,
6/22/2018 3:00,14.7308,76.528,,
6/22/2018 3:15,14.7286,76.528,,
6/22/2018 3:30,14.7286,76.528,,
6/22/2018 3:45,14.7264,76.528,,
6/22/2018 4:00,14.726,76.354,,
6/22/2018 4:15,14.7281,76.354,,
6/22/2018 4:30,14.7281,76.354,,
6/22/2018 4:45,14.7281,76.354,,
6/22/2018 5:00,14.7303,76.354,,
6/22/2018 5:15,14.7303,76.354,,
6/22/2018 5:30,14.7347,76.354,,
6/22/2018 5:45,14.7368,76.354,,
6/22/2018 6:00,14.7412,76.354,,
6/22/2018 6:15,14.7412,76.354,,
6/22/2018 6:30,14.7456,76.354,,
6/22/2018 6:45,14.7456,76.354,,
6/22/2018 7:00,14.7543,76.354,,
6/22/2018 7:15,14.7543,76.354,,
6/22/2018 7:30,14.7564,76.354,,
6/22/2018 7:45,14.759,76.528,,
6/22/2018 8:00,14.7634,76.528,,
6/22/2018 8:15,14.7704,76.703,,
6/22/2018 8:30,14.7789,76.703,,
6/22/2018 8:45,14.7815,76.876,,
6/22/2018 9:00,14.7837,76.876,,
6/22/2018 9:15,14.7821,77.05,,
6/22/2018 9:30,14.7821,77.05,,
6/22/2018 9:45,14.795,77.05,,
6/22/2018 10:00,14.7972,77.05,,
6/22/2018 10:15,14.7978,77.225,,
6/22/2018 10:30,14.7978,77.225,,
6/22/2018 10:45,14.7956,77.225,,
6/22/2018 11:00,14.796,77.4,,
6/22/2018 11:15,14.7943,77.574,,
6/22/2018 11:30,14.7856,77.574,,
6/22/2018 11:45,14.7838,77.749,,
6/22/2018 12:00,14.7796,77.749,,
6/22/2018 12:15,14.7731,77.749,,
6/22/2018 12:30,14.7709,77.749,,
6/22/2018 12:45,14.7622,77.749,,
6/22/2018 13:00,14.7605,77.923,,
6/22/2018 13:15,14.7544,78.098,,
6/22/2018 13:30,14.7506,78.274,,
6/22/2018 13:45,14.7485,78.274,,
6/22/2018 14:00,14.7463,78.274,,
6/22/2018 14:15,14.7419,78.274,,
6/22/2018 14:30,14.7398,78.274,,
6/22/2018 14:45,14.7376,78.274,,
6/22/2018 15:00,14.7354,78.274,,
6/22/2018 15:15,14.7342,78.624,,
6/22/2018 15:30,14.7325,78.8,,
6/22/2018 15:45,14.7347,78.8,,
6/22/2018 16:00,14.7329,78.975,,
6/22/2018 16:15,14.7281,78.8,,
6/22/2018 16:30,14.7281,78.8,,
6/22/2018 16:45,14.7299,78.624,,
6/22/2018 17:00,14.7289,78.274,,
6/22/2018 17:15,14.731,78.274,,
6/22/2018 17:30,14.735,78.098,,
6/22/2018 17:45,14.7367,77.923,,
6/22/2018 18:00,14.7383,77.749,,
6/22/2018 18:15,14.7383,77.749,,
6/22/2018 18:30,14.7379,77.574,,
6/22/2018 18:45,14.7379,77.574,,
6/22/2018 19:00,14.7396,77.4,,
6/22/2018 19:15,14.7461,77.4,,
6/22/2018 19:30,14.7505,77.4,,
6/22/2018 19:45,14.7522,77.225,,
6/22/2018 20:00,14.7522,77.225,,
6/22/2018 20:15,14.7522,77.225,,
6/22/2018 20:30,14.7582,77.05,,
6/22/2018 20:45,14.7582,77.05,,
6/22/2018 21:00,14.7582,77.05,,
6/22/2018 21:15,14.7603,77.05,,
6/22/2018 21:30,14.7603,77.05,,
6/22/2018 21:45,14.7599,76.876,,
6/22/2018 22:00,14.7599,76.876,,
6/22/2018 22:15,14.7621,76.876,,
6/22/2018 22:30,14.7599,76.876,,
6/22/2018 22:45,14.7599,76.876,,
6/22/2018 23:00,14.7573,76.703,,
6/22/2018 23:15,14.7551,76.703,,
6/22/2018 23:30,14.7551,76.703,,
6/22/2018 23:45,14.7508,76.703,,
6/23/2018 0:00,14.7508,76.703,,
6/23/2018 0:15,14.7482,76.528,,
6/23/2018 0:30,14.7503,76.528,,
6/23/2018 0:45,14.7482,76.528,,
6/23/2018 1:00,14.7438,76.528,,
6/23/2018 1:15,14.7434,76.354,,
6/23/2018 1:30,14.7412,76.354,,
6/23/2018 1:45,14.7412,76.354,,
6/23/2018 2:00,14.739,76.354,,
6/23/2018 2:15,14.739,76.354,,
6/23/2018 2:30,14.739,76.354,,
6/23/2018 2:45,14.7368,76.354,,
6/23/2018 3:00,14.7368,76.354,,
6/23/2018 3:15,14.7347,76.354,,
6/23/2018 3:30,14.7321,76.181,,
6/23/2018 3:45,14.7342,76.181,,
6/23/2018 4:00,14.7342,76.181,,
6/23/2018 4:15,14.7386,76.181,,
6/23/2018 4:30,14.7429,76.181,,
6/23/2018 4:45,14.7473,76.181,,
6/23/2018 5:00,14.7511,76.006,,
6/23/2018 5:15,14.7576,76.006,,
6/23/2018 5:30,14.7576,76.006,,
6/23/2018 5:45,14.7598,76.006,,
6/23/2018 6:00,14.7593,75.832,,
6/23/2018 6:15,14.7615,75.832,,
6/23/2018 6:30,14.7615,75.832,,
6/23/2018 6:45,14.7659,75.832,,
6/23/2018 7:00,14.7659,75.832,,
6/23/2018 7:15,14.7659,75.832,,
6/23/2018 7:30,14.768,75.832,,
6/23/2018 7:45,14.7702,75.832,,
6/23/2018 8:00,14.7724,75.832,,
6/23/2018 8:15,14.7746,75.832,,
6/23/2018 8:30,14.7746,75.832,,
6/23/2018 8:45,14.7746,75.832,,
6/23/2018 9:00,14.7772,76.006,,
6/23/2018 9:15,14.7776,76.181,,
6/23/2018 9:30,14.7802,76.354,,
6/23/2018 9:45,14.7763,76.528,,
6/23/2018 10:00,14.7746,76.703,,
6/23/2018 10:15,14.7756,77.05,,
6/23/2018 10:30,14.7738,77.225,,
6/23/2018 10:45,14.7747,77.574,,
6/23/2018 11:00,14.7714,77.923,,
6/23/2018 11:15,14.7679,78.274,,
6/23/2018 11:30,14.7685,78.449,,
6/23/2018 11:45,14.7624,78.624,,
6/23/2018 12:00,14.7593,78.274,,
6/23/2018 12:15,14.7588,78.098,,
6/23/2018 12:30,14.7588,78.098,,
6/23/2018 12:45,14.7576,78.449,,
6/23/2018 13:00,14.7532,78.449,,
6/23/2018 13:15,14.7519,78.8,,
6/23/2018 13:30,14.7479,79.678,,
6/23/2018 13:45,14.7428,80.206,,
6/23/2018 14:00,14.7419,80.735,,
6/23/2018 14:15,14.7398,80.735,,
6/23/2018 14:30,14.7364,81.09,,
6/23/2018 14:45,14.7342,81.09,,
6/23/2018 15:00,14.7331,81.442,,
6/23/2018 15:15,14.7309,81.442,,
6/23/2018 15:30,14.7281,81.266,,
6/23/2018 15:45,14.7277,81.09,,
6/23/2018 16:00,14.7268,80.735,,
6/23/2018 16:15,14.7319,80.206,,
6/23/2018 16:30,14.7322,79.502,,
6/23/2018 16:45,14.7312,79.151,,
6/23/2018 17:00,14.7325,78.8,,
6/23/2018 17:15,14.7347,78.8,,
6/23/2018 17:30,14.7368,78.8,,
6/23/2018 17:45,14.7363,78.624,,
6/23/2018 18:00,14.738,78.449,,
6/23/2018 18:15,14.7419,78.274,,
6/23/2018 18:30,14.748,78.098,,
6/23/2018 18:45,14.7474,77.923,,
6/23/2018 19:00,14.7496,77.923,,
6/23/2018 19:15,14.7514,77.749,,
6/23/2018 19:30,14.7531,77.574,,
6/23/2018 19:45,14.7531,77.574,,
6/23/2018 20:00,14.7527,77.4,,
6/23/2018 20:15,14.757,77.4,,
6/23/2018 20:30,14.7592,77.4,,
6/23/2018 20:45,14.7586,77.225,,
6/23/2018 21:00,14.7608,77.225,,
6/23/2018 21:15,14.7625,77.05,,
6/23/2018 21:30,14.7603,77.05,,
6/23/2018 21:45,14.7625,77.05,,
6/23/2018 22:00,14.7577,76.876,,
6/23/2018 22:15,14.7599,76.876,,
6/23/2018 22:30,14.7621,76.876,,
6/23/2018 22:45,14.7638,76.703,,
6/23/2018 23:00,14.7617,76.703,,
6/23/2018 23:15,14.7638,76.703,,
6/23/2018 23:30,14.7617,76.703,,
6/23/2018 23:45,14.7634,76.528,,
6/24/2018 0:00,14.7612,76.528,,
6/24/2018 0:15,14.7612,76.528,,
6/24/2018 0:30,14.7612,76.528,,
6/24/2018 0:45,14.7634,76.528,,
6/24/2018 1:00,14.759,76.528,,
6/24/2018 1:15,14.7585,76.354,,
6/24/2018 1:30,14.7585,76.354,,
6/24/2018 1:45,14.7564,76.354,,
6/24/2018 2:00,14.7543,76.354,,
6/24/2018 2:15,14.7521,76.354,,
6/24/2018 2:30,14.7515,76.181,,
6/24/2018 2:45,14.7473,76.181,,
6/24/2018 3:00,14.7473,76.181,,
6/24/2018 3:15,14.7451,76.181,,
6/24/2018 3:30,14.7403,76.006,,
6/24/2018 3:45,14.7382,76.006,,
6/24/2018 4:00,14.7403,76.006,,
6/24/2018 4:15,14.7403,76.006,,
6/24/2018 4:30,14.7382,76.006,,
6/24/2018 4:45,14.7398,75.832,,
6/24/2018 5:00,14.7398,75.832,,
6/24/2018 5:15,14.7419,75.832,,
6/24/2018 5:30,14.7441,75.832,,
6/24/2018 5:45,14.7441,75.832,,
6/24/2018 6:00,14.7441,75.832,,
6/24/2018 6:15,14.7441,75.832,,
6/24/2018 6:30,14.7463,75.832,,
6/24/2018 6:45,14.7458,75.659,,
6/24/2018 7:00,14.7485,75.832,,
6/24/2018 7:15,14.7528,75.832,,
6/24/2018 7:30,14.7528,75.832,,
6/24/2018 7:45,14.7528,75.832,,
6/24/2018 8:00,14.7572,75.832,,
6/24/2018 8:15,14.7593,75.832,,
6/24/2018 8:30,14.7593,75.832,,
6/24/2018 8:45,14.7593,75.832,,
6/24/2018 9:00,14.7619,76.006,,
6/24/2018 9:15,14.7646,76.181,,
6/24/2018 9:30,14.7646,76.181,,
6/24/2018 9:45,14.7672,76.354,,
6/24/2018 10:00,14.7638,76.703,,
6/24/2018 10:15,14.7647,77.05,,
6/24/2018 10:30,14.7656,77.4,,
6/24/2018 10:45,14.7612,77.4,,
6/24/2018 11:00,14.7596,77.574,,
6/24/2018 11:15,14.7601,77.749,,
6/24/2018 11:30,14.7596,77.574,,
6/24/2018 11:45,14.757,77.4,,
6/24/2018 12:00,14.7527,77.4,,
6/24/2018 12:15,14.7527,77.4,,
6/24/2018 12:30,14.7487,77.574,,
6/24/2018 12:45,14.7466,77.574,,
6/24/2018 13:00,14.7466,77.574,,
6/24/2018 13:15,14.744,77.4,,
6/24/2018 13:30,14.7396,77.4,,
6/24/2018 13:45,14.7374,77.4,,
6/24/2018 14:00,14.7353,77.4,,
6/24/2018 14:15,14.7313,77.574,,
6/24/2018 14:30,14.7313,77.574,,
6/24/2018 14:45,14.7309,77.4,,
6/24/2018 15:00,14.7287,77.4,,
6/24/2018 15:15,14.7287,77.4,,
6/24/2018 15:30,14.7266,77.4,,
6/24/2018 15:45,14.727,77.574,,
6/24/2018 16:00,14.7287,77.4,,
6/24/2018 16:15,14.7287,77.4,,
6/24/2018 16:30,14.7287,77.4,,
6/24/2018 16:45,14.7287,77.4,,
6/24/2018 17:00,14.7326,77.225,,
6/24/2018 17:15,14.7344,77.05,,
6/24/2018 17:30,14.7387,77.05,,
6/24/2018 17:45,14.7409,77.05,,
6/24/2018 18:00,14.7451,77.05,,
6/24/2018 18:15,14.7447,76.876,,
6/24/2018 18:30,14.7469,76.876,,
6/24/2018 18:45,14.7469,76.876,,
6/24/2018 19:00,14.7512,76.876,,
6/24/2018 19:15,14.7529,76.703,,
6/24/2018 19:30,14.7573,76.703,,
6/24/2018 19:45,14.7573,76.703,,
6/24/2018 20:00,14.7595,76.703,,
6/24/2018 20:15,14.759,76.528,,
6/24/2018 20:30,14.7612,76.528,,
6/24/2018 20:45,14.7612,76.528,,
6/24/2018 21:00,14.7656,76.528,,
6/24/2018 21:15,14.7634,76.528,,
6/24/2018 21:30,14.7612,76.528,,
6/24/2018 21:45,14.7612,76.528,,
6/24/2018 22:00,14.7628,76.354,,
6/24/2018 22:15,14.7606,76.354,,
6/24/2018 22:30,14.7585,76.354,,
6/24/2018 22:45,14.7564,76.354,,
6/24/2018 23:00,14.7606,76.354,,
6/24/2018 23:15,14.7585,76.354,,
6/24/2018 23:30,14.7564,76.354,,
6/24/2018 23:45,14.7564,76.354,,
6/25/2018 0:00,14.7543,76.354,,
6/25/2018 0:15,14.7537,76.181,,
6/25/2018 0:30,14.7515,76.181,,
6/25/2018 0:45,14.7495,76.181,,
6/25/2018 1:00,14.7473,76.181,,
6/25/2018 1:15,14.7473,76.181,,
6/25/2018 1:30,14.7429,76.181,,
6/25/2018 1:45,14.7429,76.181,,
6/25/2018 2:00,14.7386,76.181,,
6/25/2018 2:15,14.7382,76.006,,
6/25/2018 2:30,14.7382,76.006,,
6/25/2018 2:45,14.736,76.006,,
6/25/2018 3:00,14.7316,76.006,,
6/25/2018 3:15,14.7316,76.006,,
6/25/2018 3:30,14.7295,76.006,,
6/25/2018 3:45,14.7268,75.832,,
6/25/2018 4:00,14.7203,75.832,,
6/25/2018 4:15,14.7225,75.832,,
6/25/2018 4:30,14.7225,75.832,,
6/25/2018 4:45,14.7225,75.832,,
6/25/2018 5:00,14.7247,75.832,,
6/25/2018 5:15,14.7286,75.659,,
6/25/2018 5:30,14.7286,75.659,,
6/25/2018 5:45,14.7286,75.659,,
6/25/2018 6:00,14.7308,75.659,,
6/25/2018 6:15,14.735,75.659,,
6/25/2018 6:30,14.735,75.659,,
6/25/2018 6:45,14.7393,75.659,,
6/25/2018 7:00,14.7371,75.659,,
6/25/2018 7:15,14.7415,75.659,,
6/25/2018 7:30,14.7415,75.659,,
6/25/2018 7:45,14.748,75.659,,
6/25/2018 8:00,14.7502,75.659,,
6/25/2018 8:15,14.7502,75.659,,
6/25/2018 8:30,14.7502,75.659,,
6/25/2018 8:45,14.7524,75.659,,
6/25/2018 9:00,14.7506,75.832,,
6/25/2018 9:15,14.7511,76.006,,
6/25/2018 9:30,14.7499,76.354,,
6/25/2018 9:45,14.7482,76.528,,
6/25/2018 10:00,14.7469,76.876,,
6/25/2018 10:15,14.7473,77.05,,
6/25/2018 10:30,14.7457,77.225,,
6/25/2018 10:45,14.7466,77.574,,
6/25/2018 11:00,14.7453,77.923,,
6/25/2018 11:15,14.7437,78.098,,
6/25/2018 11:30,14.7431,77.923,,
6/25/2018 11:45,14.7398,78.274,,
6/25/2018 12:00,14.7368,78.8,,
6/25/2018 12:15,14.7312,79.151,,
6/25/2018 12:30,14.7279,79.502,,
6/25/2018 12:45,14.7283,79.678,,
6/25/2018 13:00,14.725,80.029,,
6/25/2018 13:15,14.7199,80.559,,
6/25/2018 13:30,14.716,80.735,,
6/25/2018 13:45,14.7142,80.911,,
6/25/2018 14:00,14.7105,81.09,,
6/25/2018 14:15,14.7083,81.09,,
6/25/2018 14:30,14.7039,81.09,,
6/25/2018 14:45,14.7012,80.911,,
6/25/2018 15:00,14.7007,80.735,,
6/25/2018 15:15,14.7029,80.735,,
6/25/2018 15:30,14.701,80.029,,
6/25/2018 15:45,14.7013,79.326,,
6/25/2018 16:00,14.7031,79.151,,
6/25/2018 16:15,14.7035,79.326,,
6/25/2018 16:30,14.7026,78.975,,
6/25/2018 16:45,14.7038,78.624,,
6/25/2018 17:00,14.7025,78.098,,
6/25/2018 17:15,14.7036,77.749,,
6/25/2018 17:30,14.7076,77.574,,
6/25/2018 17:45,14.7115,77.4,,
6/25/2018 18:00,14.7131,77.225,,
6/25/2018 18:15,14.7131,77.225,,
6/25/2018 18:30,14.7148,77.05,,
6/25/2018 18:45,14.717,77.05,,
6/25/2018 19:00,14.7187,76.876,,
6/25/2018 19:15,14.7187,76.876,,
6/25/2018 19:30,14.7183,76.703,,
6/25/2018 19:45,14.7205,76.703,,
6/25/2018 20:00,14.7226,76.703,,
6/25/2018 20:15,14.7242,76.528,,
6/25/2018 20:30,14.7264,76.528,,
6/25/2018 20:45,14.7264,76.528,,
6/25/2018 21:00,14.7286,76.528,,
6/25/2018 21:15,14.7308,76.528,,
6/25/2018 21:30,14.7329,76.528,,
6/25/2018 21:45,14.7308,76.528,,
6/25/2018 22:00,14.7325,76.354,,
6/25/2018 22:15,14.7325,76.354,,
6/25/2018 22:30,14.7303,76.354,,
6/25/2018 22:45,14.7277,76.181,,
6/25/2018 23:00,14.7277,76.181,,
6/25/2018 23:15,14.7299,76.181,,
6/25/2018 23:30,14.7273,76.006,,
6/25/2018 23:45,14.7251,76.006,,
6/26/2018 0:00,14.7268,75.832,,
6/26/2018 0:15,14.7247,75.832,,
6/26/2018 0:30,14.7264,75.659,,
6/26/2018 0:45,14.7264,75.659,,
6/26/2018 1:00,14.7194,75.484,,
6/26/2018 1:15,14.7216,75.484,,
6/26/2018 1:30,14.719,75.312,,
6/26/2018 1:45,14.7168,75.312,,
6/26/2018 2:00,14.7142,75.139,,
6/26/2018 2:15,14.7142,75.139,,
6/26/2018 2:30,14.712,75.139,,
6/26/2018 2:45,14.7136,74.964,,
6/26/2018 3:00,14.7158,74.964,,
6/26/2018 3:15,14.711,74.791,,
6/26/2018 3:30,14.711,74.791,,
6/26/2018 3:45,14.7089,74.791,,
6/26/2018 4:00,14.7084,74.619,,
6/26/2018 4:15,14.7062,74.619,,
6/26/2018 4:30,14.7084,74.619,,
6/26/2018 4:45,14.7102,74.446,,
6/26/2018 5:00,14.7102,74.446,,
6/26/2018 5:15,14.7123,74.446,,
6/26/2018 5:30,14.7102,74.446,,
6/26/2018 5:45,14.7119,74.271,,
6/26/2018 6:00,14.7119,74.271,,
6/26/2018 6:15,14.7141,74.271,,
6/26/2018 6:30,14.7163,74.271,,
6/26/2018 6:45,14.718,74.098,,
6/26/2018 7:00,14.718,74.098,,
6/26/2018 7:15,14.718,74.098,,
6/26/2018 7:30,14.7223,74.098,,
6/26/2018 7:45,14.7223,74.098,,
6/26/2018 8:00,14.7245,74.098,,
6/26/2018 8:15,14.7245,74.098,,
6/26/2018 8:30,14.7287,74.098,,
6/26/2018 8:45,14.7309,74.098,,
6/26/2018 9:00,14.7315,74.271,,
6/26/2018 9:15,14.7341,74.446,,
6/26/2018 9:30,14.7345,74.619,,
6/26/2018 9:45,14.7376,74.964,,
6/26/2018 10:00,14.7337,75.139,,
6/26/2018 10:15,14.7324,75.484,,
6/26/2018 10:30,14.7328,75.659,,
6/26/2018 10:45,14.7338,76.006,,
6/26/2018 11:00,14.7308,76.528,,
6/26/2018 11:15,14.73,77.05,,
6/26/2018 11:30,14.7266,77.4,,
6/26/2018 11:45,14.7232,77.749,,
6/26/2018 12:00,14.7232,77.749,,
6/26/2018 12:15,14.7171,77.923,,
6/26/2018 12:30,14.7123,77.749,,
6/26/2018 12:45,14.7138,78.274,,
6/26/2018 13:00,14.7081,78.624,,
6/26/2018 13:15,14.709,78.975,,
6/26/2018 13:30,14.7061,79.502,,
6/26/2018 13:45,14.7045,79.678,,
6/26/2018 14:00,14.701,80.029,,
6/26/2018 14:15,14.6984,79.853,,
6/26/2018 14:30,14.6945,80.029,,
6/26/2018 14:45,14.6919,79.853,,
6/26/2018 15:00,14.6919,79.853,,
6/26/2018 15:15,14.6897,79.853,,
6/26/2018 15:30,14.6867,79.502,,
6/26/2018 15:45,14.6871,79.678,,
6/26/2018 16:00,14.6883,79.326,,
6/26/2018 16:15,14.6852,78.975,,
6/26/2018 16:30,14.6865,78.624,,
6/26/2018 16:45,14.6894,78.098,,
6/26/2018 17:00,14.6936,77.225,,
6/26/2018 17:15,14.697,76.876,,
6/26/2018 17:30,14.6961,76.528,,
6/26/2018 17:45,14.6978,76.354,,
6/26/2018 18:00,14.6996,76.181,,
6/26/2018 18:15,14.6991,76.006,,
6/26/2018 18:30,14.7007,75.832,,
6/26/2018 18:45,14.7029,75.832,,
6/26/2018 19:00,14.7068,75.659,,
6/26/2018 19:15,14.709,75.659,,
6/26/2018 19:30,14.7134,75.659,,
6/26/2018 19:45,14.7129,75.484,,
6/26/2018 20:00,14.7129,75.484,,
6/26/2018 20:15,14.7173,75.484,,
6/26/2018 20:30,14.7168,75.312,,
6/26/2018 20:45,14.7168,75.312,,
6/26/2018 21:00,14.7168,75.312,,
6/26/2018 21:15,14.7184,75.139,,
6/26/2018 21:30,14.7206,75.139,,
6/26/2018 21:45,14.7184,75.139,,
6/26/2018 22:00,14.718,74.964,,
6/26/2018 22:15,14.718,74.964,,
6/26/2018 22:30,14.7158,74.964,,
6/26/2018 22:45,14.7132,74.791,,
6/26/2018 23:00,14.7132,74.791,,
6/26/2018 23:15,14.7132,74.791,,
6/26/2018 23:30,14.711,74.791,,
6/26/2018 23:45,14.7084,74.619,,
6/27/2018 0:00,14.7084,74.619,,
6/27/2018 0:15,14.7062,74.619,,
6/27/2018 0:30,14.7015,74.446,,
6/27/2018 0:45,14.7036,74.446,,
6/27/2018 1:00,14.6993,74.446,,
6/27/2018 1:15,14.6945,74.271,,
6/27/2018 1:30,14.6925,74.271,,
6/27/2018 1:45,14.6903,74.271,,
6/27/2018 2:00,14.6925,74.271,,
6/27/2018 2:15,14.6899,74.098,,
6/27/2018 2:30,14.6877,74.098,,
6/27/2018 2:45,14.6812,74.098,,
6/27/2018 3:00,14.6812,74.098,,
6/27/2018 3:15,14.6807,73.926,,
6/27/2018 3:30,14.6807,73.926,,
6/27/2018 3:45,14.6785,73.926,,
6/27/2018 4:00,14.6785,73.926,,
6/27/2018 4:15,14.6803,73.753,,
6/27/2018 4:30,14.6825,73.753,,
6/27/2018 4:45,14.6845,73.753,,
6/27/2018 5:00,14.6845,73.753,,
6/27/2018 5:15,14.6867,73.753,,
6/27/2018 5:30,14.6867,73.753,,
6/27/2018 5:45,14.6888,73.753,,
6/27/2018 6:00,14.691,73.753,,
6/27/2018 6:15,14.6928,73.58,,
6/27/2018 6:30,14.6928,73.58,,
6/27/2018 6:45,14.6949,73.58,,
6/27/2018 7:00,14.6949,73.58,,
6/27/2018 7:15,14.6949,73.58,,
6/27/2018 7:30,14.7019,73.753,,
6/27/2018 7:45,14.7062,73.753,,
6/27/2018 8:00,14.7106,73.753,,
6/27/2018 8:15,14.7128,73.753,,
6/27/2018 8:30,14.7171,73.753,,
6/27/2018 8:45,14.7197,73.926,,
6/27/2018 9:00,14.718,74.098,,
6/27/2018 9:15,14.7184,74.271,,
6/27/2018 9:30,14.7215,74.619,,
6/27/2018 9:45,14.7176,74.791,,
6/27/2018 10:00,14.719,75.312,,
6/27/2018 10:15,14.7173,75.484,,
6/27/2018 10:30,14.7155,75.659,,
6/27/2018 10:45,14.7142,76.006,,
6/27/2018 11:00,14.7135,76.528,,
6/27/2018 11:15,14.7109,77.225,,
6/27/2018 11:30,14.7102,77.749,,
6/27/2018 11:45,14.7089,78.098,,
6/27/2018 12:00,14.7081,78.624,,
6/27/2018 12:15,14.7064,78.8,,
6/27/2018 12:30,14.7018,79.502,,
6/27/2018 12:45,14.6996,79.502,,
6/27/2018 13:00,14.6993,80.206,,
6/27/2018 13:15,14.6961,78.975,,
6/27/2018 13:30,14.69,79.151,,
6/27/2018 13:45,14.6874,78.975,,
6/27/2018 14:00,14.6861,79.326,,
6/27/2018 14:15,14.6826,78.8,,
6/27/2018 14:30,14.6816,78.449,,
6/27/2018 14:45,14.6785,78.098,,
6/27/2018 15:00,14.6796,78.449,,
6/27/2018 15:15,14.679,78.274,,
6/27/2018 15:30,14.6768,78.274,,
6/27/2018 15:45,14.6764,78.098,,
6/27/2018 16:00,14.6794,77.574,,
6/27/2018 16:15,14.681,77.4,,
6/27/2018 16:30,14.6832,77.4,,
6/27/2018 16:45,14.6849,77.225,,
6/27/2018 17:00,14.6845,77.05,,
6/27/2018 17:15,14.6867,77.05,,
6/27/2018 17:30,14.6862,76.876,,
6/27/2018 17:45,14.6858,76.703,,
6/27/2018 18:00,14.6874,76.528,,
6/27/2018 18:15,14.687,76.354,,
6/27/2018 18:30,14.6891,76.354,,
6/27/2018 18:45,14.6887,76.181,,
6/27/2018 19:00,14.6909,76.181,,
6/27/2018 19:15,14.6926,76.006,,
6/27/2018 19:30,14.6926,76.006,,
6/27/2018 19:45,14.697,76.006,,
6/27/2018 20:00,14.7013,76.006,,
6/27/2018 20:15,14.7029,75.832,,
6/27/2018 20:30,14.7051,75.832,,
6/27/2018 20:45,14.7051,75.832,,
6/27/2018 21:00,14.7094,75.832,,
6/27/2018 21:15,14.7051,75.832,,
6/27/2018 21:30,14.7073,75.832,,
6/27/2018 21:45,14.7094,75.832,,
6/27/2018 22:00,14.7116,75.832,,
6/27/2018 22:15,14.7116,75.832,,
6/27/2018 22:30,14.7094,75.832,,
6/27/2018 22:45,14.7073,75.832,,
6/27/2018 23:00,14.7073,75.832,,
6/27/2018 23:15,14.7073,75.832,,
6/27/2018 23:30,14.7051,75.832,,
6/27/2018 23:45,14.7007,75.832,,
6/28/2018 0:00,14.7029,75.832,,
6/28/2018 0:15,14.7051,75.832,,
6/28/2018 0:30,14.7051,75.832,,
6/28/2018 0:45,14.7003,75.659,,
6/28/2018 1:00,14.6959,75.659,,
6/28/2018 1:15,14.6944,75.832,,
6/28/2018 1:30,14.6938,75.659,,
6/28/2018 1:45,14.6959,75.659,,
6/28/2018 2:00,14.6938,75.659,,
6/28/2018 2:15,14.6938,75.659,,
6/28/2018 2:30,14.6896,75.659,,
6/28/2018 2:45,14.6874,75.659,,
6/28/2018 3:00,14.6852,75.659,,
6/28/2018 3:15,14.6896,75.659,,
6/28/2018 3:30,14.6852,75.659,,
6/28/2018 3:45,14.6874,75.659,,
6/28/2018 4:00,14.6896,75.659,,
6/28/2018 4:15,14.6917,75.659,,
6/28/2018 4:30,14.6981,75.659,,
6/28/2018 4:45,14.7003,75.659,,
6/28/2018 5:00,14.7047,75.659,,
6/28/2018 5:15,14.709,75.659,,
6/28/2018 5:30,14.709,75.659,,
6/28/2018 5:45,14.7134,75.659,,
6/28/2018 6:00,14.7177,75.659,,
6/28/2018 6:15,14.7264,75.659,,
6/28/2018 6:30,14.7286,75.659,,
6/28/2018 6:45,14.7308,75.659,,
6/28/2018 7:00,14.735,75.659,,
6/28/2018 7:15,14.7328,75.659,,
6/28/2018 7:30,14.7328,75.659,,
6/28/2018 7:45,14.7308,75.659,,
6/28/2018 8:00,14.7328,75.659,,
6/28/2018 8:15,14.7355,75.832,,
6/28/2018 8:30,14.7377,75.832,,
6/28/2018 8:45,14.7377,75.832,,
6/28/2018 9:00,14.7382,76.006,,
6/28/2018 9:15,14.7403,76.006,,
6/28/2018 9:30,14.7408,76.181,,
6/28/2018 9:45,14.739,76.354,,
6/28/2018 10:00,14.7412,76.354,,
6/28/2018 10:15,14.7351,76.528,,
6/28/2018 10:30,14.7329,76.528,,
6/28/2018 10:45,14.7355,76.703,,
6/28/2018 11:00,14.7312,76.703,,
6/28/2018 11:15,14.727,76.703,,
6/28/2018 11:30,14.727,76.703,,
6/28/2018 11:45,14.7248,76.703,,
6/28/2018 12:00,14.7209,76.876,,
6/28/2018 12:15,14.7218,77.225,,
6/28/2018 12:30,14.7178,77.4,,
6/28/2018 12:45,14.7178,77.4,,
6/28/2018 13:00,14.72,77.4,,
6/28/2018 13:15,14.7136,77.4,,
6/28/2018 13:30,14.7102,77.749,,
6/28/2018 13:45,14.7102,77.749,,
6/28/2018 14:00,14.7076,77.574,,
6/28/2018 14:15,14.7054,77.574,,
6/28/2018 14:30,14.7093,77.4,,
6/28/2018 14:45,14.7093,77.4,,
6/28/2018 15:00,14.7174,77.225,,
6/28/2018 15:15,14.73,77.05,,
6/28/2018 15:30,14.7431,77.05,,
6/28/2018 15:45,14.749,76.876,,
6/28/2018 16:00,14.7464,76.703,,
6/28/2018 16:15,14.7464,76.703,,
6/28/2018 16:30,14.7482,76.528,,
6/28/2018 16:45,14.7547,76.528,,
6/28/2018 17:00,14.765,76.354,,
6/28/2018 17:15,14.7672,76.354,,
6/28/2018 17:30,14.7867,76.354,,
6/28/2018 17:45,14.797,76.181,,
6/28/2018 18:00,14.8144,76.181,,
6/28/2018 18:15,14.8227,76.006,,
6/28/2018 18:30,14.8271,76.006,,
6/28/2018 18:45,14.8271,76.006,,
6/28/2018 19:00,14.8245,75.832,,
6/28/2018 19:15,14.8223,75.832,,
6/28/2018 19:30,14.8223,75.832,,
6/28/2018 19:45,14.8223,75.832,,
6/28/2018 20:00,14.8223,75.832,,
6/28/2018 20:15,14.8201,75.832,,
6/28/2018 20:30,14.8239,75.659,,
6/28/2018 20:45,14.8239,75.659,,
6/28/2018 21:00,14.8239,75.659,,
6/28/2018 21:15,14.8369,75.659,,
6/28/2018 21:30,14.8651,75.659,,
6/28/2018 21:45,14.8716,75.659,,
6/28/2018 22:00,14.8651,75.659,,
6/28/2018 22:15,14.8522,75.659,,
6/28/2018 22:30,14.85,75.659,,
6/28/2018 22:45,14.8435,75.659,,
6/28/2018 23:00,14.8391,75.659,,
6/28/2018 23:15,14.8413,75.659,,
6/28/2018 23:30,14.8347,75.659,,
6/28/2018 23:45,14.8326,75.659,,
6/29/2018 0:00,14.8347,75.659,,
6/29/2018 0:15,14.8347,75.659,,
6/29/2018 0:30,14.8326,75.659,,
6/29/2018 0:45,14.8256,75.484,,
6/29/2018 1:00,14.8234,75.484,,
6/29/2018 1:15,14.8191,75.484,,
6/29/2018 1:30,14.8126,75.484,,
6/29/2018 1:45,14.8084,75.484,,
6/29/2018 2:00,14.8062,75.484,,
6/29/2018 2:15,14.8062,75.484,,
6/29/2018 2:30,14.7997,75.484,,
6/29/2018 2:45,14.7931,75.484,,
6/29/2018 3:00,14.7888,75.484,,
6/29/2018 3:15,14.7844,75.484,,
6/29/2018 3:30,14.7822,75.484,,
6/29/2018 3:45,14.7844,75.484,,
6/29/2018 4:00,14.7822,75.484,,
6/29/2018 4:15,14.7775,75.312,,
6/29/2018 4:30,14.7775,75.312,,
6/29/2018 4:45,14.7796,75.312,,
6/29/2018 5:00,14.7775,75.312,,
6/29/2018 5:15,14.7796,75.312,,
6/29/2018 5:30,14.7796,75.312,,
6/29/2018 5:45,14.7818,75.312,,
6/29/2018 6:00,14.784,75.312,,
6/29/2018 6:15,14.784,75.312,,
6/29/2018 6:30,14.7862,75.312,,
6/29/2018 6:45,14.7883,75.312,,
6/29/2018 7:00,14.7905,75.312,,
6/29/2018 7:15,14.797,75.312,,
6/29/2018 7:30,14.797,75.312,,
6/29/2018 7:45,14.7992,75.312,,
6/29/2018 8:00,14.8056,75.312,,
6/29/2018 8:15,14.8099,75.312,,
6/29/2018 8:30,14.8143,75.312,,
6/29/2018 8:45,14.8126,75.484,,
6/29/2018 9:00,14.8126,75.484,,
6/29/2018 9:15,14.8126,75.484,,
6/29/2018 9:30,14.8126,75.484,,
6/29/2018 9:45,14.8153,75.659,,
6/29/2018 10:00,14.8088,75.659,,
6/29/2018 10:15,14.807,75.832,,
6/29/2018 10:30,14.8092,75.832,,
6/29/2018 10:45,14.8075,76.006,,
6/29/2018 11:00,14.8053,76.006,,
6/29/2018 11:15,14.8031,76.006,,
6/29/2018 11:30,14.8031,76.006,,
6/29/2018 11:45,14.7966,76.006,,
6/29/2018 12:00,14.797,76.181,,
6/29/2018 12:15,14.7954,76.354,,
6/29/2018 12:30,14.7911,76.354,,
6/29/2018 12:45,14.7889,76.354,,
6/29/2018 13:00,14.7841,76.181,,
6/29/2018 13:15,14.7798,76.181,,
6/29/2018 13:30,14.7754,76.181,,
6/29/2018 13:45,14.7733,76.181,,
6/29/2018 14:00,14.7733,76.181,,
6/29/2018 14:15,14.7711,76.181,,
6/29/2018 14:30,14.7689,76.181,,
6/29/2018 14:45,14.7667,76.181,,
6/29/2018 15:00,14.765,76.354,,
6/29/2018 15:15,14.765,76.354,,
6/29/2018 15:30,14.7634,76.528,,
6/29/2018 15:45,14.7628,76.354,,
6/29/2018 16:00,14.7624,76.181,,
6/29/2018 16:15,14.7624,76.181,,
6/29/2018 16:30,14.7641,76.006,,
6/29/2018 16:45,14.7659,75.832,,
6/29/2018 17:00,14.7659,75.832,,
6/29/2018 17:15,14.768,75.832,,
6/29/2018 17:30,14.7698,75.659,,
6/29/2018 17:45,14.7719,75.659,,
6/29/2018 18:00,14.7735,75.484,,
6/29/2018 18:15,14.7757,75.484,,
6/29/2018 18:30,14.7775,75.312,,
6/29/2018 18:45,14.7818,75.312,,
6/29/2018 19:00,14.7818,75.312,,
6/29/2018 19:15,14.784,75.312,,
6/29/2018 19:30,14.7857,75.139,,
6/29/2018 19:45,14.7879,75.139,,
6/29/2018 20:00,14.7901,75.139,,
6/29/2018 20:15,14.7879,75.139,,
6/29/2018 20:30,14.7875,74.964,,
6/29/2018 20:45,14.7875,74.964,,
6/29/2018 21:00,14.7938,74.964,,
6/29/2018 21:15,14.7938,74.964,,
6/29/2018 21:30,14.796,74.964,,
6/29/2018 21:45,14.7982,74.964,,
6/29/2018 22:00,14.7956,74.791,,
6/29/2018 22:15,14.7956,74.791,,
6/29/2018 22:30,14.7978,74.791,,
6/29/2018 22:45,14.7995,74.619,,
6/29/2018 23:00,14.7973,74.619,,
6/29/2018 23:15,14.7973,74.619,,
6/29/2018 23:30,14.8017,74.619,,
6/29/2018 23:45,14.8017,74.619,,
6/30/2018 0:00,14.7995,74.619,,
6/30/2018 0:15,14.7973,74.619,,
6/30/2018 0:30,14.7973,74.619,,
6/30/2018 0:45,14.7973,74.619,,
6/30/2018 1:00,14.793,74.619,,
6/30/2018 1:15,14.793,74.619,,
6/30/2018 1:30,14.793,74.619,,
6/30/2018 1:45,14.7925,74.446,,
6/30/2018 2:00,14.7925,74.446,,
6/30/2018 2:15,14.7925,74.446,,
6/30/2018 2:30,14.7904,74.446,,
6/30/2018 2:45,14.7882,74.446,,
6/30/2018 3:00,14.7838,74.446,,
6/30/2018 3:15,14.7817,74.446,,
6/30/2018 3:30,14.7838,74.446,,
6/30/2018 3:45,14.7838,74.446,,
6/30/2018 4:00,14.786,74.446,,
6/30/2018 4:15,14.7856,74.271,,
6/30/2018 4:30,14.7882,74.446,,
6/30/2018 4:45,14.7878,74.271,,
6/30/2018 5:00,14.7921,74.271,,
6/30/2018 5:15,14.7921,74.271,,
6/30/2018 5:30,14.7943,74.271,,
6/30/2018 5:45,14.7943,74.271,,
6/30/2018 6:00,14.7965,74.271,,
6/30/2018 6:15,14.7921,74.271,,
6/30/2018 6:30,14.7943,74.271,,
6/30/2018 6:45,14.7986,74.271,,
6/30/2018 7:00,14.7965,74.271,,
6/30/2018 7:15,14.7965,74.271,,
6/30/2018 7:30,14.8008,74.271,,
6/30/2018 7:45,14.8034,74.446,,
6/30/2018 8:00,14.8056,74.446,,
6/30/2018 8:15,14.8099,74.446,,
6/30/2018 8:30,14.8147,74.619,,
6/30/2018 8:45,14.8104,74.619,,
6/30/2018 9:00,14.8147,74.619,,
6/30/2018 9:15,14.8152,74.791,,
6/30/2018 9:30,14.8191,74.619,,
6/30/2018 9:45,14.8126,74.619,,
6/30/2018 10:00,14.813,74.791,,
6/30/2018 10:15,14.8113,74.964,,
6/30/2018 10:30,14.8117,75.139,,
6/30/2018 10:45,14.8117,75.139,,
6/30/2018 11:00,14.8078,75.312,,
6/30/2018 11:15,14.8099,75.312,,
6/30/2018 11:30,14.8078,75.312,,
6/30/2018 11:45,14.8099,75.312,,
6/30/2018 12:00,14.8056,75.312,,
6/30/2018 12:15,14.804,75.484,,
6/30/2018 12:30,14.7997,75.484,,
6/30/2018 12:45,14.7957,75.659,,
6/30/2018 13:00,14.7909,75.484,,
6/30/2018 13:15,14.7957,75.659,,
6/30/2018 13:30,14.7931,75.484,,
6/30/2018 13:45,14.7866,75.484,,
6/30/2018 14:00,14.7862,75.312,,
6/30/2018 14:15,14.7818,75.312,,
6/30/2018 14:30,14.7801,75.484,,
6/30/2018 14:45,14.7805,75.659,,
6/30/2018 15:00,14.7809,75.832,,
6/30/2018 15:15,14.7789,75.832,,
6/30/2018 15:30,14.775,76.006,,
6/30/2018 15:45,14.7783,75.659,,
6/30/2018 16:00,14.7779,75.484,,
6/30/2018 16:15,14.7753,75.312,,
6/30/2018 16:30,14.777,75.139,,
6/30/2018 16:45,14.7766,74.964,,
6/30/2018 17:00,14.7779,74.619,,
6/30/2018 17:15,14.7817,74.446,,
6/30/2018 17:30,14.7834,74.271,,
6/30/2018 17:45,14.7812,74.271,,
6/30/2018 18:00,14.7808,74.098,,
6/30/2018 18:15,14.7825,73.926,,
6/30/2018 18:30,14.7778,73.753,,
6/30/2018 18:45,14.7795,73.58,,
6/30/2018 19:00,14.7817,73.58,,
6/30/2018 19:15,14.7834,73.407,,
6/30/2018 19:30,14.7899,73.407,,
6/30/2018 19:45,14.7872,73.234,,
6/30/2018 20:00,14.7872,73.234,,
6/30/2018 20:15,14.7846,73.062,,
6/30/2018 20:30,14.7867,73.062,,
6/30/2018 20:45,14.7894,73.234,,
6/30/2018 21:00,14.7937,73.234,,
6/30/2018 21:15,14.7937,73.234,,
6/30/2018 21:30,14.7981,73.234,,
6/30/2018 21:45,14.7959,73.234,,
6/30/2018 22:00,14.7937,73.234,,
6/30/2018 22:15,14.7959,73.234,,
6/30/2018 22:30,14.7894,73.234,,
6/30/2018 22:45,14.7872,73.234,,
6/30/2018 23:00,14.7894,73.234,,
6/30/2018 23:15,14.7872,73.234,,
6/30/2018 23:30,14.7872,73.234,,
6/30/2018 23:45,14.7851,73.234,,
7/1/2018 0:00,14.7846,73.062,,
7/1/2018 0:15,14.7846,73.062,,
7/1/2018 0:30,14.7867,73.062,,
7/1/2018 0:45,14.7846,73.062,,
7/1/2018 1:00,14.7846,73.062,,
7/1/2018 1:15,14.7825,73.062,,
7/1/2018 1:30,14.7804,73.062,,
7/1/2018 1:45,14.7734,72.891,,
7/1/2018 2:00,14.7756,72.891,,
7/1/2018 2:15,14.7738,73.062,,
7/1/2018 2:30,14.7738,73.062,,
7/1/2018 2:45,14.769,72.891,,
7/1/2018 3:00,14.7669,72.891,,
7/1/2018 3:15,14.769,72.891,,
7/1/2018 3:30,14.7669,72.891,,
7/1/2018 3:45,14.7647,72.891,,
7/1/2018 4:00,14.7625,72.891,,
7/1/2018 4:15,14.7625,72.891,,
7/1/2018 4:30,14.7647,72.891,,
7/1/2018 4:45,14.7625,72.891,,
7/1/2018 5:00,14.7647,72.891,,
7/1/2018 5:15,14.7647,72.891,,
7/1/2018 5:30,14.7582,72.891,,
7/1/2018 5:45,14.7621,72.718,,
7/1/2018 6:00,14.7664,72.718,,
7/1/2018 6:15,14.7643,72.718,,
7/1/2018 6:30,14.7686,72.718,,
7/1/2018 6:45,14.7686,72.718,,
7/1/2018 7:00,14.773,72.718,,
7/1/2018 7:15,14.773,72.718,,
7/1/2018 7:30,14.773,72.718,,
7/1/2018 7:45,14.7756,72.891,,
7/1/2018 8:00,14.7734,72.891,,
7/1/2018 8:15,14.776,73.062,,
7/1/2018 8:30,14.776,73.062,,
7/1/2018 8:45,14.7764,73.234,,
7/1/2018 9:00,14.7769,73.407,,
7/1/2018 9:15,14.7751,73.58,,
7/1/2018 9:30,14.7756,73.753,,
7/1/2018 9:45,14.7756,73.753,,
7/1/2018 10:00,14.776,73.926,,
7/1/2018 10:15,14.7764,74.098,,
7/1/2018 10:30,14.7769,74.271,,
7/1/2018 10:45,14.7753,74.446,,
7/1/2018 11:00,14.7735,74.619,,
7/1/2018 11:15,14.7679,74.964,,
7/1/2018 11:30,14.764,75.139,,
7/1/2018 11:45,14.7661,75.139,,
7/1/2018 12:00,14.7618,75.139,,
7/1/2018 12:15,14.7567,75.659,,
7/1/2018 12:30,14.7532,76.006,,
7/1/2018 12:45,14.7532,76.006,,
7/1/2018 13:00,14.7521,76.354,,
7/1/2018 13:15,14.7477,76.354,,
7/1/2018 13:30,14.7429,76.181,,
7/1/2018 13:45,14.7445,76.006,,
7/1/2018 14:00,14.739,76.354,,
7/1/2018 14:15,14.7361,76.876,,
7/1/2018 14:30,14.7318,76.876,,
7/1/2018 14:45,14.7274,76.876,,
7/1/2018 15:00,14.7242,76.528,,
7/1/2018 15:15,14.7286,76.528,,
7/1/2018 15:30,14.7242,76.528,,
7/1/2018 15:45,14.7216,76.354,,
7/1/2018 16:00,14.726,76.354,,
7/1/2018 16:15,14.7316,76.006,,
7/1/2018 16:30,14.7295,76.006,,
7/1/2018 16:45,14.729,75.832,,
7/1/2018 17:00,14.7328,75.659,,
7/1/2018 17:15,14.7345,75.484,,
7/1/2018 17:30,14.7384,75.312,,
7/1/2018 17:45,14.738,75.139,,
7/1/2018 18:00,14.7354,74.964,,
7/1/2018 18:15,14.7332,74.964,,
7/1/2018 18:30,14.7398,74.964,,
7/1/2018 18:45,14.7393,74.791,,
7/1/2018 19:00,14.7415,74.791,,
7/1/2018 19:15,14.7437,74.791,,
7/1/2018 19:30,14.7544,74.791,,
7/1/2018 19:45,14.7522,74.791,,
7/1/2018 20:00,14.7544,74.791,,
7/1/2018 20:15,14.7561,74.619,,
7/1/2018 20:30,14.7561,74.619,,
7/1/2018 20:45,14.7605,74.619,,
7/1/2018 21:00,14.7627,74.619,,
7/1/2018 21:15,14.7605,74.619,,
7/1/2018 21:30,14.767,74.619,,
7/1/2018 21:45,14.7648,74.619,,
7/1/2018 22:00,14.7648,74.619,,
7/1/2018 22:15,14.7648,74.619,,
7/1/2018 22:30,14.7648,74.619,,
7/1/2018 22:45,14.7627,74.619,,
7/1/2018 23:00,14.7605,74.619,,
7/1/2018 23:15,14.7579,74.446,,
7/1/2018 23:30,14.7557,74.446,,
7/1/2018 23:45,14.7557,74.446,,
7/2/2018 0:00,14.7535,74.446,,
7/2/2018 0:15,14.7535,74.446,,
7/2/2018 0:30,14.7535,74.446,,
7/2/2018 0:45,14.7514,74.446,,
7/2/2018 1:00,14.747,74.446,,
7/2/2018 1:15,14.7448,74.446,,
7/2/2018 1:30,14.7448,74.446,,
7/2/2018 1:45,14.7383,74.446,,
7/2/2018 2:00,14.7405,74.446,,
7/2/2018 2:15,14.7383,74.446,,
7/2/2018 2:30,14.7383,74.446,,
7/2/2018 2:45,14.7335,74.271,,
7/2/2018 3:00,14.7315,74.271,,
7/2/2018 3:15,14.7271,74.271,,
7/2/2018 3:30,14.7315,74.271,,
7/2/2018 3:45,14.7315,74.271,,
7/2/2018 4:00,14.7293,74.271,,
7/2/2018 4:15,14.7315,74.271,,
7/2/2018 4:30,14.7293,74.271,,
7/2/2018 4:45,14.7335,74.271,,
7/2/2018 5:00,14.7357,74.271,,
7/2/2018 5:15,14.7396,74.098,,
7/2/2018 5:30,14.7374,74.098,,
7/2/2018 5:45,14.7396,74.098,,
7/2/2018 6:00,14.7418,74.098,,
7/2/2018 6:15,14.7418,74.098,,
7/2/2018 6:30,14.7418,74.098,,
7/2/2018 6:45,14.744,74.098,,
7/2/2018 7:00,14.744,74.098,,
7/2/2018 7:15,14.7483,74.098,,
7/2/2018 7:30,14.744,74.098,,
7/2/2018 7:45,14.7483,74.098,,
7/2/2018 8:00,14.7461,74.098,,
7/2/2018 8:15,14.7505,74.098,,
7/2/2018 8:30,14.7527,74.098,,
7/2/2018 8:45,14.7574,74.271,,
7/2/2018 9:00,14.7574,74.271,,
7/2/2018 9:15,14.7553,74.271,,
7/2/2018 9:30,14.7535,74.446,,
7/2/2018 9:45,14.754,74.619,,
7/2/2018 10:00,14.7522,74.791,,
7/2/2018 10:15,14.7506,74.964,,
7/2/2018 10:30,14.7511,75.139,,
7/2/2018 10:45,14.7554,75.139,,
7/2/2018 11:00,14.7493,75.312,,
7/2/2018 11:15,14.7476,75.484,,
7/2/2018 11:30,14.7415,75.659,,
7/2/2018 11:45,14.7398,75.832,,
7/2/2018 12:00,14.7382,76.006,,
7/2/2018 12:15,14.7342,76.181,,
7/2/2018 12:30,14.7338,76.006,,
7/2/2018 12:45,14.7299,76.181,,
7/2/2018 13:00,14.7264,76.528,,
7/2/2018 13:15,14.7264,76.528,,
7/2/2018 13:30,14.7213,77.05,,
7/2/2018 13:45,14.7205,76.703,,
7/2/2018 14:00,14.7161,76.703,,
7/2/2018 14:15,14.7161,76.703,,
7/2/2018 14:30,14.7131,77.225,,
7/2/2018 14:45,14.7078,76.876,,
7/2/2018 15:00,14.7078,76.876,,
7/2/2018 15:15,14.7026,76.528,,
7/2/2018 15:30,14.7026,76.528,,
7/2/2018 15:45,14.7018,76.181,,
7/2/2018 16:00,14.697,76.006,,
7/2/2018 16:15,14.7013,76.006,,
7/2/2018 16:30,14.7029,75.832,,
7/2/2018 16:45,14.7047,75.659,,
7/2/2018 17:00,14.7064,75.484,,
7/2/2018 17:15,14.7064,75.484,,
7/2/2018 17:30,14.7038,75.312,,
7/2/2018 17:45,14.7033,75.139,,
7/2/2018 18:00,14.7033,75.139,,
7/2/2018 18:15,14.7073,74.964,,
7/2/2018 18:30,14.7094,74.964,,
7/2/2018 18:45,14.7158,74.964,,
7/2/2018 19:00,14.7176,74.791,,
7/2/2018 19:15,14.7219,74.791,,
7/2/2018 19:30,14.7241,74.791,,
7/2/2018 19:45,14.7241,74.791,,
7/2/2018 20:00,14.7284,74.791,,
7/2/2018 20:15,14.7263,74.791,,
7/2/2018 20:30,14.7284,74.791,,
7/2/2018 20:45,14.7302,74.619,,
7/2/2018 21:00,14.7302,74.619,,
7/2/2018 21:15,14.7324,74.619,,
7/2/2018 21:30,14.7345,74.619,,
7/2/2018 21:45,14.7345,74.619,,
7/2/2018 22:00,14.7367,74.619,,
7/2/2018 22:15,14.7324,74.619,,
7/2/2018 22:30,14.7276,74.446,,
7/2/2018 22:45,14.7341,74.446,,
7/2/2018 23:00,14.7383,74.446,,
7/2/2018 23:15,14.7383,74.446,,
7/2/2018 23:30,14.7363,74.446,,
7/2/2018 23:45,14.7341,74.446,,
7/3/2018 0:00,14.7383,74.446,,
7/3/2018 0:15,14.7427,74.446,,
7/3/2018 0:30,14.7383,74.446,,
7/3/2018 0:45,14.7363,74.446,,
7/3/2018 1:00,14.7341,74.446,,
7/3/2018 1:15,14.7341,74.446,,
7/3/2018 1:30,14.7297,74.446,,
7/3/2018 1:45,14.7297,74.446,,
7/3/2018 2:00,14.7319,74.446,,
7/3/2018 2:15,14.7293,74.271,,
7/3/2018 2:30,14.7271,74.271,,
7/3/2018 2:45,14.725,74.271,,
7/3/2018 3:00,14.725,74.271,,
7/3/2018 3:15,14.7206,74.271,,
7/3/2018 3:30,14.7228,74.271,,
7/3/2018 3:45,14.7206,74.271,,
7/3/2018 4:00,14.7206,74.271,,
7/3/2018 4:15,14.7184,74.271,,
7/3/2018 4:30,14.725,74.271,,
7/3/2018 4:45,14.7271,74.271,,
7/3/2018 5:00,14.7271,74.271,,
7/3/2018 5:15,14.7271,74.271,,
7/3/2018 5:30,14.7335,74.271,,
7/3/2018 5:45,14.7396,74.098,,
7/3/2018 6:00,14.744,74.098,,
7/3/2018 6:15,14.757,74.098,,
7/3/2018 6:30,14.7657,74.098,,
7/3/2018 6:45,14.7764,74.098,,
7/3/2018 7:00,14.7917,74.098,,
7/3/2018 7:15,14.8155,74.098,,
7/3/2018 7:30,14.8828,74.098,,
7/3/2018 7:45,14.8931,73.926,,
7/3/2018 8:00,14.8801,73.926,,
7/3/2018 8:15,14.8645,73.753,,
7/3/2018 8:30,14.858,73.753,,
7/3/2018 8:45,14.8601,73.753,,
7/3/2018 9:00,14.858,73.753,,
7/3/2018 9:15,14.8471,73.753,,
7/3/2018 9:30,14.832,73.753,,
7/3/2018 9:45,14.8281,73.926,,
7/3/2018 10:00,14.815,73.926,,
7/3/2018 10:15,14.8069,74.098,,
7/3/2018 10:30,14.8026,74.098,,
7/3/2018 10:45,14.7943,74.271,,
7/3/2018 11:00,14.7899,74.271,,
7/3/2018 11:15,14.7856,74.271,,
7/3/2018 11:30,14.7834,74.271,,
7/3/2018 11:45,14.7791,74.271,,
7/3/2018 12:00,14.7705,74.271,,
7/3/2018 12:15,14.7705,74.271,,
7/3/2018 12:30,14.7644,74.446,,
7/3/2018 12:45,14.7601,74.446,,
7/3/2018 13:00,14.7518,74.619,,
7/3/2018 13:15,14.75,74.791,,
7/3/2018 13:30,14.7458,74.791,,
7/3/2018 13:45,14.738,75.139,,
7/3/2018 14:00,14.7406,75.312,,
7/3/2018 14:15,14.7345,75.484,,
7/3/2018 14:30,14.7328,75.659,,
7/3/2018 14:45,14.7302,75.484,,
7/3/2018 15:00,14.7297,75.312,,
7/3/2018 15:15,14.7337,75.139,,
7/3/2018 15:30,14.7337,75.139,,
7/3/2018 15:45,14.7315,75.139,,
7/3/2018 16:00,14.7337,75.139,,
7/3/2018 16:15,14.7315,75.139,,
7/3/2018 16:30,14.7358,75.139,,
7/3/2018 16:45,14.7376,74.964,,
7/3/2018 17:00,14.7398,74.964,,
7/3/2018 17:15,14.7437,74.791,,
7/3/2018 17:30,14.7415,74.791,,
7/3/2018 17:45,14.7437,74.791,,
7/3/2018 18:00,14.7453,74.619,,
7/3/2018 18:15,14.7474,74.619,,
7/3/2018 18:30,14.7453,74.619,,
7/3/2018 18:45,14.7474,74.619,,
7/3/2018 19:00,14.7496,74.619,,
7/3/2018 19:15,14.7474,74.619,,
7/3/2018 19:30,14.747,74.446,,
7/3/2018 19:45,14.7492,74.446,,
7/3/2018 20:00,14.7514,74.446,,
7/3/2018 20:15,14.7492,74.446,,
7/3/2018 20:30,14.7492,74.446,,
7/3/2018 20:45,14.747,74.446,,
7/3/2018 21:00,14.7492,74.446,,
7/3/2018 21:15,14.7492,74.446,,
7/3/2018 21:30,14.7492,74.446,,
7/3/2018 21:45,14.7535,74.446,,
7/3/2018 22:00,14.7514,74.446,,
7/3/2018 22:15,14.7492,74.446,,
7/3/2018 22:30,14.7492,74.446,,
7/3/2018 22:45,14.7492,74.446,,
7/3/2018 23:00,14.747,74.446,,
7/3/2018 23:15,14.7514,74.446,,
7/3/2018 23:30,14.7492,74.446,,
7/3/2018 23:45,14.7492,74.446,,
7/4/2018 0:00,14.747,74.446,,
7/4/2018 0:15,14.7448,74.446,,
7/4/2018 0:30,14.7405,74.446,,
7/4/2018 0:45,14.7363,74.446,,
7/4/2018 1:00,14.7363,74.446,,
7/4/2018 1:15,14.7427,74.446,,
7/4/2018 1:30,14.7405,74.446,,
7/4/2018 1:45,14.7383,74.446,,
7/4/2018 2:00,14.7363,74.446,,
7/4/2018 2:15,14.7319,74.446,,
7/4/2018 2:30,14.7276,74.446,,
7/4/2018 2:45,14.7206,74.271,,
7/4/2018 3:00,14.7163,74.271,,
7/4/2018 3:15,14.7141,74.271,,
7/4/2018 3:30,14.7119,74.271,,
7/4/2018 3:45,14.7097,74.271,,
7/4/2018 4:00,14.7163,74.271,,
7/4/2018 4:15,14.7206,74.271,,
7/4/2018 4:30,14.7228,74.271,,
7/4/2018 4:45,14.7228,74.271,,
7/4/2018 5:00,14.7228,74.271,,
7/4/2018 5:15,14.7228,74.271,,
7/4/2018 5:30,14.7206,74.271,,
7/4/2018 5:45,14.7245,74.098,,
7/4/2018 6:00,14.7245,74.098,,
7/4/2018 6:15,14.7287,74.098,,
7/4/2018 6:30,14.7287,74.098,,
7/4/2018 6:45,14.7267,74.098,,
7/4/2018 7:00,14.7309,74.098,,
7/4/2018 7:15,14.7326,73.926,,
7/4/2018 7:30,14.7331,74.098,,
7/4/2018 7:45,14.7374,74.098,,
7/4/2018 8:00,14.7379,74.271,,
7/4/2018 8:15,14.7422,74.271,,
7/4/2018 8:30,14.7444,74.271,,
7/4/2018 8:45,14.7466,74.271,,
7/4/2018 9:00,14.7487,74.271,,
7/4/2018 9:15,14.7492,74.446,,
7/4/2018 9:30,14.7448,74.446,,
7/4/2018 9:45,14.7431,74.619,,
7/4/2018 10:00,14.7393,74.791,,
7/4/2018 10:15,14.7354,74.964,,
7/4/2018 10:30,14.7332,74.964,,
7/4/2018 10:45,14.7315,75.139,,
7/4/2018 11:00,14.7297,75.312,,
7/4/2018 11:15,14.7254,75.312,,
7/4/2018 11:30,14.7228,75.139,,
7/4/2018 11:45,14.7206,75.139,,
7/4/2018 12:00,14.7168,75.312,,
7/4/2018 12:15,14.7173,75.484,,
7/4/2018 12:30,14.7155,75.659,,
7/4/2018 12:45,14.716,75.832,,
7/4/2018 13:00,14.7138,75.832,,
7/4/2018 13:15,14.7155,75.659,,
7/4/2018 13:30,14.7177,75.659,,
7/4/2018 13:45,14.7155,75.659,,
7/4/2018 14:00,14.7134,75.659,,
7/4/2018 14:15,14.7138,75.832,,
7/4/2018 14:30,14.7116,75.832,,
7/4/2018 14:45,14.7181,75.832,,
7/4/2018 15:00,14.7138,75.832,,
7/4/2018 15:15,14.7398,75.832,,
7/4/2018 15:30,14.7498,75.484,,
7/4/2018 15:45,14.745,75.312,,
7/4/2018 16:00,14.7428,75.312,,
7/4/2018 16:15,14.7428,75.312,,
7/4/2018 16:30,14.7384,75.312,,
7/4/2018 16:45,14.7384,75.312,,
7/4/2018 17:00,14.7319,75.312,,
7/4/2018 17:15,14.7337,75.139,,
7/4/2018 17:30,14.7358,75.139,,
7/4/2018 17:45,14.7293,75.139,,
7/4/2018 18:00,14.731,74.964,,
7/4/2018 18:15,14.731,74.964,,
7/4/2018 18:30,14.7267,74.964,,
7/4/2018 18:45,14.7289,74.964,,
7/4/2018 19:00,14.7332,74.964,,
7/4/2018 19:15,14.7479,74.791,,
7/4/2018 19:30,14.7675,74.791,,
7/4/2018 19:45,14.7675,74.791,,
7/4/2018 20:00,14.7675,74.791,,
7/4/2018 20:15,14.7631,74.791,,
7/4/2018 20:30,14.7605,74.619,,
7/4/2018 20:45,14.7583,74.619,,
7/4/2018 21:00,14.754,74.619,,
7/4/2018 21:15,14.7518,74.619,,
7/4/2018 21:30,14.7518,74.619,,
7/4/2018 21:45,14.7496,74.619,,
7/4/2018 22:00,14.7474,74.619,,
7/4/2018 22:15,14.7453,74.619,,
7/4/2018 22:30,14.7411,74.619,,
7/4/2018 22:45,14.7363,74.446,,
7/4/2018 23:00,14.7341,74.446,,
7/4/2018 23:15,14.7297,74.446,,
7/4/2018 23:30,14.7297,74.446,,
7/4/2018 23:45,14.7297,74.446,,
7/5/2018 0:00,14.7254,74.446,,
7/5/2018 0:15,14.7254,74.446,,
7/5/2018 0:30,14.7276,74.446,,
7/5/2018 0:45,14.7254,74.446,,
7/5/2018 1:00,14.7276,74.446,,
7/5/2018 1:15,14.7189,74.446,,
7/5/2018 1:30,14.7145,74.446,,
7/5/2018 1:45,14.7123,74.446,,
7/5/2018 2:00,14.7102,74.446,,
7/5/2018 2:15,14.7102,74.446,,
7/5/2018 2:30,14.7102,74.446,,
7/5/2018 2:45,14.7123,74.446,,
7/5/2018 3:00,14.708,74.446,,
7/5/2018 3:15,14.708,74.446,,
7/5/2018 3:30,14.7102,74.446,,
7/5/2018 3:45,14.7141,74.271,,
7/5/2018 4:00,14.7097,74.271,,
7/5/2018 4:15,14.7097,74.271,,
7/5/2018 4:30,14.7097,74.271,,
7/5/2018 4:45,14.7141,74.271,,
7/5/2018 5:00,14.7293,74.271,,
7/5/2018 5:15,14.7335,74.271,,
7/5/2018 5:30,14.74,74.271,,
7/5/2018 5:45,14.74,74.271,,
7/5/2018 6:00,14.7422,74.271,,
7/5/2018 6:15,14.7374,74.098,,
7/5/2018 6:30,14.7353,74.098,,
7/5/2018 6:45,14.7396,74.098,,
7/5/2018 7:00,14.7418,74.098,,
7/5/2018 7:15,14.7461,74.098,,
7/5/2018 7:30,14.7505,74.098,,
7/5/2018 7:45,14.757,74.098,,
7/5/2018 8:00,14.7699,74.098,,
7/5/2018 8:15,14.8285,74.098,,
7/5/2018 8:30,14.8294,74.446,,
7/5/2018 8:45,14.9392,74.098,,
7/5/2018 9:00,14.9174,74.098,,
7/5/2018 9:15,14.8935,74.098,,
7/5/2018 9:30,14.8762,74.098,,
7/5/2018 9:45,14.8588,74.098,,
7/5/2018 10:00,14.8481,74.098,,
7/5/2018 10:15,14.8437,74.098,,
7/5/2018 10:30,14.8372,74.098,,
7/5/2018 10:45,14.8329,74.098,,
7/5/2018 11:00,14.8333,74.271,,
7/5/2018 11:15,14.8355,74.271,,
7/5/2018 11:30,14.8398,74.271,,
7/5/2018 11:45,14.8464,74.271,,
7/5/2018 12:00,14.8485,74.271,,
7/5/2018 12:15,14.842,74.271,,
7/5/2018 12:30,14.8381,74.446,,
7/5/2018 12:45,14.8359,74.446,,
7/5/2018 13:00,14.8403,74.446,,
7/5/2018 13:15,14.8854,74.271,,
7/5/2018 13:30,15.2168,74.098,,
7/5/2018 13:45,15.3588,73.58,,
7/5/2018 14:00,15.3279,73.407,,
7/5/2018 14:15,15.3501,73.58,,
7/5/2018 14:30,15.3827,73.58,,
7/5/2018 14:45,15.4787,73.753,,
7/5/2018 15:00,15.4977,73.58,,
7/5/2018 15:15,15.3218,73.58,,
7/5/2018 15:30,15.2268,73.753,,
7/5/2018 15:45,15.1517,74.098,,
7/5/2018 16:00,15.1305,74.271,,
7/5/2018 16:15,15.1287,74.446,,
7/5/2018 16:30,15.2546,74.446,,
7/5/2018 16:45,15.3193,74.271,,
7/5/2018 17:00,15.193,74.098,,
7/5/2018 17:15,15.1734,74.098,,
7/5/2018 17:30,15.1501,74.271,,
7/5/2018 17:45,15.1066,74.271,,
7/5/2018 18:00,15.1022,74.271,,
7/5/2018 18:15,15.1093,74.446,,
7/5/2018 18:30,15.0876,74.446,,
7/5/2018 18:45,15.0793,74.619,,
7/5/2018 19:00,15.0793,74.619,,
7/5/2018 19:15,15.0684,74.619,,
7/5/2018 19:30,15.0533,74.619,,
7/5/2018 19:45,15.0494,74.791,,
7/5/2018 20:00,15.0446,74.619,,
7/5/2018 20:15,15.0381,74.619,,
7/5/2018 20:30,15.0294,74.619,,
7/5/2018 20:45,15.025,74.619,,
7/5/2018 21:00,15.0224,74.446,,
7/5/2018 21:15,15.0203,74.446,,
7/5/2018 21:30,15.0155,74.271,,
7/5/2018 21:45,15.0107,74.098,,
7/5/2018 22:00,15.0102,73.926,,
7/5/2018 22:15,14.9941,73.58,,
7/5/2018 22:30,14.9959,73.407,,
7/5/2018 22:45,14.9998,73.234,,
7/5/2018 23:00,14.9923,72.891,,
7/5/2018 23:15,14.9811,72.718,,
7/5/2018 23:30,14.9811,72.718,,
7/5/2018 23:45,14.9805,72.545,,
7/6/2018 0:00,14.9827,72.545,,
7/6/2018 0:15,14.9779,72.372,,
7/6/2018 0:30,14.9672,72.372,,
7/6/2018 0:45,14.9611,72.545,,
7/6/2018 1:00,14.9546,72.545,,
7/6/2018 1:15,14.9458,72.545,,
7/6/2018 1:30,14.9502,72.545,,
7/6/2018 1:45,14.9334,72.718,,
7/6/2018 2:00,14.9312,72.718,,
7/6/2018 2:15,14.9142,72.891,,
7/6/2018 2:30,14.897,72.891,,
7/6/2018 2:45,14.8952,73.062,,
7/6/2018 3:00,14.8952,73.062,,
7/6/2018 3:15,14.8909,73.062,,
7/6/2018 3:30,14.8913,73.234,,
7/6/2018 3:45,14.8935,73.234,,
7/6/2018 4:00,14.8848,73.234,,
7/6/2018 4:15,14.887,73.234,,
7/6/2018 4:30,14.8852,73.407,,
7/6/2018 4:45,14.8852,73.407,,
7/6/2018 5:00,14.8896,73.407,,
7/6/2018 5:15,14.8878,73.58,,
7/6/2018 5:30,14.8835,73.58,,
7/6/2018 5:45,14.8857,73.58,,
7/6/2018 6:00,14.8857,73.58,,
7/6/2018 6:15,14.8839,73.753,,
7/6/2018 6:30,14.8948,73.753,,
7/6/2018 6:45,14.8926,73.753,,
7/6/2018 7:00,14.8931,73.926,,
7/6/2018 7:15,14.8931,73.926,,
7/6/2018 7:30,14.8974,73.926,,
7/6/2018 7:45,14.8957,74.098,,
7/6/2018 8:00,14.9005,74.271,,
7/6/2018 8:15,14.9005,74.271,,
7/6/2018 8:30,14.9054,74.446,,
7/6/2018 8:45,14.9054,74.446,,
7/6/2018 9:00,14.9058,74.619,,
7/6/2018 9:15,14.908,74.619,,
7/6/2018 9:30,14.9063,74.791,,
7/6/2018 9:45,14.9063,74.791,,
7/6/2018 10:00,14.9067,74.964,,
7/6/2018 10:15,14.9045,74.964,,
7/6/2018 10:30,14.9067,74.964,,
7/6/2018 10:45,14.9049,75.139,,
7/6/2018 11:00,14.8984,75.139,,
7/6/2018 11:15,14.8962,75.139,,
7/6/2018 11:30,14.8947,75.312,,
7/6/2018 11:45,14.8881,75.312,,
7/6/2018 12:00,14.8925,75.312,,
7/6/2018 12:15,14.8881,75.312,,
7/6/2018 12:30,14.9097,75.312,,
7/6/2018 12:45,15.0932,74.964,,
7/6/2018 13:00,15.441,74.271,,
7/6/2018 13:15,15.2507,73.753,,
7/6/2018 13:30,15.1525,73.58,,
7/6/2018 13:45,15.09,73.753,,
7/6/2018 14:00,15.051,73.753,,
7/6/2018 14:15,15.0211,73.926,,
7/6/2018 14:30,15.0168,73.926,,
7/6/2018 14:45,15.0146,73.926,,
7/6/2018 15:00,15.0281,74.098,,
7/6/2018 15:15,15.0388,74.098,,
7/6/2018 15:30,15.0237,74.098,,
7/6/2018 15:45,15.015,74.098,,
7/6/2018 16:00,15.0002,74.271,,
7/6/2018 16:15,15.0002,74.271,,
7/6/2018 16:30,14.9917,74.271,,
7/6/2018 16:45,14.9895,74.271,,
7/6/2018 17:00,14.9895,74.271,,
7/6/2018 17:15,14.9895,74.271,,
7/6/2018 17:30,14.9852,74.271,,
7/6/2018 17:45,14.9786,74.271,,
7/6/2018 18:00,14.9873,74.271,,
7/6/2018 18:15,14.9895,74.271,,
7/6/2018 18:30,14.9852,74.271,,
7/6/2018 18:45,14.9852,74.271,,
7/6/2018 19:00,14.9873,74.271,,
7/6/2018 19:15,14.9786,74.271,,
7/6/2018 19:30,14.9782,74.098,,
7/6/2018 19:45,14.9695,74.098,,
7/6/2018 20:00,14.9651,74.098,,
7/6/2018 20:15,14.9608,74.098,,
7/6/2018 20:30,14.9586,74.098,,
7/6/2018 20:45,14.963,74.098,,
7/6/2018 21:00,14.9608,74.098,,
7/6/2018 21:15,14.9586,74.098,,
7/6/2018 21:30,14.9669,73.926,,
7/6/2018 21:45,14.9669,73.926,,
7/6/2018 22:00,14.9647,73.926,,
7/6/2018 22:15,14.9643,73.753,,
7/6/2018 22:30,14.9664,73.753,,
7/6/2018 22:45,14.9664,73.753,,
7/6/2018 23:00,14.9686,73.753,,
7/6/2018 23:15,14.968,73.58,,
7/6/2018 23:30,14.9702,73.58,,
7/6/2018 23:45,14.966,73.58,,
7/7/2018 0:00,14.9617,73.58,,
7/7/2018 0:15,14.9617,73.58,,
7/7/2018 0:30,14.9702,73.58,,
7/7/2018 0:45,14.9595,73.58,,
7/7/2018 1:00,14.9599,73.753,,
7/7/2018 1:15,14.9577,73.753,,
7/7/2018 1:30,14.9556,73.753,,
7/7/2018 1:45,14.9534,73.753,,
7/7/2018 2:00,14.9495,73.926,,
7/7/2018 2:15,14.9451,73.926,,
7/7/2018 2:30,14.9451,73.926,,
7/7/2018 2:45,14.9429,73.926,,
7/7/2018 3:00,14.9392,74.098,,
7/7/2018 3:15,14.9392,74.098,,
7/7/2018 3:30,14.9392,74.098,,
7/7/2018 3:45,14.9434,74.098,,
7/7/2018 4:00,14.9412,74.098,,
7/7/2018 4:15,14.937,74.098,,
7/7/2018 4:30,14.9392,74.098,,
7/7/2018 4:45,14.9348,74.098,,
7/7/2018 5:00,14.9412,74.098,,
7/7/2018 5:15,14.937,74.098,,
7/7/2018 5:30,14.9392,74.098,,
7/7/2018 5:45,14.9392,74.098,,
7/7/2018 6:00,14.9392,74.098,,
7/7/2018 6:15,14.9434,74.098,,
7/7/2018 6:30,14.9392,74.098,,
7/7/2018 6:45,14.9456,74.098,,
7/7/2018 7:00,14.9408,73.926,,
7/7/2018 7:15,14.9456,74.098,,
7/7/2018 7:30,14.9434,74.098,,
7/7/2018 7:45,14.9456,74.098,,
7/7/2018 8:00,14.9499,74.098,,
7/7/2018 8:15,14.9499,74.098,,
7/7/2018 8:30,14.9543,74.098,,
7/7/2018 8:45,14.9569,74.271,,
7/7/2018 9:00,14.959,74.271,,
7/7/2018 9:15,14.9573,74.446,,
7/7/2018 9:30,14.9595,74.446,,
7/7/2018 9:45,14.9579,74.619,,
7/7/2018 10:00,14.9579,74.619,,
7/7/2018 10:15,14.9561,74.791,,
7/7/2018 10:30,14.954,74.791,,
7/7/2018 10:45,14.9501,74.964,,
7/7/2018 11:00,14.9483,75.139,,
7/7/2018 11:15,14.9461,75.139,,
7/7/2018 11:30,14.9374,75.139,,
7/7/2018 11:45,14.9315,75.312,,
7/7/2018 12:00,14.9293,75.312,,
7/7/2018 12:15,14.9297,75.484,,
7/7/2018 12:30,14.9276,75.484,,
7/7/2018 12:45,14.9254,75.484,,
7/7/2018 13:00,14.9241,75.832,,
7/7/2018 13:15,14.9241,75.832,,
7/7/2018 13:30,14.9199,75.832,,
7/7/2018 13:45,14.9155,75.832,,
7/7/2018 14:00,14.915,75.659,,
7/7/2018 14:15,14.9134,75.832,,
7/7/2018 14:30,14.9064,75.659,,
7/7/2018 14:45,14.9086,75.659,,
7/7/2018 15:00,14.9086,75.659,,
7/7/2018 15:15,14.9036,75.484,,
7/7/2018 15:30,14.8994,75.484,,
7/7/2018 15:45,14.9016,75.484,,
7/7/2018 16:00,14.9016,75.484,,
7/7/2018 16:15,14.901,75.312,,
7/7/2018 16:30,14.901,75.312,,
7/7/2018 16:45,14.9006,75.139,,
7/7/2018 17:00,14.9028,75.139,,
7/7/2018 17:15,14.9028,75.139,,
7/7/2018 17:30,14.9028,75.139,,
7/7/2018 17:45,14.9071,75.139,,
7/7/2018 18:00,14.9071,75.139,,
7/7/2018 18:15,14.9071,75.139,,
7/7/2018 18:30,14.9115,75.139,,
7/7/2018 18:45,14.9137,75.139,,
7/7/2018 19:00,14.9158,75.139,,
7/7/2018 19:15,14.9137,75.139,,
7/7/2018 19:30,14.9115,75.139,,
7/7/2018 19:45,14.9137,75.139,,
7/7/2018 20:00,14.9154,74.964,,
7/7/2018 20:15,14.9176,74.964,,
7/7/2018 20:30,14.9154,74.964,,
7/7/2018 20:45,14.9132,74.964,,
7/7/2018 21:00,14.9197,74.964,,
7/7/2018 21:15,14.9154,74.964,,
7/7/2018 21:30,14.9154,74.964,,
7/7/2018 21:45,14.9176,74.964,,
7/7/2018 22:00,14.9154,74.964,,
7/7/2018 22:15,14.9154,74.964,,
7/7/2018 22:30,14.9154,74.964,,
7/7/2018 22:45,14.9154,74.964,,
7/7/2018 23:00,14.9132,74.964,,
7/7/2018 23:15,14.9132,74.964,,
7/7/2018 23:30,14.911,74.964,,
7/7/2018 23:45,14.9132,74.964,,
7/8/2018 0:00,14.9132,74.964,,
7/8/2018 0:15,14.9089,74.964,,
7/8/2018 0:30,14.9067,74.964,,
7/8/2018 0:45,14.9045,74.964,,
7/8/2018 1:00,14.9002,74.964,,
7/8/2018 1:15,14.898,74.964,,
7/8/2018 1:30,14.8958,74.964,,
7/8/2018 1:45,14.8958,74.964,,
7/8/2018 2:00,14.8958,74.964,,
7/8/2018 2:15,14.8958,74.964,,
7/8/2018 2:30,14.8915,74.964,,
7/8/2018 2:45,14.8871,74.964,,
7/8/2018 3:00,14.8849,74.964,,
7/8/2018 3:15,14.8849,74.964,,
7/8/2018 3:30,14.8828,74.964,,
7/8/2018 3:45,14.8786,74.964,,
7/8/2018 4:00,14.8764,74.964,,
7/8/2018 4:15,14.8786,74.964,,
7/8/2018 4:30,14.8786,74.964,,
7/8/2018 4:45,14.8786,74.964,,
7/8/2018 5:00,14.8806,74.964,,
7/8/2018 5:15,14.8828,74.964,,
7/8/2018 5:30,14.8893,74.964,,
7/8/2018 5:45,14.8845,74.791,,
7/8/2018 6:00,14.8888,74.791,,
7/8/2018 6:15,14.891,74.791,,
7/8/2018 6:30,14.8954,74.791,,
7/8/2018 6:45,14.9019,74.791,,
7/8/2018 7:00,14.9019,74.791,,
7/8/2018 7:15,14.9041,74.791,,
7/8/2018 7:30,14.9019,74.791,,
7/8/2018 7:45,14.9041,74.791,,
7/8/2018 8:00,14.9063,74.791,,
7/8/2018 8:15,14.9106,74.791,,
7/8/2018 8:30,14.9132,74.964,,
7/8/2018 8:45,14.9219,74.964,,
7/8/2018 9:00,14.9154,74.964,,
7/8/2018 9:15,14.9154,74.964,,
7/8/2018 9:30,14.9154,74.964,,
7/8/2018 9:45,14.9115,75.139,,
7/8/2018 10:00,14.9137,75.139,,
7/8/2018 10:15,14.9115,75.139,,
7/8/2018 10:30,14.9071,75.139,,
7/8/2018 10:45,14.9071,75.139,,
7/8/2018 11:00,14.901,75.312,,
7/8/2018 11:15,14.9032,75.312,,
7/8/2018 11:30,14.8994,75.484,,
7/8/2018 11:45,14.8977,75.659,,
7/8/2018 12:00,14.8894,75.832,,
7/8/2018 12:15,14.8873,75.832,,
7/8/2018 12:30,14.8855,76.006,,
7/8/2018 12:45,14.8752,76.181,,
7/8/2018 13:00,14.873,76.181,,
7/8/2018 13:15,14.8691,76.354,,
7/8/2018 13:30,14.8665,76.181,,
7/8/2018 13:45,14.8639,76.006,,
7/8/2018 14:00,14.8596,76.006,,
7/8/2018 14:15,14.8552,76.006,,
7/8/2018 14:30,14.853,76.006,,
7/8/2018 14:45,14.853,76.006,,
7/8/2018 15:00,14.853,76.006,,
7/8/2018 15:15,14.8508,76.006,,
7/8/2018 15:30,14.8491,76.181,,
7/8/2018 15:45,14.8487,76.006,,
7/8/2018 16:00,14.8508,76.006,,
7/8/2018 16:15,14.8482,75.832,,
7/8/2018 16:30,14.8482,75.832,,
7/8/2018 16:45,14.8504,75.832,,
7/8/2018 17:00,14.85,75.659,,
7/8/2018 17:15,14.8522,75.659,,
7/8/2018 17:30,14.8543,75.659,,
7/8/2018 17:45,14.8539,75.484,,
7/8/2018 18:00,14.8561,75.484,,
7/8/2018 18:15,14.8581,75.484,,
7/8/2018 18:30,14.8625,75.484,,
7/8/2018 18:45,14.8625,75.484,,
7/8/2018 19:00,14.8642,75.312,,
7/8/2018 19:15,14.8642,75.312,,
7/8/2018 19:30,14.8707,75.312,,
7/8/2018 19:45,14.8664,75.312,,
7/8/2018 20:00,14.8664,75.312,,
7/8/2018 20:15,14.8659,75.139,,
7/8/2018 20:30,14.8681,75.139,,
7/8/2018 20:45,14.8681,75.139,,
7/8/2018 21:00,14.8681,75.139,,
7/8/2018 21:15,14.8703,75.139,,
7/8/2018 21:30,14.8703,75.139,,
7/8/2018 21:45,14.8681,75.139,,
7/8/2018 22:00,14.8703,75.139,,
7/8/2018 22:15,14.8698,74.964,,
7/8/2018 22:30,14.8698,74.964,,
7/8/2018 22:45,14.8698,74.964,,
7/8/2018 23:00,14.8698,74.964,,
7/8/2018 23:15,14.8677,74.964,,
7/8/2018 23:30,14.8633,74.964,,
7/8/2018 23:45,14.8633,74.964,,
7/9/2018 0:00,14.8629,74.791,,
7/9/2018 0:15,14.8607,74.791,,
7/9/2018 0:30,14.8585,74.791,,
7/9/2018 0:45,14.8564,74.791,,
7/9/2018 1:00,14.8585,74.791,,
7/9/2018 1:15,14.852,74.791,,
7/9/2018 1:30,14.8516,74.619,,
7/9/2018 1:45,14.8494,74.619,,
7/9/2018 2:00,14.8429,74.619,,
7/9/2018 2:15,14.845,74.619,,
7/9/2018 2:30,14.8429,74.619,,
7/9/2018 2:45,14.8403,74.446,,
7/9/2018 3:00,14.8403,74.446,,
7/9/2018 3:15,14.8381,74.446,,
7/9/2018 3:30,14.8359,74.446,,
7/9/2018 3:45,14.8381,74.446,,
7/9/2018 4:00,14.8359,74.446,,
7/9/2018 4:15,14.8377,74.271,,
7/9/2018 4:30,14.8377,74.271,,
7/9/2018 4:45,14.8398,74.271,,
7/9/2018 5:00,14.842,74.271,,
7/9/2018 5:15,14.8416,74.098,,
7/9/2018 5:30,14.8437,74.098,,
7/9/2018 5:45,14.8459,74.098,,
7/9/2018 6:00,14.8501,74.098,,
7/9/2018 6:15,14.8501,74.098,,
7/9/2018 6:30,14.8497,73.926,,
7/9/2018 6:45,14.854,73.926,,
7/9/2018 7:00,14.8562,73.926,,
7/9/2018 7:15,14.8584,73.926,,
7/9/2018 7:30,14.8562,73.926,,
7/9/2018 7:45,14.8601,73.753,,
7/9/2018 8:00,14.8645,73.753,,
7/9/2018 8:15,14.8645,73.753,,
7/9/2018 8:30,14.8667,73.753,,
7/9/2018 8:45,14.8688,73.753,,
7/9/2018 9:00,14.871,73.753,,
7/9/2018 9:15,14.8736,73.926,,
7/9/2018 9:30,14.8736,73.926,,
7/9/2018 9:45,14.8719,74.098,,
7/9/2018 10:00,14.8741,74.098,,
7/9/2018 10:15,14.8697,74.098,,
7/9/2018 10:30,14.8701,74.271,,
7/9/2018 10:45,14.868,74.271,,
7/9/2018 11:00,14.8658,74.271,,
7/9/2018 11:15,14.8619,74.446,,
7/9/2018 11:30,14.8603,74.619,,
7/9/2018 11:45,14.8542,74.791,,
7/9/2018 12:00,14.8546,74.964,,
7/9/2018 12:15,14.8507,75.139,,
7/9/2018 12:30,14.8464,75.139,,
7/9/2018 12:45,14.8448,75.312,,
7/9/2018 13:00,14.8452,75.484,,
7/9/2018 13:15,14.843,75.484,,
7/9/2018 13:30,14.8413,75.659,,
7/9/2018 13:45,14.8391,75.659,,
7/9/2018 14:00,14.8365,75.484,,
7/9/2018 14:15,14.8317,75.312,,
7/9/2018 14:30,14.8313,75.139,,
7/9/2018 14:45,14.8252,75.312,,
7/9/2018 15:00,14.823,75.312,,
7/9/2018 15:15,14.8208,75.312,,
7/9/2018 15:30,14.8252,75.312,,
7/9/2018 15:45,14.8247,75.139,,
7/9/2018 16:00,14.8221,74.964,,
7/9/2018 16:15,14.8221,74.964,,
7/9/2018 16:30,14.8239,74.791,,
7/9/2018 16:45,14.8217,74.791,,
7/9/2018 17:00,14.8239,74.791,,
7/9/2018 17:15,14.8255,74.619,,
7/9/2018 17:30,14.8255,74.619,,
7/9/2018 17:45,14.8298,74.619,,
7/9/2018 18:00,14.8316,74.446,,
7/9/2018 18:15,14.8337,74.446,,
7/9/2018 18:30,14.8359,74.446,,
7/9/2018 18:45,14.8381,74.446,,
7/9/2018 19:00,14.8403,74.446,,
7/9/2018 19:15,14.8403,74.446,,
7/9/2018 19:30,14.8403,74.446,,
7/9/2018 19:45,14.8446,74.446,,
7/9/2018 20:00,14.8424,74.446,,
7/9/2018 20:15,14.8398,74.271,,
7/9/2018 20:30,14.8442,74.271,,
7/9/2018 20:45,14.8464,74.271,,
7/9/2018 21:00,14.8464,74.271,,
7/9/2018 21:15,14.8485,74.271,,
7/9/2018 21:30,14.8485,74.271,,
7/9/2018 21:45,14.8507,74.271,,
7/9/2018 22:00,14.8507,74.271,,
7/9/2018 22:15,14.8507,74.271,,
7/9/2018 22:30,14.8485,74.271,,
7/9/2018 22:45,14.8464,74.271,,
7/9/2018 23:00,14.8485,74.271,,
7/9/2018 23:15,14.8485,74.271,,
7/9/2018 23:30,14.8442,74.271,,
7/9/2018 23:45,14.8442,74.271,,
7/10/2018 0:00,14.8442,74.271,,
7/10/2018 0:15,14.842,74.271,,
7/10/2018 0:30,14.842,74.271,,
7/10/2018 0:45,14.8377,74.271,,
7/10/2018 1:00,14.835,74.098,,
7/10/2018 1:15,14.8307,74.098,,
7/10/2018 1:30,14.8263,74.098,,
7/10/2018 1:45,14.8263,74.098,,
7/10/2018 2:00,14.8242,74.098,,
7/10/2018 2:15,14.8198,74.098,,
7/10/2018 2:30,14.8198,74.098,,
7/10/2018 2:45,14.8198,74.098,,
7/10/2018 3:00,14.8198,74.098,,
7/10/2018 3:15,14.8181,74.271,,
7/10/2018 3:30,14.8181,74.271,,
7/10/2018 3:45,14.8159,74.271,,
7/10/2018 4:00,14.8159,74.271,,
7/10/2018 4:15,14.8181,74.271,,
7/10/2018 4:30,14.8202,74.271,,
7/10/2018 4:45,14.8202,74.271,,
7/10/2018 5:00,14.8181,74.271,,
7/10/2018 5:15,14.8202,74.271,,
7/10/2018 5:30,14.8202,74.271,,
7/10/2018 5:45,14.8224,74.271,,
7/10/2018 6:00,14.8224,74.271,,
7/10/2018 6:15,14.8268,74.271,,
7/10/2018 6:30,14.8311,74.271,,
7/10/2018 6:45,14.8333,74.271,,
7/10/2018 7:00,14.8359,74.446,,
7/10/2018 7:15,14.8359,74.446,,
7/10/2018 7:30,14.8381,74.446,,
7/10/2018 7:45,14.8359,74.446,,
7/10/2018 8:00,14.8381,74.446,,
7/10/2018 8:15,14.8424,74.446,,
7/10/2018 8:30,14.8407,74.619,,
7/10/2018 8:45,14.8472,74.619,,
7/10/2018 9:00,14.8472,74.619,,
7/10/2018 9:15,14.8477,74.791,,
7/10/2018 9:30,14.8481,74.964,,
7/10/2018 9:45,14.8481,74.964,,
7/10/2018 10:00,14.8485,75.139,,
7/10/2018 10:15,14.8485,75.139,,
7/10/2018 10:30,14.8469,75.312,,
7/10/2018 10:45,14.8452,75.484,,
7/10/2018 11:00,14.8391,75.659,,
7/10/2018 11:15,14.8369,75.659,,
7/10/2018 11:30,14.8374,75.832,,
7/10/2018 11:45,14.8378,76.006,,
7/10/2018 12:00,14.8378,76.006,,
7/10/2018 12:15,14.8356,76.006,,
7/10/2018 12:30,14.8345,76.354,,
7/10/2018 12:45,14.8327,76.528,,
7/10/2018 13:00,14.8301,76.354,,
7/10/2018 13:15,14.8262,76.528,,
7/10/2018 13:30,14.8229,76.876,,
7/10/2018 13:45,14.8223,76.703,,
7/10/2018 14:00,14.8197,76.528,,
7/10/2018 14:15,14.8153,76.528,,
7/10/2018 14:30,14.8137,76.703,,
7/10/2018 14:45,14.8115,76.703,,
7/10/2018 15:00,14.8089,76.528,,
7/10/2018 15:15,14.8089,76.528,,
7/10/2018 15:30,14.8089,76.528,,
7/10/2018 15:45,14.8062,76.354,,
7/10/2018 16:00,14.8084,76.354,,
7/10/2018 16:15,14.8084,76.354,,
7/10/2018 16:30,14.8062,76.354,,
7/10/2018 16:45,14.8084,76.354,,
7/10/2018 17:00,14.8101,76.181,,
7/10/2018 17:15,14.8101,76.181,,
7/10/2018 17:30,14.8144,76.181,,
7/10/2018 17:45,14.8166,76.181,,
7/10/2018 18:00,14.8162,76.006,,
7/10/2018 18:15,14.8184,76.006,,
7/10/2018 18:30,14.8184,76.006,,
7/10/2018 18:45,14.8227,76.006,,
7/10/2018 19:00,14.8249,76.006,,
7/10/2018 19:15,14.8265,75.832,,
7/10/2018 19:30,14.8265,75.832,,
7/10/2018 19:45,14.8245,75.832,,
7/10/2018 20:00,14.8308,75.832,,
7/10/2018 20:15,14.833,75.832,,
7/10/2018 20:30,14.8374,75.832,,
7/10/2018 20:45,14.8439,75.832,,
7/10/2018 21:00,14.8439,75.832,,
7/10/2018 21:15,14.8439,75.832,,
7/10/2018 21:30,14.8461,75.832,,
7/10/2018 21:45,14.8461,75.832,,
7/10/2018 22:00,14.8417,75.832,,
7/10/2018 22:15,14.8439,75.832,,
7/10/2018 22:30,14.8435,75.659,,
7/10/2018 22:45,14.8456,75.659,,
7/10/2018 23:00,14.8456,75.659,,
7/10/2018 23:15,14.8478,75.659,,
7/10/2018 23:30,14.8435,75.659,,
7/10/2018 23:45,14.8435,75.659,,
7/11/2018 0:00,14.8435,75.659,,
7/11/2018 0:15,14.8413,75.659,,
7/11/2018 0:30,14.8391,75.659,,
7/11/2018 0:45,14.8391,75.659,,
7/11/2018 1:00,14.8391,75.659,,
7/11/2018 1:15,14.8347,75.659,,
7/11/2018 1:30,14.8347,75.659,,
7/11/2018 1:45,14.8282,75.659,,
7/11/2018 2:00,14.8282,75.659,,
7/11/2018 2:15,14.8239,75.659,,
7/11/2018 2:30,14.8195,75.659,,
7/11/2018 2:45,14.8153,75.659,,
7/11/2018 3:00,14.811,75.659,,
7/11/2018 3:15,14.811,75.659,,
7/11/2018 3:30,14.8066,75.659,,
7/11/2018 3:45,14.8044,75.659,,
7/11/2018 4:00,14.8044,75.659,,
7/11/2018 4:15,14.8023,75.659,,
7/11/2018 4:30,14.8023,75.659,,
7/11/2018 4:45,14.8044,75.659,,
7/11/2018 5:00,14.8023,75.659,,
7/11/2018 5:15,14.8066,75.659,,
7/11/2018 5:30,14.8066,75.659,,
7/11/2018 5:45,14.8088,75.659,,
7/11/2018 6:00,14.8175,75.659,,
7/11/2018 6:15,14.8195,75.659,,
7/11/2018 6:30,14.826,75.659,,
7/11/2018 6:45,14.826,75.659,,
7/11/2018 7:00,14.8304,75.659,,
7/11/2018 7:15,14.8347,75.659,,
7/11/2018 7:30,14.8326,75.659,,
7/11/2018 7:45,14.8352,75.832,,
7/11/2018 8:00,14.8352,75.832,,
7/11/2018 8:15,14.8461,75.832,,
7/11/2018 8:30,14.8504,75.832,,
7/11/2018 8:45,14.8508,76.006,,
7/11/2018 9:00,14.8508,76.006,,
7/11/2018 9:15,14.8574,76.006,,
7/11/2018 9:30,14.86,76.181,,
7/11/2018 9:45,14.8578,76.181,,
7/11/2018 10:00,14.8556,76.181,,
7/11/2018 10:15,14.8513,76.181,,
7/11/2018 10:30,14.8475,76.354,,
7/11/2018 10:45,14.8453,76.354,,
7/11/2018 11:00,14.8432,76.354,,
7/11/2018 11:15,14.841,76.354,,
7/11/2018 11:30,14.8371,76.528,,
7/11/2018 11:45,14.8349,76.528,,
7/11/2018 12:00,14.8327,76.528,,
7/11/2018 12:15,14.8305,76.528,,
7/11/2018 12:30,14.8292,76.876,,
7/11/2018 12:45,14.8272,76.876,,
7/11/2018 13:00,14.8255,77.05,,
7/11/2018 13:15,14.8211,77.05,,
7/11/2018 13:30,14.8194,77.225,,
7/11/2018 13:45,14.8172,77.225,,
7/11/2018 14:00,14.8133,77.4,,
7/11/2018 14:15,14.8107,77.225,,
7/11/2018 14:30,14.8063,77.225,,
7/11/2018 14:45,14.8041,77.225,,
7/11/2018 15:00,14.8041,77.225,,
7/11/2018 15:15,14.8026,77.4,,
7/11/2018 15:30,14.802,77.225,,
7/11/2018 15:45,14.8041,77.225,,
7/11/2018 16:00,14.8041,77.225,,
7/11/2018 16:15,14.8037,77.05,,
7/11/2018 16:30,14.8059,77.05,,
7/11/2018 16:45,14.8059,77.05,,
7/11/2018 17:00,14.8076,76.876,,
7/11/2018 17:15,14.8076,76.876,,
7/11/2018 17:30,14.8098,76.876,,
7/11/2018 17:45,14.8098,76.876,,
7/11/2018 18:00,14.812,76.876,,
7/11/2018 18:15,14.8142,76.876,,
7/11/2018 18:30,14.8142,76.876,,
7/11/2018 18:45,14.8223,76.703,,
7/11/2018 19:00,14.8266,76.703,,
7/11/2018 19:15,14.8288,76.703,,
7/11/2018 19:30,14.8353,76.703,,
7/11/2018 19:45,14.8397,76.703,,
7/11/2018 20:00,14.8479,76.528,,
7/11/2018 20:15,14.8501,76.528,,
7/11/2018 20:30,14.8501,76.528,,
7/11/2018 20:45,14.8479,76.528,,
7/11/2018 21:00,14.8479,76.528,,
7/11/2018 21:15,14.8458,76.528,,
7/11/2018 21:30,14.8436,76.528,,
7/11/2018 21:45,14.8414,76.528,,
7/11/2018 22:00,14.8392,76.528,,
7/11/2018 22:15,14.8366,76.354,,
7/11/2018 22:30,14.8388,76.354,,
7/11/2018 22:45,14.8388,76.354,,
7/11/2018 23:00,14.8366,76.354,,
7/11/2018 23:15,14.8345,76.354,,
7/11/2018 23:30,14.8323,76.354,,
7/11/2018 23:45,14.8323,76.354,,
7/12/2018 0:00,14.8323,76.354,,
7/12/2018 0:15,14.8345,76.354,,
7/12/2018 0:30,14.8323,76.354,,
7/12/2018 0:45,14.8301,76.354,,
7/12/2018 1:00,14.8275,76.181,,
7/12/2018 1:15,14.8231,76.181,,
7/12/2018 1:30,14.821,76.181,,
7/12/2018 1:45,14.821,76.181,,
7/12/2018 2:00,14.8166,76.181,,
7/12/2018 2:15,14.8144,76.181,,
7/12/2018 2:30,14.8144,76.181,,
7/12/2018 2:45,14.8123,76.181,,
7/12/2018 3:00,14.8123,76.181,,
7/12/2018 3:15,14.8079,76.181,,
7/12/2018 3:30,14.8079,76.181,,
7/12/2018 3:45,14.8079,76.181,,
7/12/2018 4:00,14.8079,76.181,,
7/12/2018 4:15,14.8031,76.006,,
7/12/2018 4:30,14.8031,76.006,,
7/12/2018 4:45,14.801,76.006,,
7/12/2018 5:00,14.8031,76.006,,
7/12/2018 5:15,14.801,76.006,,
7/12/2018 5:30,14.8053,76.006,,
7/12/2018 5:45,14.8053,76.006,,
7/12/2018 6:00,14.8097,76.006,,
7/12/2018 6:15,14.8118,76.006,,
7/12/2018 6:30,14.814,76.006,,
7/12/2018 6:45,14.814,76.006,,
7/12/2018 7:00,14.8162,76.006,,
7/12/2018 7:15,14.8162,76.006,,
7/12/2018 7:30,14.8184,76.006,,
7/12/2018 7:45,14.8184,76.006,,
7/12/2018 8:00,14.821,76.181,,
7/12/2018 8:15,14.8275,76.181,,
7/12/2018 8:30,14.8275,76.181,,
7/12/2018 8:45,14.8297,76.181,,
7/12/2018 9:00,14.8323,76.354,,
7/12/2018 9:15,14.8323,76.354,,
7/12/2018 9:30,14.8323,76.354,,
7/12/2018 9:45,14.8349,76.528,,
7/12/2018 10:00,14.8327,76.528,,
7/12/2018 10:15,14.8327,76.528,,
7/12/2018 10:30,14.8305,76.528,,
7/12/2018 10:45,14.8305,76.528,,
7/12/2018 11:00,14.831,76.703,,
7/12/2018 11:15,14.8292,76.876,,
7/12/2018 11:30,14.8276,77.05,,
7/12/2018 11:45,14.8229,76.876,,
7/12/2018 12:00,14.8233,77.05,,
7/12/2018 12:15,14.8211,77.05,,
7/12/2018 12:30,14.8172,77.225,,
7/12/2018 12:45,14.816,77.574,,
7/12/2018 13:00,14.8143,77.749,,
7/12/2018 13:15,14.8095,77.574,,
7/12/2018 13:30,14.803,77.574,,
7/12/2018 13:45,14.803,77.574,,
7/12/2018 14:00,14.8026,77.4,,
7/12/2018 14:15,14.7998,77.225,,
7/12/2018 14:30,14.7956,77.225,,
7/12/2018 14:45,14.7946,76.876,,
7/12/2018 15:00,14.7928,77.05,,
7/12/2018 15:15,14.7907,77.05,,
7/12/2018 15:30,14.7869,77.225,,
7/12/2018 15:45,14.7843,77.05,,
7/12/2018 16:00,14.7891,77.225,,
7/12/2018 16:15,14.7907,77.05,,
7/12/2018 16:30,14.7898,76.703,,
7/12/2018 16:45,14.7898,76.703,,
7/12/2018 17:00,14.7894,76.528,,
7/12/2018 17:15,14.7915,76.528,,
7/12/2018 17:30,14.7889,76.354,,
7/12/2018 17:45,14.7889,76.354,,
7/12/2018 18:00,14.7928,76.181,,
7/12/2018 18:15,14.7928,76.181,,
7/12/2018 18:30,14.7944,76.006,,
7/12/2018 18:45,14.7923,76.006,,
7/12/2018 19:00,14.7944,76.006,,
7/12/2018 19:15,14.7962,75.832,,
7/12/2018 19:30,14.8005,75.832,,
7/12/2018 19:45,14.8005,75.832,,
7/12/2018 20:00,14.8044,75.659,,
7/12/2018 20:15,14.8044,75.659,,
7/12/2018 20:30,14.8066,75.659,,
7/12/2018 20:45,14.8062,75.484,,
7/12/2018 21:00,14.8062,75.484,,
7/12/2018 21:15,14.8084,75.484,,
7/12/2018 21:30,14.8078,75.312,,
7/12/2018 21:45,14.8078,75.312,,
7/12/2018 22:00,14.8052,75.139,,
7/12/2018 22:15,14.8073,75.139,,
7/12/2018 22:30,14.8095,75.139,,
7/12/2018 22:45,14.8069,74.964,,
7/12/2018 23:00,14.8069,74.964,,
7/12/2018 23:15,14.8021,74.791,,
7/12/2018 23:30,14.8021,74.791,,
7/12/2018 23:45,14.8017,74.619,,
7/13/2018 0:00,14.8017,74.619,,
7/13/2018 0:15,14.7995,74.619,,
7/13/2018 0:30,14.8012,74.446,,
7/13/2018 0:45,14.7969,74.446,,
7/13/2018 1:00,14.7969,74.446,,
7/13/2018 1:15,14.7969,74.446,,
7/13/2018 1:30,14.7969,74.446,,
7/13/2018 1:45,14.7943,74.271,,
7/13/2018 2:00,14.7921,74.271,,
7/13/2018 2:15,14.7921,74.271,,
7/13/2018 2:30,14.7899,74.271,,
7/13/2018 2:45,14.7834,74.271,,
7/13/2018 3:00,14.783,74.098,,
7/13/2018 3:15,14.7808,74.098,,
7/13/2018 3:30,14.783,74.098,,
7/13/2018 3:45,14.783,74.098,,
7/13/2018 4:00,14.783,74.098,,
7/13/2018 4:15,14.783,74.098,,
7/13/2018 4:30,14.7808,74.098,,
7/13/2018 4:45,14.7808,74.098,,
7/13/2018 5:00,14.7808,74.098,,
7/13/2018 5:15,14.7808,74.098,,
7/13/2018 5:30,14.7808,74.098,,
7/13/2018 5:45,14.7808,74.098,,
7/13/2018 6:00,14.783,74.098,,
7/13/2018 6:15,14.7873,74.098,,
7/13/2018 6:30,14.7895,74.098,,
7/13/2018 6:45,14.7895,74.098,,
7/13/2018 7:00,14.7921,74.271,,
7/13/2018 7:15,14.7943,74.271,,
7/13/2018 7:30,14.7965,74.271,,
7/13/2018 7:45,14.7986,74.271,,
7/13/2018 8:00,14.8034,74.446,,
7/13/2018 8:15,14.8056,74.446,,
7/13/2018 8:30,14.8099,74.446,,
7/13/2018 8:45,14.8126,74.619,,
7/13/2018 9:00,14.8169,74.619,,
7/13/2018 9:15,14.8173,74.791,,
7/13/2018 9:30,14.8173,74.791,,
7/13/2018 9:45,14.8156,74.964,,
7/13/2018 10:00,14.8139,75.139,,
7/13/2018 10:15,14.8117,75.139,,
7/13/2018 10:30,14.8099,75.312,,
7/13/2018 10:45,14.8084,75.484,,
7/13/2018 11:00,14.8084,75.484,,
7/13/2018 11:15,14.807,75.832,,
7/13/2018 11:30,14.8027,75.832,,
7/13/2018 11:45,14.7988,76.006,,
7/13/2018 12:00,14.7966,76.006,,
7/13/2018 12:15,14.7954,76.354,,
7/13/2018 12:30,14.7959,76.528,,
7/13/2018 12:45,14.7941,76.703,,
7/13/2018 13:00,14.7902,76.876,,
7/13/2018 13:15,14.7865,77.05,,
7/13/2018 13:30,14.7876,76.703,,
7/13/2018 13:45,14.7837,76.876,,
7/13/2018 14:00,14.7821,77.05,,
7/13/2018 14:15,14.7795,76.876,,
7/13/2018 14:30,14.7773,76.876,,
7/13/2018 14:45,14.7712,77.05,,
7/13/2018 15:00,14.7712,77.05,,
7/13/2018 15:15,14.7669,77.05,,
7/13/2018 15:30,14.7708,76.876,,
7/13/2018 15:45,14.7682,76.703,,
7/13/2018 16:00,14.7664,76.876,,
7/13/2018 16:15,14.766,76.703,,
7/13/2018 16:30,14.7698,76.528,,
7/13/2018 16:45,14.7719,76.528,,
7/13/2018 17:00,14.7759,76.354,,
7/13/2018 17:15,14.7737,76.354,,
7/13/2018 17:30,14.7802,76.354,,
7/13/2018 17:45,14.782,76.181,,
7/13/2018 18:00,14.782,76.181,,
7/13/2018 18:15,14.7841,76.181,,
7/13/2018 18:30,14.7863,76.181,,
7/13/2018 18:45,14.7885,76.181,,
7/13/2018 19:00,14.7885,76.181,,
7/13/2018 19:15,14.7928,76.181,,
7/13/2018 19:30,14.7928,76.181,,
7/13/2018 19:45,14.7944,76.006,,
7/13/2018 20:00,14.7944,76.006,,
7/13/2018 20:15,14.7966,76.006,,
7/13/2018 20:30,14.7966,76.006,,
7/13/2018 20:45,14.801,76.006,,
7/13/2018 21:00,14.8053,76.006,,
7/13/2018 21:15,14.8075,76.006,,
7/13/2018 21:30,14.8097,76.006,,
7/13/2018 21:45,14.8162,76.006,,
7/13/2018 22:00,14.8227,76.006,,
7/13/2018 22:15,14.8227,76.006,,
7/13/2018 22:30,14.8205,76.006,,
7/13/2018 22:45,14.8162,76.006,,
7/13/2018 23:00,14.814,76.006,,
7/13/2018 23:15,14.8118,76.006,,
7/13/2018 23:30,14.8118,76.006,,
7/13/2018 23:45,14.8075,76.006,,
7/14/2018 0:00,14.8053,76.006,,
7/14/2018 0:15,14.8053,76.006,,
7/14/2018 0:30,14.8053,76.006,,
7/14/2018 0:45,14.801,76.006,,
7/14/2018 1:00,14.7983,75.832,,
7/14/2018 1:15,14.794,75.832,,
7/14/2018 1:30,14.7918,75.832,,
7/14/2018 1:45,14.7896,75.832,,
7/14/2018 2:00,14.7918,75.832,,
7/14/2018 2:15,14.7875,75.832,,
7/14/2018 2:30,14.7831,75.832,,
7/14/2018 2:45,14.7809,75.832,,
7/14/2018 3:00,14.7789,75.832,,
7/14/2018 3:15,14.7789,75.832,,
7/14/2018 3:30,14.7789,75.832,,
7/14/2018 3:45,14.7767,75.832,,
7/14/2018 4:00,14.7789,75.832,,
7/14/2018 4:15,14.7809,75.832,,
7/14/2018 4:30,14.7809,75.832,,
7/14/2018 4:45,14.7805,75.659,,
7/14/2018 5:00,14.7827,75.659,,
7/14/2018 5:15,14.7827,75.659,,
7/14/2018 5:30,14.7827,75.659,,
7/14/2018 5:45,14.7849,75.659,,
7/14/2018 6:00,14.787,75.659,,
7/14/2018 6:15,14.7892,75.659,,
7/14/2018 6:30,14.7914,75.659,,
7/14/2018 6:45,14.7914,75.659,,
7/14/2018 7:00,14.7936,75.659,,
7/14/2018 7:15,14.7936,75.659,,
7/14/2018 7:30,14.8005,75.832,,
7/14/2018 7:45,14.8005,75.832,,
7/14/2018 8:00,14.807,75.832,,
7/14/2018 8:15,14.8114,75.832,,
7/14/2018 8:30,14.807,75.832,,
7/14/2018 8:45,14.814,76.006,,
7/14/2018 9:00,14.814,76.006,,
7/14/2018 9:15,14.8144,76.181,,
7/14/2018 9:30,14.8123,76.181,,
7/14/2018 9:45,14.8144,76.181,,
7/14/2018 10:00,14.8149,76.354,,
7/14/2018 10:15,14.8153,76.528,,
7/14/2018 10:30,14.8131,76.528,,
7/14/2018 10:45,14.8094,76.703,,
7/14/2018 11:00,14.8076,76.876,,
7/14/2018 11:15,14.8055,76.876,,
7/14/2018 11:30,14.8033,76.876,,
7/14/2018 11:45,14.7989,76.876,,
7/14/2018 12:00,14.7946,76.876,,
7/14/2018 12:15,14.795,77.05,,
7/14/2018 12:30,14.795,77.05,,
7/14/2018 12:45,14.7912,77.225,,
7/14/2018 13:00,14.7891,77.225,,
7/14/2018 13:15,14.7878,77.574,,
7/14/2018 13:30,14.786,77.749,,
7/14/2018 13:45,14.7817,77.749,,
7/14/2018 14:00,14.7762,78.098,,
7/14/2018 14:15,14.7718,78.098,,
7/14/2018 14:30,14.7701,78.274,,
7/14/2018 14:45,14.7641,78.449,,
7/14/2018 15:00,14.7701,78.274,,
7/14/2018 15:15,14.7627,77.923,,
7/14/2018 15:30,14.7622,77.749,,
7/14/2018 15:45,14.7634,77.4,,
7/14/2018 16:00,14.7651,77.225,,
7/14/2018 16:15,14.7634,77.4,,
7/14/2018 16:30,14.7634,77.4,,
7/14/2018 16:45,14.7651,77.225,,
7/14/2018 17:00,14.7651,77.225,,
7/14/2018 17:15,14.7603,77.05,,
7/14/2018 17:30,14.7647,77.05,,
7/14/2018 17:45,14.7647,77.05,,
7/14/2018 18:00,14.7686,76.876,,
7/14/2018 18:15,14.7686,76.876,,
7/14/2018 18:30,14.7708,76.876,,
7/14/2018 18:45,14.7708,76.876,,
7/14/2018 19:00,14.7704,76.703,,
7/14/2018 19:15,14.7746,76.703,,
7/14/2018 19:30,14.7767,76.703,,
7/14/2018 19:45,14.7811,76.703,,
7/14/2018 20:00,14.7811,76.703,,
7/14/2018 20:15,14.7833,76.703,,
7/14/2018 20:30,14.7854,76.703,,
7/14/2018 20:45,14.7854,76.703,,
7/14/2018 21:00,14.7876,76.703,,
7/14/2018 21:15,14.7894,76.528,,
7/14/2018 21:30,14.7894,76.528,,
7/14/2018 21:45,14.7915,76.528,,
7/14/2018 22:00,14.7937,76.528,,
7/14/2018 22:15,14.7959,76.528,,
7/14/2018 22:30,14.7981,76.528,,
7/14/2018 22:45,14.7976,76.354,,
7/14/2018 23:00,14.7976,76.354,,
7/14/2018 23:15,14.7976,76.354,,
7/14/2018 23:30,14.7998,76.354,,
7/14/2018 23:45,14.797,76.181,,
7/15/2018 0:00,14.797,76.181,,
7/15/2018 0:15,14.8014,76.181,,
7/15/2018 0:30,14.8036,76.181,,
7/15/2018 0:45,14.801,76.006,,
7/15/2018 1:00,14.8031,76.006,,
7/15/2018 1:15,14.8031,76.006,,
7/15/2018 1:30,14.8031,76.006,,
7/15/2018 1:45,14.7988,76.006,,
7/15/2018 2:00,14.7966,76.006,,
7/15/2018 2:15,14.794,75.832,,
7/15/2018 2:30,14.7918,75.832,,
7/15/2018 2:45,14.7918,75.832,,
7/15/2018 3:00,14.7896,75.832,,
7/15/2018 3:15,14.7875,75.832,,
7/15/2018 3:30,14.7875,75.832,,
7/15/2018 3:45,14.7875,75.832,,
7/15/2018 4:00,14.7875,75.832,,
7/15/2018 4:15,14.7853,75.832,,
7/15/2018 4:30,14.7896,75.832,,
7/15/2018 4:45,14.794,75.832,,
7/15/2018 5:00,14.7962,75.832,,
7/15/2018 5:15,14.8005,75.832,,
7/15/2018 5:30,14.8136,75.832,,
7/15/2018 5:45,14.8157,75.832,,
7/15/2018 6:00,14.8136,75.832,,
7/15/2018 6:15,14.8157,75.832,,
7/15/2018 6:30,14.8201,75.832,,
7/15/2018 6:45,14.8265,75.832,,
7/15/2018 7:00,14.8282,75.659,,
7/15/2018 7:15,14.826,75.659,,
7/15/2018 7:30,14.8239,75.659,,
7/15/2018 7:45,14.8217,75.659,,
7/15/2018 8:00,14.8195,75.659,,
7/15/2018 8:15,14.8195,75.659,,
7/15/2018 8:30,14.8195,75.659,,
7/15/2018 8:45,14.8201,75.832,,
7/15/2018 9:00,14.8223,75.832,,
7/15/2018 9:15,14.8179,75.832,,
7/15/2018 9:30,14.8162,76.006,,
7/15/2018 9:45,14.8166,76.181,,
7/15/2018 10:00,14.8166,76.181,,
7/15/2018 10:15,14.8149,76.354,,
7/15/2018 10:30,14.8127,76.354,,
7/15/2018 10:45,14.8094,76.703,,
7/15/2018 11:00,14.812,76.876,,
7/15/2018 11:15,14.8098,76.876,,
7/15/2018 11:30,14.8041,77.225,,
7/15/2018 11:45,14.802,77.225,,
7/15/2018 12:00,14.7978,77.225,,
7/15/2018 12:15,14.7947,77.749,,
7/15/2018 12:30,14.7952,77.923,,
7/15/2018 12:45,14.7896,78.274,,
7/15/2018 13:00,14.7879,78.449,,
7/15/2018 13:15,14.7849,78.098,,
7/15/2018 13:30,14.7822,77.923,,
7/15/2018 13:45,14.7788,78.274,,
7/15/2018 14:00,14.7783,78.098,,
7/15/2018 14:15,14.7757,77.923,,
7/15/2018 14:30,14.7709,77.749,,
7/15/2018 14:45,14.7709,77.749,,
7/15/2018 15:00,14.7688,77.749,,
7/15/2018 15:15,14.7692,77.923,,
7/15/2018 15:30,14.7675,78.098,,
7/15/2018 15:45,14.7648,77.923,,
7/15/2018 16:00,14.7609,78.098,,
7/15/2018 16:15,14.7627,77.923,,
7/15/2018 16:30,14.7644,77.749,,
7/15/2018 16:45,14.7661,77.574,,
7/15/2018 17:00,14.7677,77.4,,
7/15/2018 17:15,14.7677,77.4,,
7/15/2018 17:30,14.7695,77.225,,
7/15/2018 17:45,14.7717,77.225,,
7/15/2018 18:00,14.7717,77.225,,
7/15/2018 18:15,14.7734,77.05,,
7/15/2018 18:30,14.7734,77.05,,
7/15/2018 18:45,14.7734,77.05,,
7/15/2018 19:00,14.7756,77.05,,
7/15/2018 19:15,14.7773,76.876,,
7/15/2018 19:30,14.7773,76.876,,
7/15/2018 19:45,14.7795,76.876,,
7/15/2018 20:00,14.7795,76.876,,
7/15/2018 20:15,14.7837,76.876,,
7/15/2018 20:30,14.7837,76.876,,
7/15/2018 20:45,14.7859,76.876,,
7/15/2018 21:00,14.7876,76.703,,
7/15/2018 21:15,14.7854,76.703,,
7/15/2018 21:30,14.7876,76.703,,
7/15/2018 21:45,14.7854,76.703,,
7/15/2018 22:00,14.7854,76.703,,
7/15/2018 22:15,14.7854,76.703,,
7/15/2018 22:30,14.7854,76.703,,
7/15/2018 22:45,14.7854,76.703,,
7/15/2018 23:00,14.7828,76.528,,
7/15/2018 23:15,14.7785,76.528,,
7/15/2018 23:30,14.7763,76.528,,
7/15/2018 23:45,14.7785,76.528,,
7/16/2018 0:00,14.7785,76.528,,
7/16/2018 0:15,14.778,76.354,,
7/16/2018 0:30,14.7759,76.354,,
7/16/2018 0:45,14.7759,76.354,,
7/16/2018 1:00,14.7759,76.354,,
7/16/2018 1:15,14.7711,76.181,,
7/16/2018 1:30,14.7711,76.181,,
7/16/2018 1:45,14.7733,76.181,,
7/16/2018 2:00,14.7733,76.181,,
7/16/2018 2:15,14.7733,76.181,,
7/16/2018 2:30,14.7728,76.006,,
7/16/2018 2:45,14.7728,76.006,,
7/16/2018 3:00,14.7706,76.006,,
7/16/2018 3:15,14.775,76.006,,
7/16/2018 3:30,14.7728,76.006,,
7/16/2018 3:45,14.7728,76.006,,
7/16/2018 4:00,14.7702,75.832,,
7/16/2018 4:15,14.768,75.832,,
7/16/2018 4:30,14.768,75.832,,
7/16/2018 4:45,14.768,75.832,,
7/16/2018 5:00,14.7676,75.659,,
7/16/2018 5:15,14.7676,75.659,,
7/16/2018 5:30,14.7676,75.659,,
7/16/2018 5:45,14.7676,75.659,,
7/16/2018 6:00,14.7698,75.659,,
7/16/2018 6:15,14.7714,75.484,,
7/16/2018 6:30,14.7735,75.484,,
7/16/2018 6:45,14.7757,75.484,,
7/16/2018 7:00,14.7757,75.484,,
7/16/2018 7:15,14.7801,75.484,,
7/16/2018 7:30,14.7775,75.312,,
7/16/2018 7:45,14.7818,75.312,,
7/16/2018 8:00,14.784,75.312,,
7/16/2018 8:15,14.784,75.312,,
7/16/2018 8:30,14.784,75.312,,
7/16/2018 8:45,14.7883,75.312,,
7/16/2018 9:00,14.7866,75.484,,
7/16/2018 9:15,14.787,75.659,,
7/16/2018 9:30,14.787,75.659,,
7/16/2018 9:45,14.7875,75.832,,
7/16/2018 10:00,14.7879,76.006,,
7/16/2018 10:15,14.7859,76.006,,
7/16/2018 10:30,14.7859,76.006,,
7/16/2018 10:45,14.7863,76.181,,
7/16/2018 11:00,14.7807,76.528,,
7/16/2018 11:15,14.7824,76.354,,
7/16/2018 11:30,14.7824,76.354,,
7/16/2018 11:45,14.7811,76.703,,
7/16/2018 12:00,14.7795,76.876,,
7/16/2018 12:15,14.7764,77.4,,
7/16/2018 12:30,14.7757,77.923,,
7/16/2018 12:45,14.7714,77.923,,
7/16/2018 13:00,14.7696,78.098,,
7/16/2018 13:15,14.7685,78.449,,
7/16/2018 13:30,14.7624,78.624,,
7/16/2018 13:45,14.7632,78.975,,
7/16/2018 14:00,14.7595,79.151,,
7/16/2018 14:15,14.7556,79.326,,
7/16/2018 14:30,14.7556,79.326,,
7/16/2018 14:45,14.7551,79.151,,
7/16/2018 15:00,14.7525,78.975,,
7/16/2018 15:15,14.7541,78.8,,
7/16/2018 15:30,14.7515,78.624,,
7/16/2018 15:45,14.7515,78.624,,
7/16/2018 16:00,14.7532,78.449,,
7/16/2018 16:15,14.7532,78.449,,
7/16/2018 16:30,14.7528,78.274,,
7/16/2018 16:45,14.7522,78.098,,
7/16/2018 17:00,14.7583,77.923,,
7/16/2018 17:15,14.7601,77.749,,
7/16/2018 17:30,14.7612,77.4,,
7/16/2018 17:45,14.7612,77.4,,
7/16/2018 18:00,14.7608,77.225,,
7/16/2018 18:15,14.763,77.225,,
7/16/2018 18:30,14.7625,77.05,,
7/16/2018 18:45,14.7625,77.05,,
7/16/2018 19:00,14.7647,77.05,,
7/16/2018 19:15,14.7664,76.876,,
7/16/2018 19:30,14.7686,76.876,,
7/16/2018 19:45,14.7686,76.876,,
7/16/2018 20:00,14.7682,76.703,,
7/16/2018 20:15,14.7725,76.703,,
7/16/2018 20:30,14.7725,76.703,,
7/16/2018 20:45,14.7741,76.528,,
7/16/2018 21:00,14.7763,76.528,,
7/16/2018 21:15,14.7785,76.528,,
7/16/2018 21:30,14.778,76.354,,
7/16/2018 21:45,14.778,76.354,,
7/16/2018 22:00,14.778,76.354,,
7/16/2018 22:15,14.7802,76.354,,
7/16/2018 22:30,14.7798,76.181,,
7/16/2018 22:45,14.7776,76.181,,
7/16/2018 23:00,14.7754,76.181,,
7/16/2018 23:15,14.7754,76.181,,
7/16/2018 23:30,14.7754,76.181,,
7/16/2018 23:45,14.7793,76.006,,
7/17/2018 0:00,14.7815,76.006,,
7/17/2018 0:15,14.7815,76.006,,
7/17/2018 0:30,14.7789,75.832,,
7/17/2018 0:45,14.7746,75.832,,
7/17/2018 1:00,14.7746,75.832,,
7/17/2018 1:15,14.7746,75.832,,
7/17/2018 1:30,14.7702,75.832,,
7/17/2018 1:45,14.7702,75.832,,
7/17/2018 2:00,14.7676,75.659,,
7/17/2018 2:15,14.7676,75.659,,
7/17/2018 2:30,14.7676,75.659,,
7/17/2018 2:45,14.7676,75.659,,
7/17/2018 3:00,14.7672,75.484,,
7/17/2018 3:15,14.7692,75.484,,
7/17/2018 3:30,14.7692,75.484,,
7/17/2018 3:45,14.7672,75.484,,
7/17/2018 4:00,14.765,75.484,,
7/17/2018 4:15,14.7688,75.312,,
7/17/2018 4:30,14.7666,75.312,,
7/17/2018 4:45,14.7688,75.312,,
7/17/2018 5:00,14.7709,75.312,,
7/17/2018 5:15,14.7731,75.312,,
7/17/2018 5:30,14.7753,75.312,,
7/17/2018 5:45,14.7748,75.139,,
7/17/2018 6:00,14.777,75.139,,
7/17/2018 6:15,14.7792,75.139,,
7/17/2018 6:30,14.7814,75.139,,
7/17/2018 6:45,14.7857,75.139,,
7/17/2018 7:00,14.7901,75.139,,
7/17/2018 7:15,14.7923,75.139,,
7/17/2018 7:30,14.7944,75.139,,
7/17/2018 7:45,14.796,74.964,,
7/17/2018 8:00,14.796,74.964,,
7/17/2018 8:15,14.7982,74.964,,
7/17/2018 8:30,14.8004,74.964,,
7/17/2018 8:45,14.803,75.139,,
7/17/2018 9:00,14.803,75.139,,
7/17/2018 9:15,14.8056,75.312,,
7/17/2018 9:30,14.8062,75.484,,
7/17/2018 9:45,14.8066,75.659,,
7/17/2018 10:00,14.807,75.832,,
7/17/2018 10:15,14.8031,76.006,,
7/17/2018 10:30,14.8036,76.181,,
7/17/2018 10:45,14.804,76.354,,
7/17/2018 11:00,14.8024,76.528,,
7/17/2018 11:15,14.8011,76.876,,
7/17/2018 11:30,14.795,77.05,,
7/17/2018 11:45,14.7912,77.225,,
7/17/2018 12:00,14.7899,77.574,,
7/17/2018 12:15,14.786,77.749,,
7/17/2018 12:30,14.7849,78.098,,
7/17/2018 12:45,14.7831,78.274,,
7/17/2018 13:00,14.7836,78.449,,
7/17/2018 13:15,14.7802,78.8,,
7/17/2018 13:30,14.7785,78.975,,
7/17/2018 13:45,14.7741,78.975,,
7/17/2018 14:00,14.7724,79.151,,
7/17/2018 14:15,14.7724,79.151,,
7/17/2018 14:30,14.7702,79.151,,
7/17/2018 14:45,14.7676,78.975,,
7/17/2018 15:00,14.7672,78.8,,
7/17/2018 15:15,14.7672,78.8,,
7/17/2018 15:30,14.7667,78.624,,
7/17/2018 15:45,14.7663,78.449,,
7/17/2018 16:00,14.7675,78.098,,
7/17/2018 16:15,14.7714,77.923,,
7/17/2018 16:30,14.7704,77.574,,
7/17/2018 16:45,14.7695,77.225,,
7/17/2018 17:00,14.7712,77.05,,
7/17/2018 17:15,14.7708,76.876,,
7/17/2018 17:30,14.7725,76.703,,
7/17/2018 17:45,14.7746,76.703,,
7/17/2018 18:00,14.7741,76.528,,
7/17/2018 18:15,14.7763,76.528,,
7/17/2018 18:30,14.778,76.354,,
7/17/2018 18:45,14.7802,76.354,,
7/17/2018 19:00,14.7824,76.354,,
7/17/2018 19:15,14.7841,76.181,,
7/17/2018 19:30,14.7863,76.181,,
7/17/2018 19:45,14.7863,76.181,,
7/17/2018 20:00,14.7885,76.181,,
7/17/2018 20:15,14.7885,76.181,,
7/17/2018 20:30,14.7907,76.181,,
7/17/2018 20:45,14.7923,76.006,,
7/17/2018 21:00,14.7923,76.006,,
7/17/2018 21:15,14.7923,76.006,,
7/17/2018 21:30,14.7944,76.006,,
7/17/2018 21:45,14.7966,76.006,,
7/17/2018 22:00,14.7966,76.006,,
7/17/2018 22:15,14.794,75.832,,
7/17/2018 22:30,14.794,75.832,,
7/17/2018 22:45,14.794,75.832,,
7/17/2018 23:00,14.7918,75.832,,
7/17/2018 23:15,14.794,75.832,,
7/17/2018 23:30,14.7936,75.659,,
7/17/2018 23:45,14.7914,75.659,,
7/18/2018 0:00,14.7936,75.659,,
7/18/2018 0:15,14.7936,75.659,,
7/18/2018 0:30,14.7936,75.659,,
7/18/2018 0:45,14.7953,75.484,,
7/18/2018 1:00,14.7909,75.484,,
7/18/2018 1:15,14.7888,75.484,,
7/18/2018 1:30,14.7909,75.484,,
7/18/2018 1:45,14.7905,75.312,,
7/18/2018 2:00,14.7883,75.312,,
7/18/2018 2:15,14.7883,75.312,,
7/18/2018 2:30,14.7862,75.312,,
7/18/2018 2:45,14.7857,75.139,,
7/18/2018 3:00,14.7857,75.139,,
7/18/2018 3:15,14.7836,75.139,,
7/18/2018 3:30,14.7836,75.139,,
7/18/2018 3:45,14.7836,75.139,,
7/18/2018 4:00,14.7814,75.139,,
7/18/2018 4:15,14.7809,74.964,,
7/18/2018 4:30,14.7788,74.964,,
7/18/2018 4:45,14.7831,74.964,,
7/18/2018 5:00,14.7827,74.791,,
7/18/2018 5:15,14.7849,74.791,,
7/18/2018 5:30,14.7869,74.791,,
7/18/2018 5:45,14.7891,74.791,,
7/18/2018 6:00,14.7886,74.619,,
7/18/2018 6:15,14.793,74.619,,
7/18/2018 6:30,14.793,74.619,,
7/18/2018 6:45,14.7969,74.446,,
7/18/2018 7:00,14.7969,74.446,,
7/18/2018 7:15,14.8012,74.446,,
7/18/2018 7:30,14.8056,74.446,,
7/18/2018 7:45,14.8056,74.446,,
7/18/2018 8:00,14.8095,74.271,,
7/18/2018 8:15,14.8117,74.271,,
7/18/2018 8:30,14.8137,74.271,,
7/18/2018 8:45,14.8159,74.271,,
7/18/2018 9:00,14.8165,74.446,,
7/18/2018 9:15,14.8191,74.619,,
7/18/2018 9:30,14.8195,74.791,,
7/18/2018 9:45,14.8221,74.964,,
7/18/2018 10:00,14.8204,75.139,,
7/18/2018 10:15,14.8204,75.139,,
7/18/2018 10:30,14.8187,75.312,,
7/18/2018 10:45,14.8147,75.484,,
7/18/2018 11:00,14.8136,75.832,,
7/18/2018 11:15,14.8123,76.181,,
7/18/2018 11:30,14.8089,76.528,,
7/18/2018 11:45,14.8068,76.528,,
7/18/2018 12:00,14.8028,76.703,,
7/18/2018 12:15,14.8037,77.05,,
7/18/2018 12:30,14.8026,77.4,,
7/18/2018 12:45,14.802,77.225,,
7/18/2018 13:00,14.7989,76.876,,
7/18/2018 13:15,14.7937,76.528,,
7/18/2018 13:30,14.7915,76.528,,
7/18/2018 13:45,14.7889,76.354,,
7/18/2018 14:00,14.7907,76.181,,
7/18/2018 14:15,14.7907,76.181,,
7/18/2018 14:30,14.7885,76.181,,
7/18/2018 14:45,14.7885,76.181,,
7/18/2018 15:00,14.7863,76.181,,
7/18/2018 15:15,14.7863,76.181,,
7/18/2018 15:30,14.7863,76.181,,
7/18/2018 15:45,14.7879,76.006,,
7/18/2018 16:00,14.7885,76.181,,
7/18/2018 16:15,14.7944,76.006,,
7/18/2018 16:30,14.7954,76.354,,
7/18/2018 16:45,14.797,76.181,,
7/18/2018 17:00,14.7988,76.006,,
7/18/2018 17:15,14.8001,75.659,,
7/18/2018 17:30,14.8018,75.484,,
7/18/2018 17:45,14.804,75.484,,
7/18/2018 18:00,14.8036,75.312,,
7/18/2018 18:15,14.8078,75.312,,
7/18/2018 18:30,14.8073,75.139,,
7/18/2018 18:45,14.8095,75.139,,
7/18/2018 19:00,14.816,75.139,,
7/18/2018 19:15,14.82,74.964,,
7/18/2018 19:30,14.8221,74.964,,
7/18/2018 19:45,14.8243,74.964,,
7/18/2018 20:00,14.826,74.791,,
7/18/2018 20:15,14.826,74.791,,
7/18/2018 20:30,14.8282,74.791,,
7/18/2018 20:45,14.8298,74.619,,
7/18/2018 21:00,14.8298,74.619,,
7/18/2018 21:15,14.832,74.619,,
7/18/2018 21:30,14.8316,74.446,,
7/18/2018 21:45,14.8316,74.446,,
7/18/2018 22:00,14.8337,74.446,,
7/18/2018 22:15,14.8316,74.446,,
7/18/2018 22:30,14.8289,74.271,,
7/18/2018 22:45,14.8289,74.271,,
7/18/2018 23:00,14.8289,74.271,,
7/18/2018 23:15,14.8263,74.098,,
7/18/2018 23:30,14.8242,74.098,,
7/18/2018 23:45,14.8242,74.098,,
7/19/2018 0:00,14.8242,74.098,,
7/19/2018 0:15,14.8259,73.926,,
7/19/2018 0:30,14.8237,73.926,,
7/19/2018 0:45,14.8216,73.926,,
7/19/2018 1:00,14.8194,73.926,,
7/19/2018 1:15,14.8172,73.926,,
7/19/2018 1:30,14.815,73.926,,
7/19/2018 1:45,14.8146,73.753,,
7/19/2018 2:00,14.8102,73.753,,
7/19/2018 2:15,14.8081,73.753,,
7/19/2018 2:30,14.8081,73.753,,
7/19/2018 2:45,14.8059,73.753,,
7/19/2018 3:00,14.8059,73.753,,
7/19/2018 3:15,14.8059,73.753,,
7/19/2018 3:30,14.8037,73.753,,
7/19/2018 3:45,14.8037,73.753,,
7/19/2018 4:00,14.8037,73.753,,
7/19/2018 4:15,14.8055,73.58,,
7/19/2018 4:30,14.8033,73.58,,
7/19/2018 4:45,14.8055,73.58,,
7/19/2018 5:00,14.8055,73.58,,
7/19/2018 5:15,14.8098,73.58,,
7/19/2018 5:30,14.812,73.58,,
7/19/2018 5:45,14.8142,73.58,,
7/19/2018 6:00,14.8142,73.58,,
7/19/2018 6:15,14.8185,73.58,,
7/19/2018 6:30,14.8185,73.58,,
7/19/2018 6:45,14.8229,73.58,,
7/19/2018 7:00,14.8272,73.58,,
7/19/2018 7:15,14.8255,73.753,,
7/19/2018 7:30,14.8276,73.753,,
7/19/2018 7:45,14.8276,73.753,,
7/19/2018 8:00,14.832,73.753,,
7/19/2018 8:15,14.8324,73.926,,
7/19/2018 8:30,14.8368,73.926,,
7/19/2018 8:45,14.835,74.098,,
7/19/2018 9:00,14.8333,74.271,,
7/19/2018 9:15,14.8359,74.446,,
7/19/2018 9:30,14.8385,74.619,,
7/19/2018 9:45,14.8394,74.964,,
7/19/2018 10:00,14.8378,75.139,,
7/19/2018 10:15,14.8361,75.312,,
7/19/2018 10:30,14.8343,75.484,,
7/19/2018 10:45,14.8343,75.484,,
7/19/2018 11:00,14.8308,75.832,,
7/19/2018 11:15,14.8301,76.354,,
7/19/2018 11:30,14.8272,76.876,,
7/19/2018 11:45,14.8189,77.05,,
7/19/2018 12:00,14.8155,77.4,,
7/19/2018 12:15,14.8143,77.749,,
7/19/2018 12:30,14.8152,78.098,,
7/19/2018 12:45,14.8113,78.274,,
7/19/2018 13:00,14.8113,78.274,,
7/19/2018 13:15,14.8075,78.449,,
7/19/2018 13:30,14.804,78.8,,
7/19/2018 13:45,14.8007,79.151,,
7/19/2018 14:00,14.7989,79.326,,
7/19/2018 14:15,14.7989,79.326,,
7/19/2018 14:30,14.793,79.502,,
7/19/2018 14:45,14.7946,79.326,,
7/19/2018 15:00,14.7941,79.151,,
7/19/2018 15:15,14.7953,78.8,,
7/19/2018 15:30,14.7962,78.274,,
7/19/2018 15:45,14.7952,77.923,,
7/19/2018 16:00,14.7952,77.923,,
7/19/2018 16:15,14.7925,77.749,,
7/19/2018 16:30,14.7943,77.574,,
7/19/2018 16:45,14.7917,77.4,,
7/19/2018 17:00,14.7928,77.05,,
7/19/2018 17:15,14.7946,76.876,,
7/19/2018 17:30,14.7941,76.703,,
7/19/2018 17:45,14.7941,76.703,,
7/19/2018 18:00,14.7959,76.528,,
7/19/2018 18:15,14.7937,76.528,,
7/19/2018 18:30,14.7959,76.528,,
7/19/2018 18:45,14.7976,76.354,,
7/19/2018 19:00,14.7998,76.354,,
7/19/2018 19:15,14.802,76.354,,
7/19/2018 19:30,14.8057,76.181,,
7/19/2018 19:45,14.8057,76.181,,
7/19/2018 20:00,14.8079,76.181,,
7/19/2018 20:15,14.8101,76.181,,
7/19/2018 20:30,14.8118,76.006,,
7/19/2018 20:45,14.8118,76.006,,
7/19/2018 21:00,14.8118,76.006,,
7/19/2018 21:15,14.8118,76.006,,
7/19/2018 21:30,14.8162,76.006,,
7/19/2018 21:45,14.8157,75.832,,
7/19/2018 22:00,14.8157,75.832,,
7/19/2018 22:15,14.8157,75.832,,
7/19/2018 22:30,14.8157,75.832,,
7/19/2018 22:45,14.8157,75.832,,
7/19/2018 23:00,14.8157,75.832,,
7/19/2018 23:15,14.8157,75.832,,
7/19/2018 23:30,14.8136,75.832,,
7/19/2018 23:45,14.8131,75.659,,
7/20/2018 0:00,14.811,75.659,,
7/20/2018 0:15,14.8131,75.659,,
7/20/2018 0:30,14.8131,75.659,,
7/20/2018 0:45,14.8088,75.659,,
7/20/2018 1:00,14.811,75.659,,
7/20/2018 1:15,14.8066,75.659,,
7/20/2018 1:30,14.8044,75.659,,
7/20/2018 1:45,14.8001,75.659,,
7/20/2018 2:00,14.8001,75.659,,
7/20/2018 2:15,14.7957,75.659,,
7/20/2018 2:30,14.7953,75.484,,
7/20/2018 2:45,14.7931,75.484,,
7/20/2018 3:00,14.7931,75.484,,
7/20/2018 3:15,14.7953,75.484,,
7/20/2018 3:30,14.7953,75.484,,
7/20/2018 3:45,14.7953,75.484,,
7/20/2018 4:00,14.7953,75.484,,
7/20/2018 4:15,14.7953,75.484,,
7/20/2018 4:30,14.7953,75.484,,
7/20/2018 4:45,14.7975,75.484,,
7/20/2018 5:00,14.7997,75.484,,
7/20/2018 5:15,14.7997,75.484,,
7/20/2018 5:30,14.8018,75.484,,
7/20/2018 5:45,14.8062,75.484,,
7/20/2018 6:00,14.8084,75.484,,
7/20/2018 6:15,14.8062,75.484,,
7/20/2018 6:30,14.8105,75.484,,
7/20/2018 6:45,14.8126,75.484,,
7/20/2018 7:00,14.8121,75.312,,
7/20/2018 7:15,14.8143,75.312,,
7/20/2018 7:30,14.8187,75.312,,
7/20/2018 7:45,14.8187,75.312,,
7/20/2018 8:00,14.8234,75.484,,
7/20/2018 8:15,14.8278,75.484,,
7/20/2018 8:30,14.8278,75.484,,
7/20/2018 8:45,14.8326,75.659,,
7/20/2018 9:00,14.8326,75.659,,
7/20/2018 9:15,14.8347,75.659,,
7/20/2018 9:30,14.8352,75.832,,
7/20/2018 9:45,14.8378,76.006,,
7/20/2018 10:00,14.8378,76.006,,
7/20/2018 10:15,14.84,76.006,,
7/20/2018 10:30,14.8384,76.181,,
7/20/2018 10:45,14.8388,76.354,,
7/20/2018 11:00,14.8345,76.354,,
7/20/2018 11:15,14.831,76.703,,
7/20/2018 11:30,14.8272,76.876,,
7/20/2018 11:45,14.8211,77.05,,
7/20/2018 12:00,14.8185,76.876,,
7/20/2018 12:15,14.8146,77.05,,
7/20/2018 12:30,14.8102,77.05,,
7/20/2018 12:45,14.8081,77.05,,
7/20/2018 13:00,14.8047,77.4,,
7/20/2018 13:15,14.8004,77.4,,
7/20/2018 13:30,14.7982,77.4,,
7/20/2018 13:45,14.7904,77.749,,
7/20/2018 14:00,14.7888,77.923,,
7/20/2018 14:15,14.7866,77.923,,
7/20/2018 14:30,14.7844,77.923,,
7/20/2018 14:45,14.7822,77.923,,
7/20/2018 15:00,14.7783,78.098,,
7/20/2018 15:15,14.7762,78.098,,
7/20/2018 15:30,14.7744,78.274,,
7/20/2018 15:45,14.7744,78.274,,
7/20/2018 16:00,14.7788,78.274,,
7/20/2018 16:15,14.7762,78.098,,
7/20/2018 16:30,14.7796,77.749,,
7/20/2018 16:45,14.7786,77.4,,
7/20/2018 17:00,14.7782,77.225,,
7/20/2018 17:15,14.776,77.225,,
7/20/2018 17:30,14.7799,77.05,,
7/20/2018 17:45,14.7795,76.876,,
7/20/2018 18:00,14.7789,76.703,,
7/20/2018 18:15,14.7807,76.528,,
7/20/2018 18:30,14.7828,76.528,,
7/20/2018 18:45,14.7828,76.528,,
7/20/2018 19:00,14.7867,76.354,,
7/20/2018 19:15,14.7889,76.354,,
7/20/2018 19:30,14.7933,76.354,,
7/20/2018 19:45,14.7933,76.354,,
7/20/2018 20:00,14.795,76.181,,
7/20/2018 20:15,14.797,76.181,,
7/20/2018 20:30,14.797,76.181,,
7/20/2018 20:45,14.7992,76.181,,
7/20/2018 21:00,14.801,76.006,,
7/20/2018 21:15,14.7966,76.006,,
7/20/2018 21:30,14.7923,76.006,,
7/20/2018 21:45,14.7944,76.006,,
7/20/2018 22:00,14.7918,75.832,,
7/20/2018 22:15,14.7918,75.832,,
7/20/2018 22:30,14.7918,75.832,,
7/20/2018 22:45,14.7896,75.832,,
7/20/2018 23:00,14.7875,75.832,,
7/20/2018 23:15,14.787,75.659,,
7/20/2018 23:30,14.787,75.659,,
7/20/2018 23:45,14.7849,75.659,,
7/21/2018 0:00,14.787,75.659,,
7/21/2018 0:15,14.7849,75.659,,
7/21/2018 0:30,14.7827,75.659,,
7/21/2018 0:45,14.7801,75.484,,
7/21/2018 1:00,14.7822,75.484,,
7/21/2018 1:15,14.7801,75.484,,
7/21/2018 1:30,14.7801,75.484,,
7/21/2018 1:45,14.7757,75.484,,
7/21/2018 2:00,14.7757,75.484,,
7/21/2018 2:15,14.7731,75.312,,
7/21/2018 2:30,14.7709,75.312,,
7/21/2018 2:45,14.7688,75.312,,
7/21/2018 3:00,14.7661,75.139,,
7/21/2018 3:15,14.7661,75.139,,
7/21/2018 3:30,14.7661,75.139,,
7/21/2018 3:45,14.7661,75.139,,
7/21/2018 4:00,14.7661,75.139,,
7/21/2018 4:15,14.7679,74.964,,
7/21/2018 4:30,14.7701,74.964,,
7/21/2018 4:45,14.7679,74.964,,
7/21/2018 5:00,14.7679,74.964,,
7/21/2018 5:15,14.7701,74.964,,
7/21/2018 5:30,14.7679,74.964,,
7/21/2018 5:45,14.7701,74.964,,
7/21/2018 6:00,14.7722,74.964,,
7/21/2018 6:15,14.774,74.791,,
7/21/2018 6:30,14.774,74.791,,
7/21/2018 6:45,14.7805,74.791,,
7/21/2018 7:00,14.7827,74.791,,
7/21/2018 7:15,14.7827,74.791,,
7/21/2018 7:30,14.7869,74.791,,
7/21/2018 7:45,14.7891,74.791,,
7/21/2018 8:00,14.7934,74.791,,
7/21/2018 8:15,14.796,74.964,,
7/21/2018 8:30,14.7982,74.964,,
7/21/2018 8:45,14.8004,74.964,,
7/21/2018 9:00,14.8008,75.139,,
7/21/2018 9:15,14.8008,75.139,,
7/21/2018 9:30,14.8014,75.312,,
7/21/2018 9:45,14.7992,75.312,,
7/21/2018 10:00,14.8014,75.312,,
7/21/2018 10:15,14.797,75.312,,
7/21/2018 10:30,14.7975,75.484,,
7/21/2018 10:45,14.7953,75.484,,
7/21/2018 11:00,14.7875,75.832,,
7/21/2018 11:15,14.7896,75.832,,
7/21/2018 11:30,14.7875,75.832,,
7/21/2018 11:45,14.7853,75.832,,
7/21/2018 12:00,14.7831,75.832,,
7/21/2018 12:15,14.7809,75.832,,
7/21/2018 12:30,14.7793,76.006,,
7/21/2018 12:45,14.7772,76.006,,
7/21/2018 13:00,14.775,76.006,,
7/21/2018 13:15,14.7728,76.006,,
7/21/2018 13:30,14.7689,76.181,,
7/21/2018 13:45,14.7646,76.181,,
7/21/2018 14:00,14.7624,76.181,,
7/21/2018 14:15,14.7585,76.354,,
7/21/2018 14:30,14.759,76.528,,
7/21/2018 14:45,14.7547,76.528,,
7/21/2018 15:00,14.7564,76.354,,
7/21/2018 15:15,14.7543,76.354,,
7/21/2018 15:30,14.7543,76.354,,
7/21/2018 15:45,14.7543,76.354,,
7/21/2018 16:00,14.7547,76.528,,
7/21/2018 16:15,14.7585,76.354,,
7/21/2018 16:30,14.7606,76.354,,
7/21/2018 16:45,14.7585,76.354,,
7/21/2018 17:00,14.7606,76.354,,
7/21/2018 17:15,14.7624,76.181,,
7/21/2018 17:30,14.7624,76.181,,
7/21/2018 17:45,14.7646,76.181,,
7/21/2018 18:00,14.7667,76.181,,
7/21/2018 18:15,14.7663,76.006,,
7/21/2018 18:30,14.7663,76.006,,
7/21/2018 18:45,14.7685,76.006,,
7/21/2018 19:00,14.7706,76.006,,
7/21/2018 19:15,14.7702,75.832,,
7/21/2018 19:30,14.7724,75.832,,
7/21/2018 19:45,14.7746,75.832,,
7/21/2018 20:00,14.7746,75.832,,
7/21/2018 20:15,14.7762,75.659,,
7/21/2018 20:30,14.7783,75.659,,
7/21/2018 20:45,14.7783,75.659,,
7/21/2018 21:00,14.7805,75.659,,
7/21/2018 21:15,14.7827,75.659,,
7/21/2018 21:30,14.7849,75.659,,
7/21/2018 21:45,14.7866,75.484,,
7/21/2018 22:00,14.7866,75.484,,
7/21/2018 22:15,14.7866,75.484,,
7/21/2018 22:30,14.7888,75.484,,
7/21/2018 22:45,14.7888,75.484,,
7/21/2018 23:00,14.7888,75.484,,
7/21/2018 23:15,14.7888,75.484,,
7/21/2018 23:30,14.7888,75.484,,
7/21/2018 23:45,14.7862,75.312,,
7/22/2018 0:00,14.7883,75.312,,
7/22/2018 0:15,14.7862,75.312,,
7/22/2018 0:30,14.7862,75.312,,
7/22/2018 0:45,14.7879,75.139,,
7/22/2018 1:00,14.7857,75.139,,
7/22/2018 1:15,14.7814,75.139,,
7/22/2018 1:30,14.7792,75.139,,
7/22/2018 1:45,14.777,75.139,,
7/22/2018 2:00,14.7766,74.964,,
7/22/2018 2:15,14.7722,74.964,,
7/22/2018 2:30,14.7722,74.964,,
7/22/2018 2:45,14.7701,74.964,,
7/22/2018 3:00,14.7744,74.964,,
7/22/2018 3:15,14.7722,74.964,,
7/22/2018 3:30,14.774,74.791,,
7/22/2018 3:45,14.774,74.791,,
7/22/2018 4:00,14.7762,74.791,,
7/22/2018 4:15,14.774,74.791,,
7/22/2018 4:30,14.774,74.791,,
7/22/2018 4:45,14.774,74.791,,
7/22/2018 5:00,14.774,74.791,,
7/22/2018 5:15,14.7762,74.791,,
7/22/2018 5:30,14.7805,74.791,,
7/22/2018 5:45,14.7827,74.791,,
7/22/2018 6:00,14.7912,74.791,,
7/22/2018 6:15,14.8043,74.791,,
7/22/2018 6:30,14.8303,74.791,,
7/22/2018 6:45,14.8416,74.964,,
7/22/2018 7:00,14.8764,74.964,,
7/22/2018 7:15,14.9926,74.619,,
7/22/2018 7:30,14.9686,74.619,,
7/22/2018 7:45,15.0316,74.619,,
7/22/2018 8:00,15.0793,74.619,,
7/22/2018 8:15,15.0185,74.619,,
7/22/2018 8:30,14.9926,74.619,,
7/22/2018 8:45,14.9708,74.619,,
7/22/2018 9:00,14.9535,74.619,,
7/22/2018 9:15,14.947,74.619,,
7/22/2018 9:30,14.9557,74.619,,
7/22/2018 9:45,14.9392,74.964,,
7/22/2018 10:00,14.9245,75.139,,
7/22/2018 10:15,14.9115,75.139,,
7/22/2018 10:30,14.9006,75.139,,
7/22/2018 10:45,14.8925,75.312,,
7/22/2018 11:00,14.8842,75.484,,
7/22/2018 11:15,14.8777,75.484,,
7/22/2018 11:30,14.8716,75.659,,
7/22/2018 11:45,14.8678,75.832,,
7/22/2018 12:00,14.86,76.181,,
7/22/2018 12:15,14.8535,76.181,,
7/22/2018 12:30,14.8495,76.354,,
7/22/2018 12:45,14.8432,76.354,,
7/22/2018 13:00,14.8375,76.703,,
7/22/2018 13:15,14.8353,76.703,,
7/22/2018 13:30,14.832,77.05,,
7/22/2018 13:45,14.8288,76.703,,
7/22/2018 14:00,14.8229,76.876,,
7/22/2018 14:15,14.8181,76.703,,
7/22/2018 14:30,14.8142,76.876,,
7/22/2018 14:45,14.8124,77.05,,
7/22/2018 15:00,14.8102,77.05,,
7/22/2018 15:15,14.8041,77.225,,
7/22/2018 15:30,14.8015,77.05,,
7/22/2018 15:45,14.7989,76.876,,
7/22/2018 16:00,14.7989,76.876,,
7/22/2018 16:15,14.7968,76.876,,
7/22/2018 16:30,14.7968,76.876,,
7/22/2018 16:45,14.8007,76.703,,
7/22/2018 17:00,14.7959,76.528,,
7/22/2018 17:15,14.7976,76.354,,
7/22/2018 17:30,14.7976,76.354,,
7/22/2018 17:45,14.797,76.181,,
7/22/2018 18:00,14.797,76.181,,
7/22/2018 18:15,14.797,76.181,,
7/22/2018 18:30,14.7992,76.181,,
7/22/2018 18:45,14.801,76.006,,
7/22/2018 19:00,14.801,76.006,,
7/22/2018 19:15,14.8031,76.006,,
7/22/2018 19:30,14.8053,76.006,,
7/22/2018 19:45,14.8136,75.832,,
7/22/2018 20:00,14.8136,75.832,,
7/22/2018 20:15,14.8157,75.832,,
7/22/2018 20:30,14.8157,75.832,,
7/22/2018 20:45,14.8179,75.832,,
7/22/2018 21:00,14.8175,75.659,,
7/22/2018 21:15,14.8195,75.659,,
7/22/2018 21:30,14.8217,75.659,,
7/22/2018 21:45,14.8217,75.659,,
7/22/2018 22:00,14.8213,75.484,,
7/22/2018 22:15,14.8191,75.484,,
7/22/2018 22:30,14.8191,75.484,,
7/22/2018 22:45,14.8191,75.484,,
7/22/2018 23:00,14.8191,75.484,,
7/22/2018 23:15,14.8147,75.484,,
7/22/2018 23:30,14.8147,75.484,,
7/22/2018 23:45,14.8126,75.484,,
7/23/2018 0:00,14.8121,75.312,,
7/23/2018 0:15,14.8143,75.312,,
7/23/2018 0:30,14.8143,75.312,,
7/23/2018 0:45,14.8121,75.312,,
7/23/2018 1:00,14.8099,75.312,,
7/23/2018 1:15,14.8073,75.139,,
7/23/2018 1:30,14.8052,75.139,,
7/23/2018 1:45,14.803,75.139,,
7/23/2018 2:00,14.803,75.139,,
7/23/2018 2:15,14.8008,75.139,,
7/23/2018 2:30,14.7986,75.139,,
7/23/2018 2:45,14.7986,75.139,,
7/23/2018 3:00,14.796,74.964,,
7/23/2018 3:15,14.796,74.964,,
7/23/2018 3:30,14.7938,74.964,,
7/23/2018 3:45,14.7918,74.964,,
7/23/2018 4:00,14.7918,74.964,,
7/23/2018 4:15,14.7918,74.964,,
7/23/2018 4:30,14.7938,74.964,,
7/23/2018 4:45,14.7938,74.964,,
7/23/2018 5:00,14.796,74.964,,
7/23/2018 5:15,14.7956,74.791,,
7/23/2018 5:30,14.7956,74.791,,
7/23/2018 5:45,14.7934,74.791,,
7/23/2018 6:00,14.7956,74.791,,
7/23/2018 6:15,14.7956,74.791,,
7/23/2018 6:30,14.7982,74.964,,
7/23/2018 6:45,14.7982,74.964,,
7/23/2018 7:00,14.8004,74.964,,
7/23/2018 7:15,14.8026,74.964,,
7/23/2018 7:30,14.8047,74.964,,
7/23/2018 7:45,14.8047,74.964,,
7/23/2018 8:00,14.8091,74.964,,
7/23/2018 8:15,14.8069,74.964,,
7/23/2018 8:30,14.8134,74.964,,
7/23/2018 8:45,14.8156,74.964,,
7/23/2018 9:00,14.816,75.139,,
7/23/2018 9:15,14.8139,75.139,,
7/23/2018 9:30,14.8147,75.484,,
7/23/2018 9:45,14.8126,75.484,,
7/23/2018 10:00,14.8131,75.659,,
7/23/2018 10:15,14.8136,75.832,,
7/23/2018 10:30,14.8118,76.006,,
7/23/2018 10:45,14.8149,76.354,,
7/23/2018 11:00,14.8153,76.528,,
7/23/2018 11:15,14.8098,76.876,,
7/23/2018 11:30,14.8107,77.225,,
7/23/2018 11:45,14.8089,77.4,,
7/23/2018 12:00,14.8052,77.574,,
7/23/2018 12:15,14.8056,77.749,,
7/23/2018 12:30,14.8021,78.098,,
7/23/2018 12:45,14.7983,78.274,,
7/23/2018 13:00,14.7966,78.449,,
7/23/2018 13:15,14.7933,78.8,,
7/23/2018 13:30,14.7915,78.975,,
7/23/2018 13:45,14.7876,79.151,,
7/23/2018 14:00,14.7898,79.151,,
7/23/2018 14:15,14.7854,79.151,,
7/23/2018 14:30,14.7854,79.151,,
7/23/2018 14:45,14.7828,78.975,,
7/23/2018 15:00,14.7792,78.449,,
7/23/2018 15:15,14.7779,77.923,,
7/23/2018 15:30,14.7757,77.923,,
7/23/2018 15:45,14.7735,77.923,,
7/23/2018 16:00,14.7753,77.749,,
7/23/2018 16:15,14.7725,77.574,,
7/23/2018 16:30,14.7699,77.4,,
7/23/2018 16:45,14.7712,77.05,,
7/23/2018 17:00,14.7708,76.876,,
7/23/2018 17:15,14.7789,76.703,,
7/23/2018 17:30,14.7807,76.528,,
7/23/2018 17:45,14.7828,76.528,,
7/23/2018 18:00,14.7846,76.354,,
7/23/2018 18:15,14.7846,76.354,,
7/23/2018 18:30,14.7863,76.181,,
7/23/2018 18:45,14.7863,76.181,,
7/23/2018 19:00,14.7879,76.006,,
7/23/2018 19:15,14.7901,76.006,,
7/23/2018 19:30,14.7901,76.006,,
7/23/2018 19:45,14.794,75.832,,
7/23/2018 20:00,14.7962,75.832,,
7/23/2018 20:15,14.8005,75.832,,
7/23/2018 20:30,14.8001,75.659,,
7/23/2018 20:45,14.8044,75.659,,
7/23/2018 21:00,14.8088,75.659,,
7/23/2018 21:15,14.811,75.659,,
7/23/2018 21:30,14.8126,75.484,,
7/23/2018 21:45,14.8105,75.484,,
7/23/2018 22:00,14.8126,75.484,,
7/23/2018 22:15,14.8099,75.312,,
7/23/2018 22:30,14.8078,75.312,,
7/23/2018 22:45,14.8078,75.312,,
7/23/2018 23:00,14.8052,75.139,,
7/23/2018 23:15,14.8052,75.139,,
7/23/2018 23:30,14.8073,75.139,,
7/23/2018 23:45,14.8073,75.139,,
7/24/2018 0:00,14.8069,74.964,,
7/24/2018 0:15,14.8069,74.964,,
7/24/2018 0:30,14.8047,74.964,,
7/24/2018 0:45,14.8047,74.964,,
7/24/2018 1:00,14.8021,74.791,,
7/24/2018 1:15,14.7978,74.791,,
7/24/2018 1:30,14.7956,74.791,,
7/24/2018 1:45,14.7956,74.791,,
7/24/2018 2:00,14.7912,74.791,,
7/24/2018 2:15,14.7886,74.619,,
7/24/2018 2:30,14.7843,74.619,,
7/24/2018 2:45,14.7843,74.619,,
7/24/2018 3:00,14.7821,74.619,,
7/24/2018 3:15,14.7821,74.619,,
7/24/2018 3:30,14.7838,74.446,,
7/24/2018 3:45,14.7838,74.446,,
7/24/2018 4:00,14.7817,74.446,,
7/24/2018 4:15,14.7817,74.446,,
7/24/2018 4:30,14.7817,74.446,,
7/24/2018 4:45,14.7856,74.271,,
7/24/2018 5:00,14.7856,74.271,,
7/24/2018 5:15,14.7921,74.271,,
7/24/2018 5:30,14.7917,74.098,,
7/24/2018 5:45,14.796,74.098,,
7/24/2018 6:00,14.7982,74.098,,
7/24/2018 6:15,14.8004,74.098,,
7/24/2018 6:30,14.8047,74.098,,
7/24/2018 6:45,14.8069,74.098,,
7/24/2018 7:00,14.8085,73.926,,
7/24/2018 7:15,14.8107,73.926,,
7/24/2018 7:30,14.8128,73.926,,
7/24/2018 7:45,14.8128,73.926,,
7/24/2018 8:00,14.815,73.926,,
7/24/2018 8:15,14.8172,73.926,,
7/24/2018 8:30,14.8176,74.098,,
7/24/2018 8:45,14.8198,74.098,,
7/24/2018 9:00,14.8246,74.271,,
7/24/2018 9:15,14.8272,74.446,,
7/24/2018 9:30,14.8207,74.446,,
7/24/2018 9:45,14.8217,74.791,,
7/24/2018 10:00,14.8221,74.964,,
7/24/2018 10:15,14.8226,75.139,,
7/24/2018 10:30,14.8204,75.139,,
7/24/2018 10:45,14.8191,75.484,,
7/24/2018 11:00,14.8179,75.832,,
7/24/2018 11:15,14.814,76.006,,
7/24/2018 11:30,14.8123,76.181,,
7/24/2018 11:45,14.8101,76.181,,
7/24/2018 12:00,14.8036,76.181,,
7/24/2018 12:15,14.802,76.354,,
7/24/2018 12:30,14.802,76.354,,
7/24/2018 12:45,14.7992,76.181,,
7/24/2018 13:00,14.795,76.181,,
7/24/2018 13:15,14.7915,76.528,,
7/24/2018 13:30,14.7915,76.528,,
7/24/2018 13:45,14.785,76.528,,
7/24/2018 14:00,14.7807,76.528,,
7/24/2018 14:15,14.7789,76.703,,
7/24/2018 14:30,14.7778,77.05,,
7/24/2018 14:45,14.7743,77.4,,
7/24/2018 15:00,14.7757,77.923,,
7/24/2018 15:15,14.7722,78.274,,
7/24/2018 15:30,14.7711,78.624,,
7/24/2018 15:45,14.7733,78.624,,
7/24/2018 16:00,14.7754,78.624,,
7/24/2018 16:15,14.7748,78.449,,
7/24/2018 16:30,14.7766,78.274,,
7/24/2018 16:45,14.7779,77.923,,
7/24/2018 17:00,14.7791,77.574,,
7/24/2018 17:15,14.7764,77.4,,
7/24/2018 17:30,14.7782,77.225,,
7/24/2018 17:45,14.7821,77.05,,
7/24/2018 18:00,14.7843,77.05,,
7/24/2018 18:15,14.7837,76.876,,
7/24/2018 18:30,14.788,76.876,,
7/24/2018 18:45,14.792,76.703,,
7/24/2018 19:00,14.7959,76.528,,
7/24/2018 19:15,14.7959,76.528,,
7/24/2018 19:30,14.7981,76.528,,
7/24/2018 19:45,14.802,76.354,,
7/24/2018 20:00,14.804,76.354,,
7/24/2018 20:15,14.8062,76.354,,
7/24/2018 20:30,14.8057,76.181,,
7/24/2018 20:45,14.8057,76.181,,
7/24/2018 21:00,14.8079,76.181,,
7/24/2018 21:15,14.8075,76.006,,
7/24/2018 21:30,14.8075,76.006,,
7/24/2018 21:45,14.8097,76.006,,
7/24/2018 22:00,14.8118,76.006,,
7/24/2018 22:15,14.8092,75.832,,
7/24/2018 22:30,14.8114,75.832,,
7/24/2018 22:45,14.8092,75.832,,
7/24/2018 23:00,14.8114,75.832,,
7/24/2018 23:15,14.8066,75.659,,
7/24/2018 23:30,14.8066,75.659,,
7/24/2018 23:45,14.8044,75.659,,
7/25/2018 0:00,14.8066,75.659,,
7/25/2018 0:15,14.8001,75.659,,
7/25/2018 0:30,14.8044,75.659,,
7/25/2018 0:45,14.8023,75.659,,
7/25/2018 1:00,14.8018,75.484,,
7/25/2018 1:15,14.7997,75.484,,
7/25/2018 1:30,14.7975,75.484,,
7/25/2018 1:45,14.7975,75.484,,
7/25/2018 2:00,14.7953,75.484,,
7/25/2018 2:15,14.7949,75.312,,
7/25/2018 2:30,14.7927,75.312,,
7/25/2018 2:45,14.7883,75.312,,
7/25/2018 3:00,14.7883,75.312,,
7/25/2018 3:15,14.7883,75.312,,
7/25/2018 3:30,14.7818,75.312,,
7/25/2018 3:45,14.7818,75.312,,
7/25/2018 4:00,14.7818,75.312,,
7/25/2018 4:15,14.7818,75.312,,
7/25/2018 4:30,14.7796,75.312,,
7/25/2018 4:45,14.7796,75.312,,
7/25/2018 5:00,14.7796,75.312,,
7/25/2018 5:15,14.7796,75.312,,
7/25/2018 5:30,14.7818,75.312,,
7/25/2018 5:45,14.784,75.312,,
7/25/2018 6:00,14.784,75.312,,
7/25/2018 6:15,14.7883,75.312,,
7/25/2018 6:30,14.7883,75.312,,
7/25/2018 6:45,14.7923,75.139,,
7/25/2018 7:00,14.7905,75.312,,
7/25/2018 7:15,14.7949,75.312,,
7/25/2018 7:30,14.7949,75.312,,
7/25/2018 7:45,14.7997,75.484,,
7/25/2018 8:00,14.8018,75.484,,
7/25/2018 8:15,14.804,75.484,,
7/25/2018 8:30,14.8044,75.659,,
7/25/2018 8:45,14.8044,75.659,,
7/25/2018 9:00,14.8088,75.659,,
7/25/2018 9:15,14.8114,75.832,,
7/25/2018 9:30,14.8118,76.006,,
7/25/2018 9:45,14.8144,76.181,,
7/25/2018 10:00,14.8127,76.354,,
7/25/2018 10:15,14.8149,76.354,,
7/25/2018 10:30,14.8131,76.528,,
7/25/2018 10:45,14.811,76.528,,
7/25/2018 11:00,14.8115,76.703,,
7/25/2018 11:15,14.8076,76.876,,
7/25/2018 11:30,14.8037,77.05,,
7/25/2018 11:45,14.8015,77.05,,
7/25/2018 12:00,14.7978,77.225,,
7/25/2018 12:15,14.7938,77.4,,
7/25/2018 12:30,14.7908,77.923,,
7/25/2018 12:45,14.7896,78.274,,
7/25/2018 13:00,14.7853,78.274,,
7/25/2018 13:15,14.7831,78.274,,
7/25/2018 13:30,14.7836,78.449,,
7/25/2018 13:45,14.7802,78.8,,
7/25/2018 14:00,14.7773,79.326,,
7/25/2018 14:15,14.773,79.326,,
7/25/2018 14:30,14.7712,79.502,,
7/25/2018 14:45,14.7673,79.678,,
7/25/2018 15:00,14.7683,80.029,,
7/25/2018 15:15,14.7657,79.853,,
7/25/2018 15:30,14.7669,79.502,,
7/25/2018 15:45,14.7682,79.151,,
7/25/2018 16:00,14.7654,78.975,,
7/25/2018 16:15,14.7676,78.975,,
7/25/2018 16:30,14.7672,78.8,,
7/25/2018 16:45,14.7657,78.274,,
7/25/2018 17:00,14.7675,78.098,,
7/25/2018 17:15,14.7714,77.923,,
7/25/2018 17:30,14.7709,77.749,,
7/25/2018 17:45,14.7709,77.749,,
7/25/2018 18:00,14.7747,77.574,,
7/25/2018 18:15,14.7764,77.4,,
7/25/2018 18:30,14.7808,77.4,,
7/25/2018 18:45,14.7804,77.225,,
7/25/2018 19:00,14.7847,77.225,,
7/25/2018 19:15,14.7865,77.05,,
7/25/2018 19:30,14.7865,77.05,,
7/25/2018 19:45,14.7886,77.05,,
7/25/2018 20:00,14.7928,77.05,,
7/25/2018 20:15,14.7924,76.876,,
7/25/2018 20:30,14.7989,76.876,,
7/25/2018 20:45,14.7989,76.876,,
7/25/2018 21:00,14.8011,76.876,,
7/25/2018 21:15,14.8011,76.876,,
7/25/2018 21:30,14.8007,76.703,,
7/25/2018 21:45,14.8028,76.703,,
7/25/2018 22:00,14.8028,76.703,,
7/25/2018 22:15,14.8002,76.528,,
7/25/2018 22:30,14.8046,76.528,,
7/25/2018 22:45,14.8046,76.528,,
7/25/2018 23:00,14.8046,76.528,,
7/25/2018 23:15,14.8046,76.528,,
7/25/2018 23:30,14.804,76.354,,
7/25/2018 23:45,14.804,76.354,,
7/26/2018 0:00,14.7998,76.354,,
7/26/2018 0:15,14.7998,76.354,,
7/26/2018 0:30,14.7976,76.354,,
7/26/2018 0:45,14.797,76.181,,
7/26/2018 1:00,14.797,76.181,,
7/26/2018 1:15,14.795,76.181,,
7/26/2018 1:30,14.7928,76.181,,
7/26/2018 1:45,14.7907,76.181,,
7/26/2018 2:00,14.7907,76.181,,
7/26/2018 2:15,14.7907,76.181,,
7/26/2018 2:30,14.7901,76.006,,
7/26/2018 2:45,14.7859,76.006,,
7/26/2018 3:00,14.7859,76.006,,
7/26/2018 3:15,14.7859,76.006,,
7/26/2018 3:30,14.7837,76.006,,
7/26/2018 3:45,14.7837,76.006,,
7/26/2018 4:00,14.7837,76.006,,
7/26/2018 4:15,14.7859,76.006,,
7/26/2018 4:30,14.7853,75.832,,
7/26/2018 4:45,14.7831,75.832,,
7/26/2018 5:00,14.7853,75.832,,
7/26/2018 5:15,14.7853,75.832,,
7/26/2018 5:30,14.7853,75.832,,
7/26/2018 5:45,14.7875,75.832,,
7/26/2018 6:00,14.7875,75.832,,
7/26/2018 6:15,14.7892,75.659,,
7/26/2018 6:30,14.7914,75.659,,
7/26/2018 6:45,14.7936,75.659,,
7/26/2018 7:00,14.7979,75.659,,
7/26/2018 7:15,14.8001,75.659,,
7/26/2018 7:30,14.8023,75.659,,
7/26/2018 7:45,14.8044,75.659,,
7/26/2018 8:00,14.8066,75.659,,
7/26/2018 8:15,14.807,75.832,,
7/26/2018 8:30,14.8114,75.832,,
7/26/2018 8:45,14.8162,76.006,,
7/26/2018 9:00,14.814,76.006,,
7/26/2018 9:15,14.8184,76.006,,
7/26/2018 9:30,14.8184,76.006,,
7/26/2018 9:45,14.8188,76.181,,
7/26/2018 10:00,14.821,76.181,,
7/26/2018 10:15,14.8192,76.354,,
7/26/2018 10:30,14.8171,76.354,,
7/26/2018 10:45,14.8175,76.528,,
7/26/2018 11:00,14.8159,76.703,,
7/26/2018 11:15,14.8142,76.876,,
7/26/2018 11:30,14.8107,77.225,,
7/26/2018 11:45,14.8107,77.225,,
7/26/2018 12:00,14.8063,77.225,,
7/26/2018 12:15,14.8059,77.05,,
7/26/2018 12:30,14.8015,77.05,,
7/26/2018 12:45,14.7998,77.225,,
7/26/2018 13:00,14.8004,77.4,,
7/26/2018 13:15,14.8004,77.4,,
7/26/2018 13:30,14.7986,77.574,,
7/26/2018 13:45,14.7952,77.923,,
7/26/2018 14:00,14.7908,77.923,,
7/26/2018 14:15,14.787,78.098,,
7/26/2018 14:30,14.7827,78.098,,
7/26/2018 14:45,14.7822,77.923,,
7/26/2018 15:00,14.7788,78.274,,
7/26/2018 15:15,14.7798,78.624,,
7/26/2018 15:30,14.7802,78.8,,
7/26/2018 15:45,14.7802,78.8,,
7/26/2018 16:00,14.7759,78.8,,
7/26/2018 16:15,14.7776,78.624,,
7/26/2018 16:30,14.7748,78.449,,
7/26/2018 16:45,14.7757,77.923,,
7/26/2018 17:00,14.7775,77.749,,
7/26/2018 17:15,14.7786,77.4,,
7/26/2018 17:30,14.776,77.225,,
7/26/2018 17:45,14.7799,77.05,,
7/26/2018 18:00,14.7843,77.05,,
7/26/2018 18:15,14.7859,76.876,,
7/26/2018 18:30,14.7902,76.876,,
7/26/2018 18:45,14.7941,76.703,,
7/26/2018 19:00,14.7985,76.703,,
7/26/2018 19:15,14.8007,76.703,,
7/26/2018 19:30,14.8046,76.528,,
7/26/2018 19:45,14.8068,76.528,,
7/26/2018 20:00,14.8089,76.528,,
7/26/2018 20:15,14.811,76.528,,
7/26/2018 20:30,14.8105,76.354,,
7/26/2018 20:45,14.8127,76.354,,
7/26/2018 21:00,14.8149,76.354,,
7/26/2018 21:15,14.8144,76.181,,
7/26/2018 21:30,14.8188,76.181,,
7/26/2018 21:45,14.8188,76.181,,
7/26/2018 22:00,14.8184,76.006,,
7/26/2018 22:15,14.8162,76.006,,
7/26/2018 22:30,14.814,76.006,,
7/26/2018 22:45,14.8136,75.832,,
7/26/2018 23:00,14.8157,75.832,,
7/26/2018 23:15,14.8179,75.832,,
7/26/2018 23:30,14.8201,75.832,,
7/26/2018 23:45,14.8195,75.659,,
7/27/2018 0:00,14.8153,75.659,,
7/27/2018 0:15,14.8131,75.659,,
7/27/2018 0:30,14.8088,75.659,,
7/27/2018 0:45,14.8066,75.659,,
7/27/2018 1:00,14.8062,75.484,,
7/27/2018 1:15,14.8062,75.484,,
7/27/2018 1:30,14.804,75.484,,
7/27/2018 1:45,14.804,75.484,,
7/27/2018 2:00,14.8018,75.484,,
7/27/2018 2:15,14.7992,75.312,,
7/27/2018 2:30,14.7992,75.312,,
7/27/2018 2:45,14.797,75.312,,
7/27/2018 3:00,14.797,75.312,,
7/27/2018 3:15,14.8014,75.312,,
7/27/2018 3:30,14.8014,75.312,,
7/27/2018 3:45,14.8014,75.312,,
7/27/2018 4:00,14.8056,75.312,,
7/27/2018 4:15,14.8056,75.312,,
7/27/2018 4:30,14.8056,75.312,,
7/27/2018 4:45,14.8078,75.312,,
7/27/2018 5:00,14.8078,75.312,,
7/27/2018 5:15,14.8095,75.139,,
7/27/2018 5:30,14.8139,75.139,,
7/27/2018 5:45,14.8182,75.139,,
7/27/2018 6:00,14.8247,75.139,,
7/27/2018 6:15,14.8247,75.139,,
7/27/2018 6:30,14.8287,74.964,,
7/27/2018 6:45,14.8265,74.964,,
7/27/2018 7:00,14.8287,74.964,,
7/27/2018 7:15,14.8287,74.964,,
7/27/2018 7:30,14.8308,74.964,,
7/27/2018 7:45,14.8308,74.964,,
7/27/2018 8:00,14.833,74.964,,
7/27/2018 8:15,14.8352,74.964,,
7/27/2018 8:30,14.8372,74.964,,
7/27/2018 8:45,14.84,75.139,,
7/27/2018 9:00,14.8378,75.139,,
7/27/2018 9:15,14.8404,75.312,,
7/27/2018 9:30,14.843,75.484,,
7/27/2018 9:45,14.8408,75.484,,
7/27/2018 10:00,14.8395,75.832,,
7/27/2018 10:15,14.8406,76.181,,
7/27/2018 10:30,14.8388,76.354,,
7/27/2018 10:45,14.8388,76.354,,
7/27/2018 11:00,14.8366,76.354,,
7/27/2018 11:15,14.8371,76.528,,
7/27/2018 11:30,14.8332,76.703,,
7/27/2018 11:45,14.8314,76.876,,
7/27/2018 12:00,14.8276,77.05,,
7/27/2018 12:15,14.8255,77.05,,
7/27/2018 12:30,14.8194,77.225,,
7/27/2018 12:45,14.8176,77.4,,
7/27/2018 13:00,14.8169,77.923,,
7/27/2018 13:15,14.8139,77.574,,
7/27/2018 13:30,14.8121,77.749,,
7/27/2018 13:45,14.8089,77.4,,
7/27/2018 14:00,14.8052,77.574,,
7/27/2018 14:15,14.8021,78.098,,
7/27/2018 14:30,14.8005,78.274,,
7/27/2018 14:45,14.7949,78.624,,
7/27/2018 15:00,14.7933,78.8,,
7/27/2018 15:15,14.7933,78.8,,
7/27/2018 15:30,14.7915,78.975,,
7/27/2018 15:45,14.7911,78.8,,
7/27/2018 16:00,14.7905,78.624,,
7/27/2018 16:15,14.7901,78.449,,
7/27/2018 16:30,14.7896,78.274,,
7/27/2018 16:45,14.7888,77.923,,
7/27/2018 17:00,14.7899,77.574,,
7/27/2018 17:15,14.7938,77.4,,
7/27/2018 17:30,14.7956,77.225,,
7/27/2018 17:45,14.795,77.05,,
7/27/2018 18:00,14.795,77.05,,
7/27/2018 18:15,14.7989,76.876,,
7/27/2018 18:30,14.7989,76.876,,
7/27/2018 18:45,14.8007,76.703,,
7/27/2018 19:00,14.8007,76.703,,
7/27/2018 19:15,14.8024,76.528,,
7/27/2018 19:30,14.8068,76.528,,
7/27/2018 19:45,14.8068,76.528,,
7/27/2018 20:00,14.8089,76.528,,
7/27/2018 20:15,14.811,76.528,,
7/27/2018 20:30,14.8089,76.528,,
7/27/2018 20:45,14.8089,76.528,,
7/27/2018 21:00,14.8105,76.354,,
7/27/2018 21:15,14.8105,76.354,,
7/27/2018 21:30,14.8105,76.354,,
7/27/2018 21:45,14.8127,76.354,,
7/27/2018 22:00,14.8127,76.354,,
7/27/2018 22:15,14.8149,76.354,,
7/27/2018 22:30,14.8127,76.354,,
7/27/2018 22:45,14.8105,76.354,,
7/27/2018 23:00,14.8084,76.354,,
7/27/2018 23:15,14.8084,76.354,,
7/27/2018 23:30,14.8084,76.354,,
7/27/2018 23:45,14.8084,76.354,,
7/28/2018 0:00,14.8079,76.181,,
7/28/2018 0:15,14.8079,76.181,,
7/28/2018 0:30,14.8101,76.181,,
7/28/2018 0:45,14.8101,76.181,,
7/28/2018 1:00,14.8079,76.181,,
7/28/2018 1:15,14.8057,76.181,,
7/28/2018 1:30,14.8014,76.181,,
7/28/2018 1:45,14.797,76.181,,
7/28/2018 2:00,14.795,76.181,,
7/28/2018 2:15,14.7944,76.006,,
7/28/2018 2:30,14.7923,76.006,,
7/28/2018 2:45,14.7879,76.006,,
7/28/2018 3:00,14.7879,76.006,,
7/28/2018 3:15,14.7901,76.006,,
7/28/2018 3:30,14.7901,76.006,,
7/28/2018 3:45,14.7875,75.832,,
7/28/2018 4:00,14.7896,75.832,,
7/28/2018 4:15,14.7896,75.832,,
7/28/2018 4:30,14.7918,75.832,,
7/28/2018 4:45,14.7896,75.832,,
7/28/2018 5:00,14.7875,75.832,,
7/28/2018 5:15,14.7896,75.832,,
7/28/2018 5:30,14.7918,75.832,,
7/28/2018 5:45,14.7918,75.832,,
7/28/2018 6:00,14.7918,75.832,,
7/28/2018 6:15,14.7918,75.832,,
7/28/2018 6:30,14.794,75.832,,
7/28/2018 6:45,14.7983,75.832,,
7/28/2018 7:00,14.7983,75.832,,
7/28/2018 7:15,14.7983,75.832,,
7/28/2018 7:30,14.8005,75.832,,
7/28/2018 7:45,14.8027,75.832,,
7/28/2018 8:00,14.807,75.832,,
7/28/2018 8:15,14.8049,75.832,,
7/28/2018 8:30,14.8075,76.006,,
7/28/2018 8:45,14.8097,76.006,,
7/28/2018 9:00,14.8123,76.181,,
7/28/2018 9:15,14.8123,76.181,,
7/28/2018 9:30,14.8149,76.354,,
7/28/2018 9:45,14.8149,76.354,,
7/28/2018 10:00,14.8153,76.528,,
7/28/2018 10:15,14.8159,76.703,,
7/28/2018 10:30,14.8137,76.703,,
7/28/2018 10:45,14.8142,76.876,,
7/28/2018 11:00,14.8146,77.05,,
7/28/2018 11:15,14.8107,77.225,,
7/28/2018 11:30,14.8089,77.4,,
7/28/2018 11:45,14.8073,77.574,,
7/28/2018 12:00,14.8052,77.574,,
7/28/2018 12:15,14.803,77.574,,
7/28/2018 12:30,14.8012,77.749,,
7/28/2018 12:45,14.7957,78.098,,
7/28/2018 13:00,14.7957,78.098,,
7/28/2018 13:15,14.7944,78.449,,
7/28/2018 13:30,14.7901,78.449,,
7/28/2018 13:45,14.7883,78.624,,
7/28/2018 14:00,14.7853,78.274,,
7/28/2018 14:15,14.7831,78.274,,
7/28/2018 14:30,14.7827,78.098,,
7/28/2018 14:45,14.7805,78.098,,
7/28/2018 15:00,14.7805,78.098,,
7/28/2018 15:15,14.7783,78.098,,
7/28/2018 15:30,14.774,78.098,,
7/28/2018 15:45,14.7762,78.098,,
7/28/2018 16:00,14.7744,78.274,,
7/28/2018 16:15,14.7748,78.449,,
7/28/2018 16:30,14.7744,78.274,,
7/28/2018 16:45,14.774,78.098,,
7/28/2018 17:00,14.7779,77.923,,
7/28/2018 17:15,14.7753,77.749,,
7/28/2018 17:30,14.7769,77.574,,
7/28/2018 17:45,14.7791,77.574,,
7/28/2018 18:00,14.7808,77.4,,
7/28/2018 18:15,14.7786,77.4,,
7/28/2018 18:30,14.7825,77.225,,
7/28/2018 18:45,14.7825,77.225,,
7/28/2018 19:00,14.7843,77.05,,
7/28/2018 19:15,14.7843,77.05,,
7/28/2018 19:30,14.7865,77.05,,
7/28/2018 19:45,14.788,76.876,,
7/28/2018 20:00,14.7924,76.876,,
7/28/2018 20:15,14.7946,76.876,,
7/28/2018 20:30,14.7968,76.876,,
7/28/2018 20:45,14.7985,76.703,,
7/28/2018 21:00,14.8007,76.703,,
7/28/2018 21:15,14.8007,76.703,,
7/28/2018 21:30,14.8028,76.703,,
7/28/2018 21:45,14.8028,76.703,,
7/28/2018 22:00,14.8007,76.703,,
7/28/2018 22:15,14.8028,76.703,,
7/28/2018 22:30,14.8024,76.528,,
7/28/2018 22:45,14.8002,76.528,,
7/28/2018 23:00,14.7981,76.528,,
7/28/2018 23:15,14.7981,76.528,,
7/28/2018 23:30,14.8002,76.528,,
7/28/2018 23:45,14.8002,76.528,,
7/29/2018 0:00,14.8002,76.528,,
7/29/2018 0:15,14.8002,76.528,,
7/29/2018 0:30,14.8002,76.528,,
7/29/2018 0:45,14.7959,76.528,,
7/29/2018 1:00,14.7959,76.528,,
7/29/2018 1:15,14.7937,76.528,,
7/29/2018 1:30,14.7915,76.528,,
7/29/2018 1:45,14.7915,76.528,,
7/29/2018 2:00,14.7915,76.528,,
7/29/2018 2:15,14.7894,76.528,,
7/29/2018 2:30,14.7894,76.528,,
7/29/2018 2:45,14.7867,76.354,,
7/29/2018 3:00,14.7867,76.354,,
7/29/2018 3:15,14.7846,76.354,,
7/29/2018 3:30,14.7802,76.354,,
7/29/2018 3:45,14.7802,76.354,,
7/29/2018 4:00,14.7802,76.354,,
7/29/2018 4:15,14.7802,76.354,,
7/29/2018 4:30,14.7798,76.181,,
7/29/2018 4:45,14.782,76.181,,
7/29/2018 5:00,14.782,76.181,,
7/29/2018 5:15,14.7841,76.181,,
7/29/2018 5:30,14.7841,76.181,,
7/29/2018 5:45,14.7863,76.181,,
7/29/2018 6:00,14.7885,76.181,,
7/29/2018 6:15,14.7901,76.006,,
7/29/2018 6:30,14.7923,76.006,,
7/29/2018 6:45,14.7944,76.006,,
7/29/2018 7:00,14.7966,76.006,,
7/29/2018 7:15,14.7966,76.006,,
7/29/2018 7:30,14.801,76.006,,
7/29/2018 7:45,14.8031,76.006,,
7/29/2018 8:00,14.8031,76.006,,
7/29/2018 8:15,14.801,76.006,,
7/29/2018 8:30,14.8036,76.181,,
7/29/2018 8:45,14.8079,76.181,,
7/29/2018 9:00,14.8084,76.354,,
7/29/2018 9:15,14.8062,76.354,,
7/29/2018 9:30,14.811,76.528,,
7/29/2018 9:45,14.8094,76.703,,
7/29/2018 10:00,14.812,76.876,,
7/29/2018 10:15,14.812,76.876,,
7/29/2018 10:30,14.8102,77.05,,
7/29/2018 10:45,14.8085,77.225,,
7/29/2018 11:00,14.8056,77.749,,
7/29/2018 11:15,14.8065,78.098,,
7/29/2018 11:30,14.8053,78.449,,
7/29/2018 11:45,14.7992,78.624,,
7/29/2018 12:00,14.7953,78.8,,
7/29/2018 12:15,14.7941,79.151,,
7/29/2018 12:30,14.793,79.502,,
7/29/2018 12:45,14.7899,80.029,,
7/29/2018 13:00,14.7866,80.382,,
7/29/2018 13:15,14.7844,80.382,,
7/29/2018 13:30,14.7827,80.559,,
7/29/2018 13:45,14.7783,80.559,,
7/29/2018 14:00,14.7805,80.559,,
7/29/2018 14:15,14.777,80.029,,
7/29/2018 14:30,14.7717,79.678,,
7/29/2018 14:45,14.773,79.326,,
7/29/2018 15:00,14.7741,78.975,,
7/29/2018 15:15,14.7715,78.8,,
7/29/2018 15:30,14.7733,78.624,,
7/29/2018 15:45,14.7715,78.8,,
7/29/2018 16:00,14.7759,78.8,,
7/29/2018 16:15,14.7862,78.624,,
7/29/2018 16:30,14.7957,78.098,,
7/29/2018 16:45,14.7952,77.923,,
7/29/2018 17:00,14.7952,77.923,,
7/29/2018 17:15,14.7947,77.749,,
7/29/2018 17:30,14.7943,77.574,,
7/29/2018 17:45,14.7943,77.574,,
7/29/2018 18:00,14.7938,77.4,,
7/29/2018 18:15,14.7934,77.225,,
7/29/2018 18:30,14.7934,77.225,,
7/29/2018 18:45,14.7907,77.05,,
7/29/2018 19:00,14.7928,77.05,,
7/29/2018 19:15,14.795,77.05,,
7/29/2018 19:30,14.7946,76.876,,
7/29/2018 19:45,14.7946,76.876,,
7/29/2018 20:00,14.8011,76.876,,
7/29/2018 20:15,14.7963,76.703,,
7/29/2018 20:30,14.7985,76.703,,
7/29/2018 20:45,14.7985,76.703,,
7/29/2018 21:00,14.7963,76.703,,
7/29/2018 21:15,14.7963,76.703,,
7/29/2018 21:30,14.7981,76.528,,
7/29/2018 21:45,14.8024,76.528,,
7/29/2018 22:00,14.8024,76.528,,
7/29/2018 22:15,14.8024,76.528,,
7/29/2018 22:30,14.8024,76.528,,
7/29/2018 22:45,14.8024,76.528,,
7/29/2018 23:00,14.7998,76.354,,
7/29/2018 23:15,14.804,76.354,,
7/29/2018 23:30,14.7998,76.354,,
7/29/2018 23:45,14.802,76.354,,
7/30/2018 0:00,14.7998,76.354,,
7/30/2018 0:15,14.7992,76.181,,
7/30/2018 0:30,14.797,76.181,,
7/30/2018 0:45,14.795,76.181,,
7/30/2018 1:00,14.7928,76.181,,
7/30/2018 1:15,14.7928,76.181,,
7/30/2018 1:30,14.7901,76.006,,
7/30/2018 1:45,14.7879,76.006,,
7/30/2018 2:00,14.7859,76.006,,
7/30/2018 2:15,14.7837,76.006,,
7/30/2018 2:30,14.7837,76.006,,
7/30/2018 2:45,14.7837,76.006,,
7/30/2018 3:00,14.7815,76.006,,
7/30/2018 3:15,14.7815,76.006,,
7/30/2018 3:30,14.7793,76.006,,
7/30/2018 3:45,14.7793,76.006,,
7/30/2018 4:00,14.7767,75.832,,
7/30/2018 4:15,14.7789,75.832,,
7/30/2018 4:30,14.7831,75.832,,
7/30/2018 4:45,14.7809,75.832,,
7/30/2018 5:00,14.7809,75.832,,
7/30/2018 5:15,14.7809,75.832,,
7/30/2018 5:30,14.7789,75.832,,
7/30/2018 5:45,14.7809,75.832,,
7/30/2018 6:00,14.7831,75.832,,
7/30/2018 6:15,14.7827,75.659,,
7/30/2018 6:30,14.7849,75.659,,
7/30/2018 6:45,14.7849,75.659,,
7/30/2018 7:00,14.7892,75.659,,
7/30/2018 7:15,14.7957,75.659,,
7/30/2018 7:30,14.7957,75.659,,
7/30/2018 7:45,14.7962,75.832,,
7/30/2018 8:00,14.794,75.832,,
7/30/2018 8:15,14.794,75.832,,
7/30/2018 8:30,14.801,76.006,,
7/30/2018 8:45,14.8031,76.006,,
7/30/2018 9:00,14.8075,76.006,,
7/30/2018 9:15,14.8162,76.006,,
7/30/2018 9:30,14.8184,76.006,,
7/30/2018 9:45,14.8162,76.006,,
7/30/2018 10:00,14.8166,76.181,,
7/30/2018 10:15,14.8166,76.181,,
7/30/2018 10:30,14.8166,76.181,,
7/30/2018 10:45,14.8144,76.181,,
7/30/2018 11:00,14.8084,76.354,,
7/30/2018 11:15,14.8105,76.354,,
7/30/2018 11:30,14.8062,76.354,,
7/30/2018 11:45,14.804,76.354,,
7/30/2018 12:00,14.8002,76.528,,
7/30/2018 12:15,14.7981,76.528,,
7/30/2018 12:30,14.7963,76.703,,
7/30/2018 12:45,14.7928,77.05,,
7/30/2018 13:00,14.7873,77.4,,
7/30/2018 13:15,14.7856,77.574,,
7/30/2018 13:30,14.7856,77.574,,
7/30/2018 13:45,14.7834,77.574,,
7/30/2018 14:00,14.7786,77.4,,
7/30/2018 14:15,14.7743,77.4,,
7/30/2018 14:30,14.7725,77.574,,
7/30/2018 14:45,14.7688,77.749,,
7/30/2018 15:00,14.7692,77.923,,
7/30/2018 15:15,14.767,77.923,,
7/30/2018 15:30,14.7657,78.274,,
7/30/2018 15:45,14.7648,77.923,,
7/30/2018 16:00,14.7666,77.749,,
7/30/2018 16:15,14.7683,77.574,,
7/30/2018 16:30,14.7677,77.4,,
7/30/2018 16:45,14.7695,77.225,,
7/30/2018 17:00,14.7717,77.225,,
7/30/2018 17:15,14.7734,77.05,,
7/30/2018 17:30,14.7756,77.05,,
7/30/2018 17:45,14.7815,76.876,,
7/30/2018 18:00,14.8072,76.703,,
7/30/2018 18:15,14.811,76.528,,
7/30/2018 18:30,14.8089,76.528,,
7/30/2018 18:45,14.804,76.354,,
7/30/2018 19:00,14.802,76.354,,
7/30/2018 19:15,14.7998,76.354,,
7/30/2018 19:30,14.7998,76.354,,
7/30/2018 19:45,14.7954,76.354,,
7/30/2018 20:00,14.795,76.181,,
7/30/2018 20:15,14.797,76.181,,
7/30/2018 20:30,14.795,76.181,,
7/30/2018 20:45,14.797,76.181,,
7/30/2018 21:00,14.7944,76.006,,
7/30/2018 21:15,14.7966,76.006,,
7/30/2018 21:30,14.7944,76.006,,
7/30/2018 21:45,14.7966,76.006,,
7/30/2018 22:00,14.7923,76.006,,
7/30/2018 22:15,14.7966,76.006,,
7/30/2018 22:30,14.7923,76.006,,
7/30/2018 22:45,14.7918,75.832,,
7/30/2018 23:00,14.7918,75.832,,
7/30/2018 23:15,14.7896,75.832,,
7/30/2018 23:30,14.7875,75.832,,
7/30/2018 23:45,14.7849,75.659,,
7/31/2018 0:00,14.7827,75.659,,
7/31/2018 0:15,14.7849,75.659,,
7/31/2018 0:30,14.7827,75.659,,
7/31/2018 0:45,14.7801,75.484,,
7/31/2018 1:00,14.7801,75.484,,
7/31/2018 1:15,14.7779,75.484,,
7/31/2018 1:30,14.7779,75.484,,
7/31/2018 1:45,14.7753,75.312,,
7/31/2018 2:00,14.7731,75.312,,
7/31/2018 2:15,14.7731,75.312,,
7/31/2018 2:30,14.7683,75.139,,
7/31/2018 2:45,14.7661,75.139,,
7/31/2018 3:00,14.7661,75.139,,
7/31/2018 3:15,14.764,75.139,,
7/31/2018 3:30,14.7635,74.964,,
7/31/2018 3:45,14.7614,74.964,,
7/31/2018 4:00,14.7635,74.964,,
7/31/2018 4:15,14.7657,74.964,,
7/31/2018 4:30,14.7635,74.964,,
7/31/2018 4:45,14.7657,74.964,,
7/31/2018 5:00,14.7635,74.964,,
7/31/2018 5:15,14.7614,74.964,,
7/31/2018 5:30,14.7631,74.791,,
7/31/2018 5:45,14.7675,74.791,,
7/31/2018 6:00,14.7696,74.791,,
7/31/2018 6:15,14.774,74.791,,
7/31/2018 6:30,14.774,74.791,,
7/31/2018 6:45,14.7805,74.791,,
7/31/2018 7:00,14.7783,74.791,,
7/31/2018 7:15,14.7783,74.791,,
7/31/2018 7:30,14.7805,74.791,,
7/31/2018 7:45,14.7827,74.791,,
7/31/2018 8:00,14.7869,74.791,,
7/31/2018 8:15,14.7869,74.791,,
7/31/2018 8:30,14.7918,74.964,,
7/31/2018 8:45,14.7938,74.964,,
7/31/2018 9:00,14.7944,75.139,,
7/31/2018 9:15,14.797,75.312,,
7/31/2018 9:30,14.7936,75.659,,
7/31/2018 9:45,14.7962,75.832,,
7/31/2018 10:00,14.7944,76.006,,
7/31/2018 10:15,14.7933,76.354,,
7/31/2018 10:30,14.7941,76.703,,
7/31/2018 10:45,14.7924,76.876,,
7/31/2018 11:00,14.7946,76.876,,
7/31/2018 11:15,14.788,76.876,,
7/31/2018 11:30,14.7902,76.876,,
7/31/2018 11:45,14.7902,76.876,,
7/31/2018 12:00,14.7898,76.703,,
7/31/2018 12:15,14.7894,76.528,,
7/31/2018 12:30,14.7911,76.354,,
7/31/2018 12:45,14.7976,76.354,,
7/31/2018 13:00,15.0717,75.832,,
7/31/2018 13:15,14.9892,75.832,,
7/31/2018 13:30,14.9633,75.832,,
7/31/2018 13:45,14.9936,75.832,,
7/31/2018 14:00,14.9698,75.832,,
7/31/2018 14:15,14.935,75.832,,
7/31/2018 14:30,14.9073,76.006,,
7/31/2018 14:45,14.8791,76.006,,
7/31/2018 15:00,14.8596,76.006,,
7/31/2018 15:15,14.8469,76.181,,
7/31/2018 15:30,14.8345,76.354,,
7/31/2018 15:45,14.8236,76.354,,
7/31/2018 16:00,14.8192,76.354,,
7/31/2018 16:15,14.8127,76.354,,
7/31/2018 16:30,14.8105,76.354,,
7/31/2018 16:45,14.8062,76.354,,
7/31/2018 17:00,14.8062,76.354,,
7/31/2018 17:15,14.804,76.354,,
7/31/2018 17:30,14.802,76.354,,
7/31/2018 17:45,14.7998,76.354,,
7/31/2018 18:00,14.7998,76.354,,
7/31/2018 18:15,14.7954,76.354,,
7/31/2018 18:30,14.7976,76.354,,
7/31/2018 18:45,14.797,76.181,,
7/31/2018 19:00,14.797,76.181,,
7/31/2018 19:15,14.7992,76.181,,
7/31/2018 19:30,14.795,76.181,,
7/31/2018 19:45,14.7966,76.006,,
7/31/2018 20:00,14.7988,76.006,,
7/31/2018 20:15,14.7988,76.006,,
7/31/2018 20:30,14.8031,76.006,,
7/31/2018 20:45,14.7988,76.006,,
7/31/2018 21:00,14.7983,75.832,,
7/31/2018 21:15,14.8027,75.832,,
7/31/2018 21:30,14.8005,75.832,,
7/31/2018 21:45,14.8023,75.659,,
7/31/2018 22:00,14.8023,75.659,,
7/31/2018 22:15,14.8023,75.659,,
7/31/2018 22:30,14.7975,75.484,,
7/31/2018 22:45,14.7909,75.484,,
7/31/2018 23:00,14.7909,75.484,,
7/31/2018 23:15,14.7953,75.484,,
7/31/2018 23:30,14.7883,75.312,,
7/31/2018 23:45,14.7927,75.312,,
8/1/2018 0:00,14.7905,75.312,,
8/1/2018 0:15,14.7905,75.312,,
8/1/2018 0:30,14.7883,75.312,,
8/1/2018 0:45,14.7883,75.312,,
8/1/2018 1:00,14.7857,75.139,,
8/1/2018 1:15,14.7836,75.139,,
8/1/2018 1:30,14.7814,75.139,,
8/1/2018 1:45,14.7814,75.139,,
8/1/2018 2:00,14.7814,75.139,,
8/1/2018 2:15,14.7814,75.139,,
8/1/2018 2:30,14.777,75.139,,
8/1/2018 2:45,14.7744,74.964,,
8/1/2018 3:00,14.7722,74.964,,
8/1/2018 3:15,14.7701,74.964,,
8/1/2018 3:30,14.7701,74.964,,
8/1/2018 3:45,14.7701,74.964,,
8/1/2018 4:00,14.7722,74.964,,
8/1/2018 4:15,14.7722,74.964,,
8/1/2018 4:30,14.7696,74.791,,
8/1/2018 4:45,14.7718,74.791,,
8/1/2018 5:00,14.7718,74.791,,
8/1/2018 5:15,14.7718,74.791,,
8/1/2018 5:30,14.774,74.791,,
8/1/2018 5:45,14.774,74.791,,
8/1/2018 6:00,14.774,74.791,,
8/1/2018 6:15,14.7762,74.791,,
8/1/2018 6:30,14.7783,74.791,,
8/1/2018 6:45,14.7805,74.791,,
8/1/2018 7:00,14.7827,74.791,,
8/1/2018 7:15,14.7827,74.791,,
8/1/2018 7:30,14.7869,74.791,,
8/1/2018 7:45,14.7891,74.791,,
8/1/2018 8:00,14.7934,74.791,,
8/1/2018 8:15,14.7934,74.791,,
8/1/2018 8:30,14.7934,74.791,,
8/1/2018 8:45,14.7938,74.964,,
8/1/2018 9:00,14.796,74.964,,
8/1/2018 9:15,14.7966,75.139,,
8/1/2018 9:30,14.797,75.312,,
8/1/2018 9:45,14.7936,75.659,,
8/1/2018 10:00,14.7918,75.832,,
8/1/2018 10:15,14.7901,76.006,,
8/1/2018 10:30,14.7911,76.354,,
8/1/2018 10:45,14.788,76.876,,
8/1/2018 11:00,14.7854,76.703,,
8/1/2018 11:15,14.7867,76.354,,
8/1/2018 11:30,14.7846,76.354,,
8/1/2018 11:45,14.7846,76.354,,
8/1/2018 12:00,14.7802,76.354,,
8/1/2018 12:15,14.778,76.354,,
8/1/2018 12:30,14.7741,76.528,,
8/1/2018 12:45,14.7719,76.528,,
8/1/2018 13:00,14.7676,76.528,,
8/1/2018 13:15,14.7638,76.703,,
8/1/2018 13:30,14.7621,76.876,,
8/1/2018 13:45,14.7599,76.876,,
8/1/2018 14:00,14.7534,76.876,,
8/1/2018 14:15,14.7512,76.876,,
8/1/2018 14:30,14.749,76.876,,
8/1/2018 14:45,14.749,76.876,,
8/1/2018 15:00,14.7473,77.05,,
8/1/2018 15:15,14.7487,77.574,,
8/1/2018 15:30,14.7431,77.923,,
8/1/2018 15:45,14.7448,77.749,,
8/1/2018 16:00,14.744,77.4,,
8/1/2018 16:15,14.7479,77.225,,
8/1/2018 16:30,14.7522,77.225,,
8/1/2018 16:45,14.7543,77.225,,
8/1/2018 17:00,14.756,77.05,,
8/1/2018 17:15,14.7603,77.05,,
8/1/2018 17:30,14.7643,76.876,,
8/1/2018 17:45,14.7815,76.876,,
8/1/2018 18:00,14.8722,76.703,,
8/1/2018 18:15,14.8593,76.703,,
8/1/2018 18:30,14.8545,76.528,,
8/1/2018 18:45,14.8458,76.528,,
8/1/2018 19:00,14.8327,76.528,,
8/1/2018 19:15,14.824,76.528,,
8/1/2018 19:30,14.8149,76.354,,
8/1/2018 19:45,14.8062,76.354,,
8/1/2018 20:00,14.8062,76.354,,
8/1/2018 20:15,14.8036,76.181,,
8/1/2018 20:30,14.7992,76.181,,
8/1/2018 20:45,14.7992,76.181,,
8/1/2018 21:00,14.795,76.181,,
8/1/2018 21:15,14.7944,76.006,,
8/1/2018 21:30,14.7944,76.006,,
8/1/2018 21:45,14.7923,76.006,,
8/1/2018 22:00,14.7859,76.006,,
8/1/2018 22:15,14.7853,75.832,,
8/1/2018 22:30,14.7831,75.832,,
8/1/2018 22:45,14.7853,75.832,,
8/1/2018 23:00,14.7831,75.832,,
8/1/2018 23:15,14.7827,75.659,,
8/1/2018 23:30,14.7783,75.659,,
8/1/2018 23:45,14.7783,75.659,,
8/2/2018 0:00,14.7783,75.659,,
8/2/2018 0:15,14.7757,75.484,,
8/2/2018 0:30,14.7757,75.484,,
8/2/2018 0:45,14.7735,75.484,,
8/2/2018 1:00,14.7714,75.484,,
8/2/2018 1:15,14.7692,75.484,,
8/2/2018 1:30,14.7672,75.484,,
8/2/2018 1:45,14.7644,75.312,,
8/2/2018 2:00,14.7644,75.312,,
8/2/2018 2:15,14.7644,75.312,,
8/2/2018 2:30,14.7644,75.312,,
8/2/2018 2:45,14.7622,75.312,,
8/2/2018 3:00,14.7622,75.312,,
8/2/2018 3:15,14.7602,75.312,,
8/2/2018 3:30,14.7622,75.312,,
8/2/2018 3:45,14.7558,75.312,,
8/2/2018 4:00,14.7554,75.139,,
8/2/2018 4:15,14.7554,75.139,,
8/2/2018 4:30,14.7554,75.139,,
8/2/2018 4:45,14.7554,75.139,,
8/2/2018 5:00,14.7554,75.139,,
8/2/2018 5:15,14.7596,75.139,,
8/2/2018 5:30,14.7596,75.139,,
8/2/2018 5:45,14.7596,75.139,,
8/2/2018 6:00,14.7618,75.139,,
8/2/2018 6:15,14.764,75.139,,
8/2/2018 6:30,14.7661,75.139,,
8/2/2018 6:45,14.7683,75.139,,
8/2/2018 7:00,14.7705,75.139,,
8/2/2018 7:15,14.7705,75.139,,
8/2/2018 7:30,14.7705,75.139,,
8/2/2018 7:45,14.7748,75.139,,
8/2/2018 8:00,14.7775,75.312,,
8/2/2018 8:15,14.7779,75.484,,
8/2/2018 8:30,14.7779,75.484,,
8/2/2018 8:45,14.7779,75.484,,
8/2/2018 9:00,14.7762,75.659,,
8/2/2018 9:15,14.7789,75.832,,
8/2/2018 9:30,14.7793,76.006,,
8/2/2018 9:45,14.7798,76.181,,
8/2/2018 10:00,14.7759,76.354,,
8/2/2018 10:15,14.7763,76.528,,
8/2/2018 10:30,14.7746,76.703,,
8/2/2018 10:45,14.7778,77.05,,
8/2/2018 11:00,14.7773,76.876,,
8/2/2018 11:15,14.7767,76.703,,
8/2/2018 11:30,14.7807,76.528,,
8/2/2018 11:45,14.7785,76.528,,
8/2/2018 12:00,14.7746,76.703,,
8/2/2018 12:15,14.773,76.876,,
8/2/2018 12:30,14.7686,76.876,,
8/2/2018 12:45,14.7664,76.876,,
8/2/2018 13:00,14.7647,77.05,,
8/2/2018 13:15,14.7621,76.876,,
8/2/2018 13:30,14.7577,76.876,,
8/2/2018 13:45,14.7556,76.876,,
8/2/2018 14:00,14.7534,76.876,,
8/2/2018 14:15,14.7512,76.876,,
8/2/2018 14:30,14.7469,76.876,,
8/2/2018 14:45,14.7425,76.876,,
8/2/2018 15:00,14.7425,76.876,,
8/2/2018 15:15,14.7425,76.876,,
8/2/2018 15:30,14.7425,76.876,,
8/2/2018 15:45,14.7556,76.876,,
8/2/2018 16:00,14.769,77.05,,
8/2/2018 16:15,14.7837,76.876,,
8/2/2018 16:30,14.7902,76.876,,
8/2/2018 16:45,14.8523,76.528,,
8/2/2018 17:00,14.8371,76.528,,
8/2/2018 17:15,14.8236,76.354,,
8/2/2018 17:30,14.8105,76.354,,
8/2/2018 17:45,14.8062,76.354,,
8/2/2018 18:00,14.7976,76.354,,
8/2/2018 18:15,14.7954,76.354,,
8/2/2018 18:30,14.7933,76.354,,
8/2/2018 18:45,14.7885,76.181,,
8/2/2018 19:00,14.7885,76.181,,
8/2/2018 19:15,14.7841,76.181,,
8/2/2018 19:30,14.7863,76.181,,
8/2/2018 19:45,14.7841,76.181,,
8/2/2018 20:00,14.782,76.181,,
8/2/2018 20:15,14.7907,76.181,,
8/2/2018 20:30,14.7907,76.181,,
8/2/2018 20:45,14.7907,76.181,,
8/2/2018 21:00,14.7966,76.006,,
8/2/2018 21:15,14.7988,76.006,,
8/2/2018 21:30,14.7944,76.006,,
8/2/2018 21:45,14.7923,76.006,,
8/2/2018 22:00,14.7879,76.006,,
8/2/2018 22:15,14.7831,75.832,,
8/2/2018 22:30,14.7809,75.832,,
8/2/2018 22:45,14.7789,75.832,,
8/2/2018 23:00,14.7809,75.832,,
8/2/2018 23:15,14.7809,75.832,,
8/2/2018 23:30,14.7762,75.659,,
8/2/2018 23:45,14.7783,75.659,,
8/3/2018 0:00,14.7698,75.659,,
8/3/2018 0:15,14.7676,75.659,,
8/3/2018 0:30,14.7676,75.659,,
8/3/2018 0:45,14.7654,75.659,,
8/3/2018 1:00,14.7672,75.484,,
8/3/2018 1:15,14.765,75.484,,
8/3/2018 1:30,14.7628,75.484,,
8/3/2018 1:45,14.7585,75.484,,
8/3/2018 2:00,14.7563,75.484,,
8/3/2018 2:15,14.7498,75.484,,
8/3/2018 2:30,14.7476,75.484,,
8/3/2018 2:45,14.7454,75.484,,
8/3/2018 3:00,14.7428,75.312,,
8/3/2018 3:15,14.7432,75.484,,
8/3/2018 3:30,14.7471,75.312,,
8/3/2018 3:45,14.7493,75.312,,
8/3/2018 4:00,14.745,75.312,,
8/3/2018 4:15,14.745,75.312,,
8/3/2018 4:30,14.745,75.312,,
8/3/2018 4:45,14.7428,75.312,,
8/3/2018 5:00,14.7428,75.312,,
8/3/2018 5:15,14.745,75.312,,
8/3/2018 5:30,14.745,75.312,,
8/3/2018 5:45,14.7428,75.312,,
8/3/2018 6:00,14.7454,75.484,,
8/3/2018 6:15,14.7476,75.484,,
8/3/2018 6:30,14.7519,75.484,,
8/3/2018 6:45,14.7519,75.484,,
8/3/2018 7:00,14.7563,75.484,,
8/3/2018 7:15,14.7714,75.484,,
8/3/2018 7:30,14.7779,75.484,,
8/3/2018 7:45,14.7827,75.659,,
8/3/2018 8:00,14.7805,75.659,,
8/3/2018 8:15,14.7831,75.832,,
8/3/2018 8:30,14.7815,76.006,,
8/3/2018 8:45,14.7885,76.181,,
8/3/2018 9:00,14.7954,76.354,,
8/3/2018 9:15,14.8046,76.528,,
8/3/2018 9:30,14.8153,76.528,,
8/3/2018 9:45,14.8192,76.354,,
8/3/2018 10:00,14.824,76.528,,
8/3/2018 10:15,14.8349,76.528,,
8/3/2018 10:30,14.8392,76.528,,
8/3/2018 10:45,14.8445,76.876,,
8/3/2018 11:00,14.851,76.876,,
8/3/2018 11:15,14.844,76.703,,
8/3/2018 11:30,14.831,76.703,,
8/3/2018 11:45,14.8185,76.876,,
8/3/2018 12:00,14.8124,77.05,,
8/3/2018 12:15,14.8059,77.05,,
8/3/2018 12:30,14.7994,77.05,,
8/3/2018 12:45,14.7972,77.05,,
8/3/2018 13:00,14.7928,77.05,,
8/3/2018 13:15,14.7865,77.05,,
8/3/2018 13:30,14.7843,77.05,,
8/3/2018 13:45,14.7786,77.4,,
8/3/2018 14:00,14.774,78.098,,
8/3/2018 14:15,14.7679,78.274,,
8/3/2018 14:30,14.7635,78.274,,
8/3/2018 14:45,14.7631,78.098,,
8/3/2018 15:00,14.7583,77.923,,
8/3/2018 15:15,14.7557,77.749,,
8/3/2018 15:30,14.7557,77.749,,
8/3/2018 15:45,14.7561,77.923,,
8/3/2018 16:00,14.7579,77.749,,
8/3/2018 16:15,14.7596,77.574,,
8/3/2018 16:30,14.7592,77.4,,
8/3/2018 16:45,14.7612,77.4,,
8/3/2018 17:00,14.7592,77.4,,
8/3/2018 17:15,14.7592,77.4,,
8/3/2018 17:30,14.7564,77.225,,
8/3/2018 17:45,14.7586,77.225,,
8/3/2018 18:00,14.7586,77.225,,
8/3/2018 18:15,14.7582,77.05,,
8/3/2018 18:30,14.7603,77.05,,
8/3/2018 18:45,14.7603,77.05,,
8/3/2018 19:00,14.7643,76.876,,
8/3/2018 19:15,14.7664,76.876,,
8/3/2018 19:30,14.7664,76.876,,
8/3/2018 19:45,14.7686,76.876,,
8/3/2018 20:00,14.7682,76.703,,
8/3/2018 20:15,14.7704,76.703,,
8/3/2018 20:30,14.7746,76.703,,
8/3/2018 20:45,14.7725,76.703,,
8/3/2018 21:00,14.7746,76.703,,
8/3/2018 21:15,14.7741,76.528,,
8/3/2018 21:30,14.7763,76.528,,
8/3/2018 21:45,14.7785,76.528,,
8/3/2018 22:00,14.7785,76.528,,
8/3/2018 22:15,14.7785,76.528,,
8/3/2018 22:30,14.7785,76.528,,
8/3/2018 22:45,14.7759,76.354,,
8/3/2018 23:00,14.7759,76.354,,
8/3/2018 23:15,14.7737,76.354,,
8/3/2018 23:30,14.7737,76.354,,
8/3/2018 23:45,14.7737,76.354,,
8/4/2018 0:00,14.7693,76.354,,
8/4/2018 0:15,14.7693,76.354,,
8/4/2018 0:30,14.7711,76.181,,
8/4/2018 0:45,14.7689,76.181,,
8/4/2018 1:00,14.7646,76.181,,
8/4/2018 1:15,14.7646,76.181,,
8/4/2018 1:30,14.7602,76.181,,
8/4/2018 1:45,14.758,76.181,,
8/4/2018 2:00,14.758,76.181,,
8/4/2018 2:15,14.758,76.181,,
8/4/2018 2:30,14.7532,76.006,,
8/4/2018 2:45,14.7511,76.006,,
8/4/2018 3:00,14.7511,76.006,,
8/4/2018 3:15,14.7511,76.006,,
8/4/2018 3:30,14.7511,76.006,,
8/4/2018 3:45,14.7485,75.832,,
8/4/2018 4:00,14.7506,75.832,,
8/4/2018 4:15,14.7506,75.832,,
8/4/2018 4:30,14.7485,75.832,,
8/4/2018 4:45,14.7502,75.659,,
8/4/2018 5:00,14.7502,75.659,,
8/4/2018 5:15,14.7502,75.659,,
8/4/2018 5:30,14.7519,75.484,,
8/4/2018 5:45,14.7541,75.484,,
8/4/2018 6:00,14.7541,75.484,,
8/4/2018 6:15,14.7558,75.312,,
8/4/2018 6:30,14.758,75.312,,
8/4/2018 6:45,14.7602,75.312,,
8/4/2018 7:00,14.7618,75.139,,
8/4/2018 7:15,14.764,75.139,,
8/4/2018 7:30,14.764,75.139,,
8/4/2018 7:45,14.7618,75.139,,
8/4/2018 8:00,14.7618,75.139,,
8/4/2018 8:15,14.764,75.139,,
8/4/2018 8:30,14.764,75.139,,
8/4/2018 8:45,14.7661,75.139,,
8/4/2018 9:00,14.7683,75.139,,
8/4/2018 9:15,14.7688,75.312,,
8/4/2018 9:30,14.7692,75.484,,
8/4/2018 9:45,14.7692,75.484,,
8/4/2018 10:00,14.768,75.832,,
8/4/2018 10:15,14.7663,76.006,,
8/4/2018 10:30,14.7641,76.006,,
8/4/2018 10:45,14.7641,76.006,,
8/4/2018 11:00,14.7624,76.181,,
8/4/2018 11:15,14.759,76.528,,
8/4/2018 11:30,14.7573,76.703,,
8/4/2018 11:45,14.7534,76.876,,
8/4/2018 12:00,14.7495,77.05,,
8/4/2018 12:15,14.7522,77.225,,
8/4/2018 12:30,14.7527,77.4,,
8/4/2018 12:45,14.7487,77.574,,
8/4/2018 13:00,14.747,77.749,,
8/4/2018 13:15,14.7458,78.098,,
8/4/2018 13:30,14.7441,78.274,,
8/4/2018 13:45,14.7419,78.274,,
8/4/2018 14:00,14.7354,78.274,,
8/4/2018 14:15,14.7332,78.274,,
8/4/2018 14:30,14.7332,78.274,,
8/4/2018 14:45,14.731,78.274,,
8/4/2018 15:00,14.7339,77.749,,
8/4/2018 15:15,14.7326,77.225,,
8/4/2018 15:30,14.7296,76.876,,
8/4/2018 15:45,14.7292,76.703,,
8/4/2018 16:00,14.7303,76.354,,
8/4/2018 16:15,14.7281,76.354,,
8/4/2018 16:30,14.7277,76.181,,
8/4/2018 16:45,14.7316,76.006,,
8/4/2018 17:00,14.7316,76.006,,
8/4/2018 17:15,14.7355,75.832,,
8/4/2018 17:30,14.7398,75.832,,
8/4/2018 17:45,14.7419,75.832,,
8/4/2018 18:00,14.7419,75.832,,
8/4/2018 18:15,14.7437,75.659,,
8/4/2018 18:30,14.7458,75.659,,
8/4/2018 18:45,14.7454,75.484,,
8/4/2018 19:00,14.7454,75.484,,
8/4/2018 19:15,14.7498,75.484,,
8/4/2018 19:30,14.7519,75.484,,
8/4/2018 19:45,14.7515,75.312,,
8/4/2018 20:00,14.7537,75.312,,
8/4/2018 20:15,14.7554,75.139,,
8/4/2018 20:30,14.7532,75.139,,
8/4/2018 20:45,14.7554,75.139,,
8/4/2018 21:00,14.7592,74.964,,
8/4/2018 21:15,14.757,74.964,,
8/4/2018 21:30,14.7566,74.791,,
8/4/2018 21:45,14.7566,74.791,,
8/4/2018 22:00,14.7566,74.791,,
8/4/2018 22:15,14.7583,74.619,,
8/4/2018 22:30,14.754,74.619,,
8/4/2018 22:45,14.7514,74.446,,
8/4/2018 23:00,14.7492,74.446,,
8/4/2018 23:15,14.7487,74.271,,
8/4/2018 23:30,14.7487,74.271,,
8/4/2018 23:45,14.7487,74.271,,
8/5/2018 0:00,14.7461,74.098,,
8/5/2018 0:15,14.7461,74.098,,
8/5/2018 0:30,14.7461,74.098,,
8/5/2018 0:45,14.7461,74.098,,
8/5/2018 1:00,14.7457,73.926,,
8/5/2018 1:15,14.7479,73.926,,
8/5/2018 1:30,14.7435,73.926,,
8/5/2018 1:45,14.7435,73.926,,
8/5/2018 2:00,14.737,73.926,,
8/5/2018 2:15,14.7366,73.753,,
8/5/2018 2:30,14.7322,73.753,,
8/5/2018 2:45,14.7322,73.753,,
8/5/2018 3:00,14.7296,73.58,,
8/5/2018 3:15,14.7296,73.58,,
8/5/2018 3:30,14.727,73.407,,
8/5/2018 3:45,14.7226,73.407,,
8/5/2018 4:00,14.7226,73.407,,
8/5/2018 4:15,14.7244,73.234,,
8/5/2018 4:30,14.7222,73.234,,
8/5/2018 4:45,14.7244,73.234,,
8/5/2018 5:00,14.7222,73.234,,
8/5/2018 5:15,14.7239,73.062,,
8/5/2018 5:30,14.7218,73.062,,
8/5/2018 5:45,14.7218,73.062,,
8/5/2018 6:00,14.7235,72.891,,
8/5/2018 6:15,14.7257,72.891,,
8/5/2018 6:30,14.7279,72.891,,
8/5/2018 6:45,14.7344,72.891,,
8/5/2018 7:00,14.7387,72.891,,
8/5/2018 7:15,14.7387,72.891,,
8/5/2018 7:30,14.7387,72.891,,
8/5/2018 7:45,14.7366,72.891,,
8/5/2018 8:00,14.7366,72.891,,
8/5/2018 8:15,14.7429,72.891,,
8/5/2018 8:30,14.7473,72.891,,
8/5/2018 8:45,14.7495,72.891,,
8/5/2018 9:00,14.7503,73.234,,
8/5/2018 9:15,14.7529,73.407,,
8/5/2018 9:30,14.7556,73.58,,
8/5/2018 9:45,14.7561,73.753,,
8/5/2018 10:00,14.7566,73.926,,
8/5/2018 10:15,14.757,74.098,,
8/5/2018 10:30,14.7531,74.271,,
8/5/2018 10:45,14.7518,74.619,,
8/5/2018 11:00,14.7522,74.791,,
8/5/2018 11:15,14.7485,74.964,,
8/5/2018 11:30,14.7463,74.964,,
8/5/2018 11:45,14.7424,75.139,,
8/5/2018 12:00,14.7402,75.139,,
8/5/2018 12:15,14.7358,75.139,,
8/5/2018 12:30,14.7363,75.312,,
8/5/2018 12:45,14.7308,75.659,,
8/5/2018 13:00,14.7308,75.659,,
8/5/2018 13:15,14.728,75.484,,
8/5/2018 13:30,14.7254,75.312,,
8/5/2018 13:45,14.725,75.139,,
8/5/2018 14:00,14.7206,75.139,,
8/5/2018 14:15,14.7184,75.139,,
8/5/2018 14:30,14.7199,75.659,,
8/5/2018 14:45,14.716,75.832,,
8/5/2018 15:00,14.7109,76.354,,
8/5/2018 15:15,14.7091,76.528,,
8/5/2018 15:30,14.7077,76.006,,
8/5/2018 15:45,14.7061,76.181,,
8/5/2018 16:00,14.7033,76.006,,
8/5/2018 16:15,14.7068,75.659,,
8/5/2018 16:30,14.7038,75.312,,
8/5/2018 16:45,14.7067,74.791,,
8/5/2018 17:00,14.7062,74.619,,
8/5/2018 17:15,14.7054,74.271,,
8/5/2018 17:30,14.7097,74.271,,
8/5/2018 17:45,14.7093,74.098,,
8/5/2018 18:00,14.711,73.926,,
8/5/2018 18:15,14.7128,73.753,,
8/5/2018 18:30,14.7149,73.753,,
8/5/2018 18:45,14.7167,73.58,,
8/5/2018 19:00,14.7187,73.58,,
8/5/2018 19:15,14.7252,73.58,,
8/5/2018 19:30,14.7231,73.58,,
8/5/2018 19:45,14.727,73.407,,
8/5/2018 20:00,14.7292,73.407,,
8/5/2018 20:15,14.7292,73.407,,
8/5/2018 20:30,14.7313,73.407,,
8/5/2018 20:45,14.7357,73.407,,
8/5/2018 21:00,14.7357,73.407,,
8/5/2018 21:15,14.7357,73.407,,
8/5/2018 21:30,14.7379,73.407,,
8/5/2018 21:45,14.7379,73.407,,
8/5/2018 22:00,14.7374,73.234,,
8/5/2018 22:15,14.7353,73.234,,
8/5/2018 22:30,14.7353,73.234,,
8/5/2018 22:45,14.7353,73.234,,
8/5/2018 23:00,14.7353,73.234,,
8/5/2018 23:15,14.7374,73.234,,
8/5/2018 23:30,14.7353,73.234,,
8/5/2018 23:45,14.7331,73.234,,
8/6/2018 0:00,14.7331,73.234,,
8/6/2018 0:15,14.7305,73.062,,
8/6/2018 0:30,14.7305,73.062,,
8/6/2018 0:45,14.7305,73.062,,
8/6/2018 1:00,14.7261,73.062,,
8/6/2018 1:15,14.7283,73.062,,
8/6/2018 1:30,14.7261,73.062,,
8/6/2018 1:45,14.7261,73.062,,
8/6/2018 2:00,14.7261,73.062,,
8/6/2018 2:15,14.7239,73.062,,
8/6/2018 2:30,14.7235,72.891,,
8/6/2018 2:45,14.7235,72.891,,
8/6/2018 3:00,14.7257,72.891,,
8/6/2018 3:15,14.7235,72.891,,
8/6/2018 3:30,14.7213,72.891,,
8/6/2018 3:45,14.7235,72.891,,
8/6/2018 4:00,14.7192,72.891,,
8/6/2018 4:15,14.7213,72.891,,
8/6/2018 4:30,14.7165,72.718,,
8/6/2018 4:45,14.7231,72.718,,
8/6/2018 5:00,14.7252,72.718,,
8/6/2018 5:15,14.7296,72.718,,
8/6/2018 5:30,14.7296,72.718,,
8/6/2018 5:45,14.7318,72.718,,
8/6/2018 6:00,14.7339,72.718,,
8/6/2018 6:15,14.7361,72.718,,
8/6/2018 6:30,14.7377,72.545,,
8/6/2018 6:45,14.7421,72.545,,
8/6/2018 7:00,14.7442,72.545,,
8/6/2018 7:15,14.7464,72.545,,
8/6/2018 7:30,14.7482,72.372,,
8/6/2018 7:45,14.7503,72.372,,
8/6/2018 8:00,14.7525,72.372,,
8/6/2018 8:15,14.7547,72.372,,
8/6/2018 8:30,14.7547,72.372,,
8/6/2018 8:45,14.7547,72.372,,
8/6/2018 9:00,14.7573,72.545,,
8/6/2018 9:15,14.7603,72.891,,
8/6/2018 9:30,14.7608,73.062,,
8/6/2018 9:45,14.7595,73.407,,
8/6/2018 10:00,14.7603,73.753,,
8/6/2018 10:15,14.7592,74.098,,
8/6/2018 10:30,14.7574,74.271,,
8/6/2018 10:45,14.7535,74.446,,
8/6/2018 11:00,14.7518,74.619,,
8/6/2018 11:15,14.7485,74.964,,
8/6/2018 11:30,14.7467,75.139,,
8/6/2018 11:45,14.7428,75.312,,
8/6/2018 12:00,14.7393,75.659,,
8/6/2018 12:15,14.7377,75.832,,
8/6/2018 12:30,14.7386,76.181,,
8/6/2018 12:45,14.7347,76.354,,
8/6/2018 13:00,14.7329,76.528,,
8/6/2018 13:15,14.7318,76.876,,
8/6/2018 13:30,14.7257,77.05,,
8/6/2018 13:45,14.7252,76.876,,
8/6/2018 14:00,14.7248,76.703,,
8/6/2018 14:15,14.7238,76.354,,
8/6/2018 14:30,14.7194,76.354,,
8/6/2018 14:45,14.719,76.181,,
8/6/2018 15:00,14.7164,76.006,,
8/6/2018 15:15,14.7138,75.832,,
8/6/2018 15:30,14.712,76.006,,
8/6/2018 15:45,14.7155,75.659,,
8/6/2018 16:00,14.7129,75.484,,
8/6/2018 16:15,14.7168,75.312,,
8/6/2018 16:30,14.7184,75.139,,
8/6/2018 16:45,14.7202,74.964,,
8/6/2018 17:00,14.7219,74.791,,
8/6/2018 17:15,14.7241,74.791,,
8/6/2018 17:30,14.7237,74.619,,
8/6/2018 17:45,14.7254,74.446,,
8/6/2018 18:00,14.7293,74.271,,
8/6/2018 18:15,14.7271,74.271,,
8/6/2018 18:30,14.7287,74.098,,
8/6/2018 18:45,14.7331,74.098,,
8/6/2018 19:00,14.7353,74.098,,
8/6/2018 19:15,14.737,73.926,,
8/6/2018 19:30,14.7392,73.926,,
8/6/2018 19:45,14.7413,73.926,,
8/6/2018 20:00,14.7457,73.926,,
8/6/2018 20:15,14.7453,73.753,,
8/6/2018 20:30,14.7474,73.753,,
8/6/2018 20:45,14.7496,73.753,,
8/6/2018 21:00,14.7518,73.753,,
8/6/2018 21:15,14.754,73.753,,
8/6/2018 21:30,14.7535,73.58,,
8/6/2018 21:45,14.7556,73.58,,
8/6/2018 22:00,14.7556,73.58,,
8/6/2018 22:15,14.7577,73.58,,
8/6/2018 22:30,14.7556,73.58,,
8/6/2018 22:45,14.7556,73.58,,
8/6/2018 23:00,14.7551,73.407,,
8/6/2018 23:15,14.7529,73.407,,
8/6/2018 23:30,14.7509,73.407,,
8/6/2018 23:45,14.7509,73.407,,
8/7/2018 0:00,14.7509,73.407,,
8/7/2018 0:15,14.7487,73.407,,
8/7/2018 0:30,14.7466,73.407,,
8/7/2018 0:45,14.7466,73.407,,
8/7/2018 1:00,14.744,73.234,,
8/7/2018 1:15,14.7396,73.234,,
8/7/2018 1:30,14.7396,73.234,,
8/7/2018 1:45,14.7374,73.234,,
8/7/2018 2:00,14.7374,73.234,,
8/7/2018 2:15,14.7353,73.234,,
8/7/2018 2:30,14.7331,73.234,,
8/7/2018 2:45,14.7331,73.234,,
8/7/2018 3:00,14.7331,73.234,,
8/7/2018 3:15,14.7309,73.234,,
8/7/2018 3:30,14.7326,73.062,,
8/7/2018 3:45,14.7305,73.062,,
8/7/2018 4:00,14.7305,73.062,,
8/7/2018 4:15,14.7305,73.062,,
8/7/2018 4:30,14.7305,73.062,,
8/7/2018 4:45,14.7305,73.062,,
8/7/2018 5:00,14.7305,73.062,,
8/7/2018 5:15,14.7326,73.062,,
8/7/2018 5:30,14.7344,72.891,,
8/7/2018 5:45,14.7344,72.891,,
8/7/2018 6:00,14.7366,72.891,,
8/7/2018 6:15,14.7387,72.891,,
8/7/2018 6:30,14.7409,72.891,,
8/7/2018 6:45,14.7451,72.891,,
8/7/2018 7:00,14.7473,72.891,,
8/7/2018 7:15,14.7495,72.891,,
8/7/2018 7:30,14.7516,72.891,,
8/7/2018 7:45,14.7538,72.891,,
8/7/2018 8:00,14.7586,73.062,,
8/7/2018 8:15,14.7586,73.062,,
8/7/2018 8:30,14.7612,73.234,,
8/7/2018 8:45,14.7634,73.234,,
8/7/2018 9:00,14.766,73.407,,
8/7/2018 9:15,14.7664,73.58,,
8/7/2018 9:30,14.769,73.753,,
8/7/2018 9:45,14.7712,73.753,,
8/7/2018 10:00,14.7717,73.926,,
8/7/2018 10:15,14.7721,74.098,,
8/7/2018 10:30,14.7705,74.271,,
8/7/2018 10:45,14.7709,74.446,,
8/7/2018 11:00,14.767,74.619,,
8/7/2018 11:15,14.7675,74.791,,
8/7/2018 11:30,14.7631,74.791,,
8/7/2018 11:45,14.7609,74.791,,
8/7/2018 12:00,14.7592,74.964,,
8/7/2018 12:15,14.757,74.964,,
8/7/2018 12:30,14.7548,74.964,,
8/7/2018 12:45,14.7527,74.964,,
8/7/2018 13:00,14.7506,74.964,,
8/7/2018 13:15,14.7467,75.139,,
8/7/2018 13:30,14.7467,75.139,,
8/7/2018 13:45,14.7441,74.964,,
8/7/2018 14:00,14.7419,74.964,,
8/7/2018 14:15,14.7398,74.964,,
8/7/2018 14:30,14.7406,75.312,,
8/7/2018 14:45,14.7355,75.832,,
8/7/2018 15:00,14.7382,76.006,,
8/7/2018 15:15,14.7334,75.832,,
8/7/2018 15:30,14.7345,75.484,,
8/7/2018 15:45,14.7319,75.312,,
8/7/2018 16:00,14.7341,75.312,,
8/7/2018 16:15,14.7341,75.312,,
8/7/2018 16:30,14.7337,75.139,,
8/7/2018 16:45,14.7328,74.791,,
8/7/2018 17:00,14.7393,74.791,,
8/7/2018 17:15,14.7411,74.619,,
8/7/2018 17:30,14.7383,74.446,,
8/7/2018 17:45,14.74,74.271,,
8/7/2018 18:00,14.7422,74.271,,
8/7/2018 18:15,14.7461,74.098,,
8/7/2018 18:30,14.7457,73.926,,
8/7/2018 18:45,14.7479,73.926,,
8/7/2018 19:00,14.7496,73.753,,
8/7/2018 19:15,14.754,73.753,,
8/7/2018 19:30,14.7599,73.58,,
8/7/2018 19:45,14.7599,73.58,,
8/7/2018 20:00,14.7621,73.58,,
8/7/2018 20:15,14.766,73.407,,
8/7/2018 20:30,14.7682,73.407,,
8/7/2018 20:45,14.7699,73.234,,
8/7/2018 21:00,14.7743,73.234,,
8/7/2018 21:15,14.7721,73.234,,
8/7/2018 21:30,14.7717,73.062,,
8/7/2018 21:45,14.7738,73.062,,
8/7/2018 22:00,14.776,73.062,,
8/7/2018 22:15,14.7717,73.062,,
8/7/2018 22:30,14.7712,72.891,,
8/7/2018 22:45,14.769,72.891,,
8/7/2018 23:00,14.7712,72.891,,
8/7/2018 23:15,14.7708,72.718,,
8/7/2018 23:30,14.7686,72.718,,
8/7/2018 23:45,14.7664,72.718,,
8/8/2018 0:00,14.7643,72.718,,
8/8/2018 0:15,14.7638,72.545,,
8/8/2018 0:30,14.7617,72.545,,
8/8/2018 0:45,14.7634,72.372,,
8/8/2018 1:00,14.7634,72.372,,
8/8/2018 1:15,14.759,72.372,,
8/8/2018 1:30,14.759,72.372,,
8/8/2018 1:45,14.7569,72.372,,
8/8/2018 2:00,14.7547,72.372,,
8/8/2018 2:15,14.7543,72.199,,
8/8/2018 2:30,14.7521,72.199,,
8/8/2018 2:45,14.7499,72.199,,
8/8/2018 3:00,14.7499,72.199,,
8/8/2018 3:15,14.7495,72.028,,
8/8/2018 3:30,14.7495,72.028,,
8/8/2018 3:45,14.7516,72.028,,
8/8/2018 4:00,14.7495,72.028,,
8/8/2018 4:15,14.7495,72.028,,
8/8/2018 4:30,14.7516,72.028,,
8/8/2018 4:45,14.7495,72.028,,
8/8/2018 5:00,14.7516,72.028,,
8/8/2018 5:15,14.7556,71.856,,
8/8/2018 5:30,14.7556,71.856,,
8/8/2018 5:45,14.7556,71.856,,
8/8/2018 6:00,14.7577,71.856,,
8/8/2018 6:15,14.7577,71.856,,
8/8/2018 6:30,14.7595,71.683,,
8/8/2018 6:45,14.7637,71.683,,
8/8/2018 7:00,14.7659,71.683,,
8/8/2018 7:15,14.768,71.683,,
8/8/2018 7:30,14.7706,71.856,,
8/8/2018 7:45,14.7685,71.856,,
8/8/2018 8:00,14.7728,71.856,,
8/8/2018 8:15,14.775,71.856,,
8/8/2018 8:30,14.7798,72.028,,
8/8/2018 8:45,14.7824,72.199,,
8/8/2018 9:00,14.7833,72.545,,
8/8/2018 9:15,14.7815,72.718,,
8/8/2018 9:30,14.7837,72.718,,
8/8/2018 9:45,14.7841,72.891,,
8/8/2018 10:00,14.7798,72.891,,
8/8/2018 10:15,14.783,73.234,,
8/8/2018 10:30,14.7817,73.58,,
8/8/2018 10:45,14.7817,73.58,,
8/8/2018 11:00,14.7782,73.926,,
8/8/2018 11:15,14.7764,74.098,,
8/8/2018 11:30,14.7769,74.271,,
8/8/2018 11:45,14.7731,74.446,,
8/8/2018 12:00,14.7692,74.619,,
8/8/2018 12:15,14.7653,74.791,,
8/8/2018 12:30,14.7622,75.312,,
8/8/2018 12:45,14.7615,75.832,,
8/8/2018 13:00,14.7558,76.181,,
8/8/2018 13:15,14.7547,76.528,,
8/8/2018 13:30,14.7556,76.876,,
8/8/2018 13:45,14.7495,77.05,,
8/8/2018 14:00,14.7435,77.225,,
8/8/2018 14:15,14.7418,77.4,,
8/8/2018 14:30,14.7396,77.4,,
8/8/2018 14:45,14.7353,77.4,,
8/8/2018 15:00,14.7348,77.225,,
8/8/2018 15:15,14.7326,77.225,,
8/8/2018 15:30,14.7318,76.876,,
8/8/2018 15:45,14.7264,76.528,,
8/8/2018 16:00,14.7273,76.006,,
8/8/2018 16:15,14.7268,75.832,,
8/8/2018 16:30,14.7271,75.139,,
8/8/2018 16:45,14.7258,74.619,,
8/8/2018 17:00,14.7267,74.098,,
8/8/2018 17:15,14.73,73.753,,
8/8/2018 17:30,14.7339,73.58,,
8/8/2018 17:45,14.7335,73.407,,
8/8/2018 18:00,14.7353,73.234,,
8/8/2018 18:15,14.7366,72.891,,
8/8/2018 18:30,14.7361,72.718,,
8/8/2018 18:45,14.7339,72.718,,
8/8/2018 19:00,14.7357,72.545,,
8/8/2018 19:15,14.7373,72.372,,
8/8/2018 19:30,14.7395,72.372,,
8/8/2018 19:45,14.7416,72.372,,
8/8/2018 20:00,14.7456,72.199,,
8/8/2018 20:15,14.7477,72.199,,
8/8/2018 20:30,14.7477,72.199,,
8/8/2018 20:45,14.7477,72.199,,
8/8/2018 21:00,14.7521,72.199,,
8/8/2018 21:15,14.7543,72.199,,
8/8/2018 21:30,14.7516,72.028,,
8/8/2018 21:45,14.7516,72.028,,
8/8/2018 22:00,14.7516,72.028,,
8/8/2018 22:15,14.756,72.028,,
8/8/2018 22:30,14.7534,71.856,,
8/8/2018 22:45,14.7469,71.856,,
8/8/2018 23:00,14.7425,71.856,,
8/8/2018 23:15,14.7377,71.683,,
8/8/2018 23:30,14.7377,71.683,,
8/8/2018 23:45,14.7377,71.683,,
8/9/2018 0:00,14.7329,71.512,,
8/9/2018 0:15,14.7351,71.512,,
8/9/2018 0:30,14.7329,71.512,,
8/9/2018 0:45,14.7308,71.512,,
8/9/2018 1:00,14.7308,71.512,,
8/9/2018 1:15,14.7286,71.512,,
8/9/2018 1:30,14.7286,71.512,,
8/9/2018 1:45,14.726,71.339,,
8/9/2018 2:00,14.726,71.339,,
8/9/2018 2:15,14.7238,71.339,,
8/9/2018 2:30,14.7238,71.339,,
8/9/2018 2:45,14.7196,71.339,,
8/9/2018 3:00,14.7218,71.339,,
8/9/2018 3:15,14.7152,71.339,,
8/9/2018 3:30,14.7152,71.339,,
8/9/2018 3:45,14.7087,71.339,,
8/9/2018 4:00,14.7022,71.339,,
8/9/2018 4:15,14.7,71.339,,
8/9/2018 4:30,14.6978,71.339,,
8/9/2018 4:45,14.6978,71.339,,
8/9/2018 5:00,14.6978,71.339,,
8/9/2018 5:15,14.7065,71.339,,
8/9/2018 5:30,14.7039,71.168,,
8/9/2018 5:45,14.7039,71.168,,
8/9/2018 6:00,14.7083,71.168,,
8/9/2018 6:15,14.7083,71.168,,
8/9/2018 6:30,14.7126,71.168,,
8/9/2018 6:45,14.717,71.168,,
8/9/2018 7:00,14.7192,71.168,,
8/9/2018 7:15,14.7234,71.168,,
8/9/2018 7:30,14.7255,71.168,,
8/9/2018 7:45,14.7281,71.339,,
8/9/2018 8:00,14.7329,71.512,,
8/9/2018 8:15,14.7395,71.512,,
8/9/2018 8:30,14.7399,71.683,,
8/9/2018 8:45,14.7421,71.683,,
8/9/2018 9:00,14.7469,71.856,,
8/9/2018 9:15,14.7473,72.028,,
8/9/2018 9:30,14.7438,72.372,,
8/9/2018 9:45,14.7447,72.718,,
8/9/2018 10:00,14.7403,72.718,,
8/9/2018 10:15,14.7425,72.718,,
8/9/2018 10:30,14.7409,72.891,,
8/9/2018 10:45,14.7348,73.062,,
8/9/2018 11:00,14.7383,73.58,,
8/9/2018 11:15,14.737,73.926,,
8/9/2018 11:30,14.7353,74.098,,
8/9/2018 11:45,14.7367,74.619,,
8/9/2018 12:00,14.7337,75.139,,
8/9/2018 12:15,14.7271,75.139,,
8/9/2018 12:30,14.7237,74.619,,
8/9/2018 12:45,14.7206,74.271,,
8/9/2018 13:00,14.7202,74.098,,
8/9/2018 13:15,14.718,74.098,,
8/9/2018 13:30,14.7136,74.098,,
8/9/2018 13:45,14.7115,74.098,,
8/9/2018 14:00,14.7081,75.312,,
8/9/2018 14:15,14.7029,75.832,,
8/9/2018 14:30,14.7016,75.312,,
8/9/2018 14:45,14.7003,75.659,,
8/9/2018 15:00,14.7016,75.312,,
8/9/2018 15:15,14.7007,74.964,,
8/9/2018 15:30,14.6977,74.619,,
8/9/2018 15:45,14.6993,74.446,,
8/9/2018 16:00,14.6988,74.271,,
8/9/2018 16:15,14.7028,74.098,,
8/9/2018 16:30,14.7093,74.098,,
8/9/2018 16:45,14.7093,74.098,,
8/9/2018 17:00,14.7136,74.098,,
8/9/2018 17:15,14.7154,73.926,,
8/9/2018 17:30,14.7176,73.926,,
8/9/2018 17:45,14.7193,73.753,,
8/9/2018 18:00,14.7252,73.58,,
8/9/2018 18:15,14.727,73.407,,
8/9/2018 18:30,14.7313,73.407,,
8/9/2018 18:45,14.7309,73.234,,
8/9/2018 19:00,14.7331,73.234,,
8/9/2018 19:15,14.7348,73.062,,
8/9/2018 19:30,14.737,73.062,,
8/9/2018 19:45,14.7366,72.891,,
8/9/2018 20:00,14.7409,72.891,,
8/9/2018 20:15,14.7429,72.891,,
8/9/2018 20:30,14.7425,72.718,,
8/9/2018 20:45,14.7469,72.718,,
8/9/2018 21:00,14.7425,72.718,,
8/9/2018 21:15,14.7447,72.718,,
8/9/2018 21:30,14.7447,72.718,,
8/9/2018 21:45,14.7447,72.718,,
8/9/2018 22:00,14.7447,72.718,,
8/9/2018 22:15,14.7464,72.545,,
8/9/2018 22:30,14.7486,72.545,,
8/9/2018 22:45,14.7486,72.545,,
8/9/2018 23:00,14.7486,72.545,,
8/9/2018 23:15,14.7442,72.545,,
8/9/2018 23:30,14.7313,72.545,,
8/9/2018 23:45,14.7292,72.545,,
8/10/2018 0:00,14.7377,72.545,,
8/10/2018 0:15,14.7373,72.372,,
8/10/2018 0:30,14.7351,72.372,,
8/10/2018 0:45,14.7395,72.372,,
8/10/2018 1:00,14.7325,72.199,,
8/10/2018 1:15,14.7305,72.199,,
8/10/2018 1:30,14.7283,72.199,,
8/10/2018 1:45,14.7257,72.028,,
8/10/2018 2:00,14.7213,72.028,,
8/10/2018 2:15,14.7126,72.028,,
8/10/2018 2:30,14.7126,72.028,,
8/10/2018 2:45,14.7061,72.028,,
8/10/2018 3:00,14.7039,72.028,,
8/10/2018 3:15,14.7013,71.856,,
8/10/2018 3:30,14.7035,71.856,,
8/10/2018 3:45,14.7122,71.856,,
8/10/2018 4:00,14.7074,71.683,,
8/10/2018 4:15,14.7031,71.683,,
8/10/2018 4:30,14.7031,71.683,,
8/10/2018 4:45,14.7009,71.683,,
8/10/2018 5:00,14.7009,71.683,,
8/10/2018 5:15,14.7031,71.683,,
8/10/2018 5:30,14.7026,71.512,,
8/10/2018 5:45,14.7091,71.512,,
8/10/2018 6:00,14.7091,71.512,,
8/10/2018 6:15,14.7157,71.512,,
8/10/2018 6:30,14.7178,71.512,,
8/10/2018 6:45,14.7222,71.512,,
8/10/2018 7:00,14.7238,71.339,,
8/10/2018 7:15,14.7264,71.512,,
8/10/2018 7:30,14.7303,71.339,,
8/10/2018 7:45,14.7329,71.512,,
8/10/2018 8:00,14.7368,71.339,,
8/10/2018 8:15,14.7351,71.512,,
8/10/2018 8:30,14.7399,71.683,,
8/10/2018 8:45,14.7399,71.683,,
8/10/2018 9:00,14.749,71.856,,
8/10/2018 9:15,14.7469,71.856,,
8/10/2018 9:30,14.7473,72.028,,
8/10/2018 9:45,14.7482,72.372,,
8/10/2018 10:00,14.7486,72.545,,
8/10/2018 10:15,14.7473,72.891,,
8/10/2018 10:30,14.7466,73.407,,
8/10/2018 10:45,14.7457,73.926,,
8/10/2018 11:00,14.744,74.098,,
8/10/2018 11:15,14.7415,74.791,,
8/10/2018 11:30,14.7363,75.312,,
8/10/2018 11:45,14.7355,75.832,,
8/10/2018 12:00,14.7338,76.006,,
8/10/2018 12:15,14.7325,76.354,,
8/10/2018 12:30,14.7274,76.876,,
8/10/2018 12:45,14.7218,77.225,,
8/10/2018 13:00,14.7189,77.749,,
8/10/2018 13:15,14.7171,77.923,,
8/10/2018 13:30,14.7158,78.274,,
8/10/2018 13:45,14.712,78.449,,
8/10/2018 14:00,14.7103,78.624,,
8/10/2018 14:15,14.707,78.975,,
8/10/2018 14:30,14.7058,77.749,,
8/10/2018 14:45,14.698,77.225,,
8/10/2018 15:00,14.6965,76.703,,
8/10/2018 15:15,14.6919,77.4,,
8/10/2018 15:30,14.6901,77.574,,
8/10/2018 15:45,14.6897,77.4,,
8/10/2018 16:00,14.69,76.703,,
8/10/2018 16:15,14.6909,76.181,,
8/10/2018 16:30,14.6935,76.354,,
8/10/2018 16:45,14.6917,75.659,,
8/10/2018 17:00,14.6933,75.484,,
8/10/2018 17:15,14.6946,75.139,,
8/10/2018 17:30,14.6964,74.964,,
8/10/2018 17:45,14.6981,74.791,,
8/10/2018 18:00,14.702,74.619,,
8/10/2018 18:15,14.7036,74.446,,
8/10/2018 18:30,14.7058,74.446,,
8/10/2018 18:45,14.7097,74.271,,
8/10/2018 19:00,14.7141,74.271,,
8/10/2018 19:15,14.7136,74.098,,
8/10/2018 19:30,14.7158,74.098,,
8/10/2018 19:45,14.7202,74.098,,
8/10/2018 20:00,14.7223,74.098,,
8/10/2018 20:15,14.7241,73.926,,
8/10/2018 20:30,14.7261,73.926,,
8/10/2018 20:45,14.7283,73.926,,
8/10/2018 21:00,14.7283,73.926,,
8/10/2018 21:15,14.7305,73.926,,
8/10/2018 21:30,14.7326,73.926,,
8/10/2018 21:45,14.7348,73.926,,
8/10/2018 22:00,14.7348,73.926,,
8/10/2018 22:15,14.737,73.926,,
8/10/2018 22:30,14.7431,73.753,,
8/10/2018 22:45,14.7474,73.753,,
8/10/2018 23:00,14.7496,73.753,,
8/10/2018 23:15,14.7518,73.753,,
8/10/2018 23:30,14.754,73.753,,
8/10/2018 23:45,14.7583,73.753,,
8/11/2018 0:00,14.7625,73.753,,
8/11/2018 0:15,14.769,73.753,,
8/11/2018 0:30,14.7669,73.753,,
8/11/2018 0:45,14.7647,73.753,,
8/11/2018 1:00,14.7625,73.753,,
8/11/2018 1:15,14.769,73.753,,
8/11/2018 1:30,14.7734,73.753,,
8/11/2018 1:45,14.7708,73.58,,
8/11/2018 2:00,14.7599,73.58,,
8/11/2018 2:15,14.7577,73.58,,
8/11/2018 2:30,14.7529,73.407,,
8/11/2018 2:45,14.7487,73.407,,
8/11/2018 3:00,14.7466,73.407,,
8/11/2018 3:15,14.744,73.234,,
8/11/2018 3:30,14.7418,73.234,,
8/11/2018 3:45,14.7374,73.234,,
8/11/2018 4:00,14.7348,73.062,,
8/11/2018 4:15,14.7305,73.062,,
8/11/2018 4:30,14.7326,73.062,,
8/11/2018 4:45,14.7305,73.062,,
8/11/2018 5:00,14.7283,73.062,,
8/11/2018 5:15,14.73,72.891,,
8/11/2018 5:30,14.73,72.891,,
8/11/2018 5:45,14.7305,73.062,,
8/11/2018 6:00,14.7326,73.062,,
8/11/2018 6:15,14.7322,72.891,,
8/11/2018 6:30,14.7366,72.891,,
8/11/2018 6:45,14.7366,72.891,,
8/11/2018 7:00,14.7366,72.891,,
8/11/2018 7:15,14.7387,72.891,,
8/11/2018 7:30,14.7409,72.891,,
8/11/2018 7:45,14.7429,72.891,,
8/11/2018 8:00,14.7429,72.891,,
8/11/2018 8:15,14.7429,72.891,,
8/11/2018 8:30,14.7409,72.891,,
8/11/2018 8:45,14.7413,73.062,,
8/11/2018 9:00,14.7413,73.062,,
8/11/2018 9:15,14.744,73.234,,
8/11/2018 9:30,14.7448,73.58,,
8/11/2018 9:45,14.7453,73.753,,
8/11/2018 10:00,14.7435,73.926,,
8/11/2018 10:15,14.7596,74.271,,
8/11/2018 10:30,14.7592,74.964,,
8/11/2018 10:45,14.758,75.312,,
8/11/2018 11:00,14.755,75.832,,
8/11/2018 11:15,14.7558,76.181,,
8/11/2018 11:30,14.7503,76.528,,
8/11/2018 11:45,14.7425,76.876,,
8/11/2018 12:00,14.7413,77.225,,
8/11/2018 12:15,14.7353,77.4,,
8/11/2018 12:30,14.7361,77.749,,
8/11/2018 12:45,14.7324,77.923,,
8/11/2018 13:00,14.7306,78.098,,
8/11/2018 13:15,14.7289,78.274,,
8/11/2018 13:30,14.7277,78.624,,
8/11/2018 13:45,14.726,78.8,,
8/11/2018 14:00,14.726,78.8,,
8/11/2018 14:15,14.7212,78.624,,
8/11/2018 14:30,14.7186,78.449,,
8/11/2018 14:45,14.7168,78.624,,
8/11/2018 15:00,14.7138,78.274,,
8/11/2018 15:15,14.7125,78.624,,
8/11/2018 15:30,14.7125,78.624,,
8/11/2018 15:45,14.7132,78.098,,
8/11/2018 16:00,14.7176,78.098,,
8/11/2018 16:15,14.7145,77.749,,
8/11/2018 16:30,14.7152,77.225,,
8/11/2018 16:45,14.7165,76.876,,
8/11/2018 17:00,14.7183,76.703,,
8/11/2018 17:15,14.72,76.528,,
8/11/2018 17:30,14.719,76.181,,
8/11/2018 17:45,14.719,76.181,,
8/11/2018 18:00,14.7186,76.006,,
8/11/2018 18:15,14.7225,75.832,,
8/11/2018 18:30,14.7247,75.832,,
8/11/2018 18:45,14.7242,75.659,,
8/11/2018 19:00,14.7264,75.659,,
8/11/2018 19:15,14.726,75.484,,
8/11/2018 19:30,14.728,75.484,,
8/11/2018 19:45,14.7341,75.312,,
8/11/2018 20:00,14.7341,75.312,,
8/11/2018 20:15,14.7297,75.312,,
8/11/2018 20:30,14.7315,75.139,,
8/11/2018 20:45,14.7315,75.139,,
8/11/2018 21:00,14.7315,75.139,,
8/11/2018 21:15,14.7337,75.139,,
8/11/2018 21:30,14.7337,75.139,,
8/11/2018 21:45,14.7358,75.139,,
8/11/2018 22:00,14.7358,75.139,,
8/11/2018 22:15,14.738,75.139,,
8/11/2018 22:30,14.7402,75.139,,
8/11/2018 22:45,14.7402,75.139,,
8/11/2018 23:00,14.7402,75.139,,
8/11/2018 23:15,14.7445,75.139,,
8/11/2018 23:30,14.7489,75.139,,
8/11/2018 23:45,14.7554,75.139,,
8/12/2018 0:00,14.7506,74.964,,
8/12/2018 0:15,14.7511,75.139,,
8/12/2018 0:30,14.7445,75.139,,
8/12/2018 0:45,14.7398,74.964,,
8/12/2018 1:00,14.7376,74.964,,
8/12/2018 1:15,14.7376,74.964,,
8/12/2018 1:30,14.7328,74.791,,
8/12/2018 1:45,14.7328,74.791,,
8/12/2018 2:00,14.735,74.791,,
8/12/2018 2:15,14.7328,74.791,,
8/12/2018 2:30,14.7328,74.791,,
8/12/2018 2:45,14.7306,74.791,,
8/12/2018 3:00,14.7302,74.619,,
8/12/2018 3:15,14.7302,74.619,,
8/12/2018 3:30,14.728,74.619,,
8/12/2018 3:45,14.7237,74.619,,
8/12/2018 4:00,14.7232,74.446,,
8/12/2018 4:15,14.7254,74.446,,
8/12/2018 4:30,14.7254,74.446,,
8/12/2018 4:45,14.7232,74.446,,
8/12/2018 5:00,14.7232,74.446,,
8/12/2018 5:15,14.7254,74.446,,
8/12/2018 5:30,14.7276,74.446,,
8/12/2018 5:45,14.7254,74.446,,
8/12/2018 6:00,14.7293,74.271,,
8/12/2018 6:15,14.7293,74.271,,
8/12/2018 6:30,14.7335,74.271,,
8/12/2018 6:45,14.7335,74.271,,
8/12/2018 7:00,14.7379,74.271,,
8/12/2018 7:15,14.7379,74.271,,
8/12/2018 7:30,14.74,74.271,,
8/12/2018 7:45,14.7444,74.271,,
8/12/2018 8:00,14.7492,74.446,,
8/12/2018 8:15,14.7518,74.619,,
8/12/2018 8:30,14.754,74.619,,
8/12/2018 8:45,14.7588,74.791,,
8/12/2018 9:00,14.7609,74.791,,
8/12/2018 9:15,14.7614,74.964,,
8/12/2018 9:30,14.7622,75.312,,
8/12/2018 9:45,14.7628,75.484,,
8/12/2018 10:00,14.7611,75.659,,
8/12/2018 10:15,14.7619,76.006,,
8/12/2018 10:30,14.7585,76.354,,
8/12/2018 10:45,14.7573,76.703,,
8/12/2018 11:00,14.7608,77.225,,
8/12/2018 11:15,14.7574,77.574,,
8/12/2018 11:30,14.7535,77.749,,
8/12/2018 11:45,14.754,77.923,,
8/12/2018 12:00,14.7522,78.098,,
8/12/2018 12:15,14.7463,78.274,,
8/12/2018 12:30,14.7456,78.8,,
8/12/2018 12:45,14.7438,78.975,,
8/12/2018 13:00,14.7403,79.326,,
8/12/2018 13:15,14.7416,78.975,,
8/12/2018 13:30,14.739,78.8,,
8/12/2018 13:45,14.7351,78.975,,
8/12/2018 14:00,14.7342,78.624,,
8/12/2018 14:15,14.7315,78.449,,
8/12/2018 14:30,14.7267,78.274,,
8/12/2018 14:45,14.7245,78.274,,
8/12/2018 15:00,14.7245,78.274,,
8/12/2018 15:15,14.7223,78.274,,
8/12/2018 15:30,14.7293,78.449,,
8/12/2018 15:45,14.7094,78.274,,
8/12/2018 16:00,14.7003,78.098,,
8/12/2018 16:15,14.7237,77.923,,
8/12/2018 16:30,14.7276,77.749,,
8/12/2018 16:45,14.7248,77.574,,
8/12/2018 17:00,14.7287,77.4,,
8/12/2018 17:15,14.7309,77.4,,
8/12/2018 17:30,14.7326,77.225,,
8/12/2018 17:45,14.7344,77.05,,
8/12/2018 18:00,14.7366,77.05,,
8/12/2018 18:15,14.7403,76.876,,
8/12/2018 18:30,14.7447,76.876,,
8/12/2018 18:45,14.7534,76.876,,
8/12/2018 19:00,14.7664,76.876,,
8/12/2018 19:15,14.7767,76.703,,
8/12/2018 19:30,14.8007,76.703,,
8/12/2018 19:45,14.8072,76.703,,
8/12/2018 20:00,14.8436,76.528,,
8/12/2018 20:15,14.8561,76.354,,
8/12/2018 20:30,14.8578,76.181,,
8/12/2018 20:45,14.8469,76.181,,
8/12/2018 21:00,14.8378,76.006,,
8/12/2018 21:15,14.8271,76.006,,
8/12/2018 21:30,14.8205,76.006,,
8/12/2018 21:45,14.8114,75.832,,
8/12/2018 22:00,14.8027,75.832,,
8/12/2018 22:15,14.7962,75.832,,
8/12/2018 22:30,14.794,75.832,,
8/12/2018 22:45,14.7896,75.832,,
8/12/2018 23:00,14.7875,75.832,,
8/12/2018 23:15,14.7853,75.832,,
8/12/2018 23:30,14.7809,75.832,,
8/12/2018 23:45,14.7809,75.832,,
8/13/2018 0:00,14.7805,75.659,,
8/13/2018 0:15,14.7805,75.659,,
8/13/2018 0:30,14.7783,75.659,,
8/13/2018 0:45,14.7719,75.659,,
8/13/2018 1:00,14.7719,75.659,,
8/13/2018 1:15,14.7676,75.659,,
8/13/2018 1:30,14.7628,75.484,,
8/13/2018 1:45,14.7628,75.484,,
8/13/2018 2:00,14.7628,75.484,,
8/13/2018 2:15,14.7606,75.484,,
8/13/2018 2:30,14.7585,75.484,,
8/13/2018 2:45,14.7606,75.484,,
8/13/2018 3:00,14.7606,75.484,,
8/13/2018 3:15,14.7606,75.484,,
8/13/2018 3:30,14.7563,75.484,,
8/13/2018 3:45,14.7563,75.484,,
8/13/2018 4:00,14.7519,75.484,,
8/13/2018 4:15,14.7563,75.484,,
8/13/2018 4:30,14.7541,75.484,,
8/13/2018 4:45,14.7585,75.484,,
8/13/2018 5:00,14.7585,75.484,,
8/13/2018 5:15,14.7585,75.484,,
8/13/2018 5:30,14.7563,75.484,,
8/13/2018 5:45,14.7602,75.312,,
8/13/2018 6:00,14.7644,75.312,,
8/13/2018 6:15,14.7666,75.312,,
8/13/2018 6:30,14.7688,75.312,,
8/13/2018 6:45,14.7731,75.312,,
8/13/2018 7:00,14.7775,75.312,,
8/13/2018 7:15,14.7753,75.312,,
8/13/2018 7:30,14.7757,75.484,,
8/13/2018 7:45,14.7779,75.484,,
8/13/2018 8:00,14.7827,75.659,,
8/13/2018 8:15,14.7831,75.832,,
8/13/2018 8:30,14.7853,75.832,,
8/13/2018 8:45,14.7837,76.006,,
8/13/2018 9:00,14.7879,76.006,,
8/13/2018 9:15,14.7907,76.181,,
8/13/2018 9:30,14.7889,76.354,,
8/13/2018 9:45,14.7915,76.528,,
8/13/2018 10:00,14.7902,76.876,,
8/13/2018 10:15,14.7886,77.05,,
8/13/2018 10:30,14.7912,77.225,,
8/13/2018 10:45,14.7873,77.4,,
8/13/2018 11:00,14.7882,77.749,,
8/13/2018 11:15,14.7844,77.923,,
8/13/2018 11:30,14.7866,77.923,,
8/13/2018 11:45,14.7827,78.098,,
8/13/2018 12:00,14.7809,78.274,,
8/13/2018 12:15,14.7809,78.274,,
8/13/2018 12:30,14.7783,78.098,,
8/13/2018 12:45,14.7735,77.923,,
8/13/2018 13:00,14.7775,77.749,,
8/13/2018 13:15,14.7731,77.749,,
8/13/2018 13:30,14.7753,77.749,,
8/13/2018 13:45,14.7747,77.574,,
8/13/2018 14:00,14.7738,77.225,,
8/13/2018 14:15,14.7799,77.05,,
8/13/2018 14:30,14.7843,77.05,,
8/13/2018 14:45,14.7886,77.05,,
8/13/2018 15:00,14.7886,77.05,,
8/13/2018 15:15,14.7928,77.05,,
8/13/2018 15:30,14.8835,76.876,,
8/13/2018 15:45,14.8696,76.528,,
8/13/2018 16:00,14.8545,76.528,,
8/13/2018 16:15,14.8432,76.354,,
8/13/2018 16:30,14.8297,76.181,,
8/13/2018 16:45,14.821,76.181,,
8/13/2018 17:00,14.8166,76.181,,
8/13/2018 17:15,14.8101,76.181,,
8/13/2018 17:30,14.8057,76.181,,
8/13/2018 17:45,14.8031,76.006,,
8/13/2018 18:00,14.801,76.006,,
8/13/2018 18:15,14.801,76.006,,
8/13/2018 18:30,14.8005,75.832,,
8/13/2018 18:45,14.8005,75.832,,
8/13/2018 19:00,14.8005,75.832,,
8/13/2018 19:15,14.8001,75.659,,
8/13/2018 19:30,14.8001,75.659,,
8/13/2018 19:45,14.8001,75.659,,
8/13/2018 20:00,14.7997,75.484,,
8/13/2018 20:15,14.7997,75.484,,
8/13/2018 20:30,14.7997,75.484,,
8/13/2018 20:45,14.7997,75.484,,
8/13/2018 21:00,14.7992,75.312,,
8/13/2018 21:15,14.7992,75.312,,
8/13/2018 21:30,14.7992,75.312,,
8/13/2018 21:45,14.7992,75.312,,
8/13/2018 22:00,14.7992,75.312,,
8/13/2018 22:15,14.7992,75.312,,
8/13/2018 22:30,14.7986,75.139,,
8/13/2018 22:45,14.7986,75.139,,
8/13/2018 23:00,14.7944,75.139,,
8/13/2018 23:15,14.796,74.964,,
8/13/2018 23:30,14.7938,74.964,,
8/13/2018 23:45,14.7938,74.964,,
8/14/2018 0:00,14.7938,74.964,,
8/14/2018 0:15,14.7934,74.791,,
8/14/2018 0:30,14.7891,74.791,,
8/14/2018 0:45,14.7849,74.791,,
8/14/2018 1:00,14.7827,74.791,,
8/14/2018 1:15,14.7805,74.791,,
8/14/2018 1:30,14.7757,74.619,,
8/14/2018 1:45,14.7735,74.619,,
8/14/2018 2:00,14.7735,74.619,,
8/14/2018 2:15,14.7692,74.619,,
8/14/2018 2:30,14.767,74.619,,
8/14/2018 2:45,14.767,74.619,,
8/14/2018 3:00,14.7627,74.619,,
8/14/2018 3:15,14.7644,74.446,,
8/14/2018 3:30,14.7644,74.446,,
8/14/2018 3:45,14.7622,74.446,,
8/14/2018 4:00,14.7666,74.446,,
8/14/2018 4:15,14.7644,74.446,,
8/14/2018 4:30,14.7644,74.446,,
8/14/2018 4:45,14.7644,74.446,,
8/14/2018 5:00,14.7666,74.446,,
8/14/2018 5:15,14.7688,74.446,,
8/14/2018 5:30,14.7688,74.446,,
8/14/2018 5:45,14.7688,74.446,,
8/14/2018 6:00,14.7688,74.446,,
8/14/2018 6:15,14.7731,74.446,,
8/14/2018 6:30,14.7731,74.446,,
8/14/2018 6:45,14.7753,74.446,,
8/14/2018 7:00,14.7773,74.446,,
8/14/2018 7:15,14.7753,74.446,,
8/14/2018 7:30,14.7773,74.446,,
8/14/2018 7:45,14.7801,74.619,,
8/14/2018 8:00,14.7821,74.619,,
8/14/2018 8:15,14.7849,74.791,,
8/14/2018 8:30,14.7827,74.791,,
8/14/2018 8:45,14.7875,74.964,,
8/14/2018 9:00,14.7879,75.139,,
8/14/2018 9:15,14.7901,75.139,,
8/14/2018 9:30,14.7883,75.312,,
8/14/2018 9:45,14.7888,75.484,,
8/14/2018 10:00,14.787,75.659,,
8/14/2018 10:15,14.7885,76.181,,
8/14/2018 10:30,14.7867,76.354,,
8/14/2018 10:45,14.7872,76.528,,
8/14/2018 11:00,14.7867,76.354,,
8/14/2018 11:15,14.785,76.528,,
8/14/2018 11:30,14.7821,77.05,,
8/14/2018 11:45,14.7821,77.05,,
8/14/2018 12:00,14.7821,77.05,,
8/14/2018 12:15,14.7808,77.4,,
8/14/2018 12:30,14.7796,77.749,,
8/14/2018 12:45,14.7788,78.274,,
8/14/2018 13:00,14.7759,78.8,,
8/14/2018 13:15,14.7763,78.975,,
8/14/2018 13:30,14.7751,79.326,,
8/14/2018 13:45,14.7773,79.326,,
8/14/2018 14:00,14.7719,78.975,,
8/14/2018 14:15,14.7667,78.624,,
8/14/2018 14:30,14.7672,78.8,,
8/14/2018 14:45,14.7646,78.624,,
8/14/2018 15:00,14.7646,78.624,,
8/14/2018 15:15,14.7628,78.8,,
8/14/2018 15:30,14.7611,78.975,,
8/14/2018 15:45,14.7619,78.449,,
8/14/2018 16:00,14.7593,78.274,,
8/14/2018 16:15,14.7588,78.098,,
8/14/2018 16:30,14.7588,78.098,,
8/14/2018 16:45,14.7605,77.923,,
8/14/2018 17:00,14.7601,77.749,,
8/14/2018 17:15,14.7618,77.574,,
8/14/2018 17:30,14.7634,77.4,,
8/14/2018 17:45,14.7608,77.225,,
8/14/2018 18:00,14.7651,77.225,,
8/14/2018 18:15,14.769,77.05,,
8/14/2018 18:30,14.769,77.05,,
8/14/2018 18:45,14.7664,76.876,,
8/14/2018 19:00,14.7708,76.876,,
8/14/2018 19:15,14.7725,76.703,,
8/14/2018 19:30,14.7767,76.703,,
8/14/2018 19:45,14.7789,76.703,,
8/14/2018 20:00,14.7807,76.528,,
8/14/2018 20:15,14.7807,76.528,,
8/14/2018 20:30,14.7828,76.528,,
8/14/2018 20:45,14.7846,76.354,,
8/14/2018 21:00,14.7867,76.354,,
8/14/2018 21:15,14.7863,76.181,,
8/14/2018 21:30,14.7907,76.181,,
8/14/2018 21:45,14.7885,76.181,,
8/14/2018 22:00,14.7885,76.181,,
8/14/2018 22:15,14.7907,76.181,,
8/14/2018 22:30,14.795,76.181,,
8/14/2018 22:45,14.8036,76.181,,
8/14/2018 23:00,14.8036,76.181,,
8/14/2018 23:15,14.8036,76.181,,
8/14/2018 23:30,14.8036,76.181,,
8/14/2018 23:45,14.8036,76.181,,
8/15/2018 0:00,14.8053,76.006,,
8/15/2018 0:15,14.8053,76.006,,
8/15/2018 0:30,14.8075,76.006,,
8/15/2018 0:45,14.8053,76.006,,
8/15/2018 1:00,14.8053,76.006,,
8/15/2018 1:15,14.8114,75.832,,
8/15/2018 1:30,14.8097,76.006,,
8/15/2018 1:45,14.8097,76.006,,
8/15/2018 2:00,14.8053,76.006,,
8/15/2018 2:15,14.7983,75.832,,
8/15/2018 2:30,14.794,75.832,,
8/15/2018 2:45,14.7896,75.832,,
8/15/2018 3:00,14.7896,75.832,,
8/15/2018 3:15,14.7849,75.659,,
8/15/2018 3:30,14.7827,75.659,,
8/15/2018 3:45,14.7805,75.659,,
8/15/2018 4:00,14.7762,75.659,,
8/15/2018 4:15,14.7801,75.484,,
8/15/2018 4:30,14.7779,75.484,,
8/15/2018 4:45,14.7757,75.484,,
8/15/2018 5:00,14.7779,75.484,,
8/15/2018 5:15,14.7757,75.484,,
8/15/2018 5:30,14.7753,75.312,,
8/15/2018 5:45,14.7753,75.312,,
8/15/2018 6:00,14.7775,75.312,,
8/15/2018 6:15,14.7796,75.312,,
8/15/2018 6:30,14.7818,75.312,,
8/15/2018 6:45,14.7862,75.312,,
8/15/2018 7:00,14.7883,75.312,,
8/15/2018 7:15,14.7905,75.312,,
8/15/2018 7:30,14.7909,75.484,,
8/15/2018 7:45,14.7931,75.484,,
8/15/2018 8:00,14.7931,75.484,,
8/15/2018 8:15,14.7953,75.484,,
8/15/2018 8:30,14.7975,75.484,,
8/15/2018 8:45,14.8044,75.659,,
8/15/2018 9:00,14.8066,75.659,,
8/15/2018 9:15,14.826,75.659,,
8/15/2018 9:30,14.8282,75.659,,
8/15/2018 9:45,14.8245,75.832,,
8/15/2018 10:00,14.8205,76.006,,
8/15/2018 10:15,14.8166,76.181,,
8/15/2018 10:30,14.8105,76.354,,
8/15/2018 10:45,14.8072,76.703,,
8/15/2018 11:00,14.805,76.703,,
8/15/2018 11:15,14.7972,77.05,,
8/15/2018 11:30,14.7943,77.574,,
8/15/2018 11:45,14.7904,77.749,,
8/15/2018 12:00,14.787,78.098,,
8/15/2018 12:15,14.782,78.624,,
8/15/2018 12:30,14.7807,78.975,,
8/15/2018 12:45,14.773,79.326,,
8/15/2018 13:00,14.7669,79.502,,
8/15/2018 13:15,14.7651,79.678,,
8/15/2018 13:30,14.7608,79.678,,
8/15/2018 13:45,14.7592,79.853,,
8/15/2018 14:00,14.7563,80.382,,
8/15/2018 14:15,14.7524,80.559,,
8/15/2018 14:30,14.7485,80.735,,
8/15/2018 14:45,14.7411,80.382,,
8/15/2018 15:00,14.7444,80.029,,
8/15/2018 15:15,14.7435,79.678,,
8/15/2018 15:30,14.7425,79.326,,
8/15/2018 15:45,14.7403,79.326,,
8/15/2018 16:00,14.7451,79.502,,
8/15/2018 16:15,14.7447,79.326,,
8/15/2018 16:30,14.7498,78.8,,
8/15/2018 16:45,14.7493,78.624,,
8/15/2018 17:00,14.7485,78.274,,
8/15/2018 17:15,14.748,78.098,,
8/15/2018 17:30,14.7518,77.923,,
8/15/2018 17:45,14.7535,77.749,,
8/15/2018 18:00,14.7531,77.574,,
8/15/2018 18:15,14.7574,77.574,,
8/15/2018 18:30,14.7634,77.4,,
8/15/2018 18:45,14.7651,77.225,,
8/15/2018 19:00,14.769,77.05,,
8/15/2018 19:15,14.7734,77.05,,
8/15/2018 19:30,14.7734,77.05,,
8/15/2018 19:45,14.773,76.876,,
8/15/2018 20:00,14.773,76.876,,
8/15/2018 20:15,14.7746,76.703,,
8/15/2018 20:30,14.7767,76.703,,
8/15/2018 20:45,14.7767,76.703,,
8/15/2018 21:00,14.7767,76.703,,
8/15/2018 21:15,14.7789,76.703,,
8/15/2018 21:30,14.7785,76.528,,
8/15/2018 21:45,14.785,76.528,,
8/15/2018 22:00,14.785,76.528,,
8/15/2018 22:15,14.785,76.528,,
8/15/2018 22:30,14.7828,76.528,,
8/15/2018 22:45,14.7828,76.528,,
8/15/2018 23:00,14.7824,76.354,,
8/15/2018 23:15,14.778,76.354,,
8/15/2018 23:30,14.7776,76.181,,
8/15/2018 23:45,14.7754,76.181,,
8/16/2018 0:00,14.7754,76.181,,
8/16/2018 0:15,14.7776,76.181,,
8/16/2018 0:30,14.7772,76.006,,
8/16/2018 0:45,14.7772,76.006,,
8/16/2018 1:00,14.775,76.006,,
8/16/2018 1:15,14.775,76.006,,
8/16/2018 1:30,14.768,75.832,,
8/16/2018 1:45,14.7659,75.832,,
8/16/2018 2:00,14.7615,75.832,,
8/16/2018 2:15,14.7589,75.659,,
8/16/2018 2:30,14.7589,75.659,,
8/16/2018 2:45,14.7589,75.659,,
8/16/2018 3:00,14.7585,75.484,,
8/16/2018 3:15,14.7541,75.484,,
8/16/2018 3:30,14.7541,75.484,,
8/16/2018 3:45,14.7585,75.484,,
8/16/2018 4:00,14.7796,75.312,,
8/16/2018 4:15,14.9392,74.964,,
8/16/2018 4:30,15.2078,74.791,,
8/16/2018 4:45,15.1331,74.446,,
8/16/2018 5:00,15.0372,74.271,,
8/16/2018 5:15,14.9808,74.271,,
8/16/2018 5:30,14.9374,74.271,,
8/16/2018 5:45,14.9092,74.271,,
8/16/2018 6:00,14.8962,74.271,,
8/16/2018 6:15,14.8832,74.271,,
8/16/2018 6:30,14.8745,74.271,,
8/16/2018 6:45,14.8706,74.446,,
8/16/2018 7:00,14.8684,74.446,,
8/16/2018 7:15,14.864,74.446,,
8/16/2018 7:30,14.8684,74.446,,
8/16/2018 7:45,14.8684,74.446,,
8/16/2018 8:00,14.8775,74.619,,
8/16/2018 8:15,14.9296,74.619,,
8/16/2018 8:30,14.9361,74.619,,
8/16/2018 8:45,14.9427,74.619,,
8/16/2018 9:00,14.9366,74.791,,
8/16/2018 9:15,14.9213,74.791,,
8/16/2018 9:30,14.911,74.964,,
8/16/2018 9:45,14.8962,75.139,,
8/16/2018 10:00,14.8903,75.312,,
8/16/2018 10:15,14.882,75.484,,
8/16/2018 10:30,14.8759,75.659,,
8/16/2018 10:45,14.8672,75.659,,
8/16/2018 11:00,14.8672,75.659,,
8/16/2018 11:15,14.8591,75.832,,
8/16/2018 11:30,14.8508,76.006,,
8/16/2018 11:45,14.8458,76.528,,
8/16/2018 12:00,14.8445,76.876,,
8/16/2018 12:15,14.8411,77.225,,
8/16/2018 12:30,14.8372,77.4,,
8/16/2018 12:45,14.8333,77.574,,
8/16/2018 13:00,14.8252,77.749,,
8/16/2018 13:15,14.8239,78.098,,
8/16/2018 13:30,14.8221,78.274,,
8/16/2018 13:45,14.8221,78.274,,
8/16/2018 14:00,14.8191,77.923,,
8/16/2018 14:15,14.8165,77.749,,
8/16/2018 14:30,14.8176,77.4,,
8/16/2018 14:45,14.8107,77.225,,
8/16/2018 15:00,14.8063,77.225,,
8/16/2018 15:15,14.8081,77.05,,
8/16/2018 15:30,14.8041,77.225,,
8/16/2018 15:45,14.8059,77.05,,
8/16/2018 16:00,14.8081,77.05,,
8/16/2018 16:15,14.8102,77.05,,
8/16/2018 16:30,14.8059,77.05,,
8/16/2018 16:45,14.8055,76.876,,
8/16/2018 17:00,14.8098,76.876,,
8/16/2018 17:15,14.8115,76.703,,
8/16/2018 17:30,14.8115,76.703,,
8/16/2018 17:45,14.8131,76.528,,
8/16/2018 18:00,14.8131,76.528,,
8/16/2018 18:15,14.8175,76.528,,
8/16/2018 18:30,14.8192,76.354,,
8/16/2018 18:45,14.8192,76.354,,
8/16/2018 19:00,14.8192,76.354,,
8/16/2018 19:15,14.8188,76.181,,
8/16/2018 19:30,14.8231,76.181,,
8/16/2018 19:45,14.8253,76.181,,
8/16/2018 20:00,14.8249,76.006,,
8/16/2018 20:15,14.8249,76.006,,
8/16/2018 20:30,14.8227,76.006,,
8/16/2018 20:45,14.8227,76.006,,
8/16/2018 21:00,14.8205,76.006,,
8/16/2018 21:15,14.8223,75.832,,
8/16/2018 21:30,14.8245,75.832,,
8/16/2018 21:45,14.8223,75.832,,
8/16/2018 22:00,14.8245,75.832,,
8/16/2018 22:15,14.8223,75.832,,
8/16/2018 22:30,14.8175,75.659,,
8/16/2018 22:45,14.8175,75.659,,
8/16/2018 23:00,14.8175,75.659,,
8/16/2018 23:15,14.8195,75.659,,
8/16/2018 23:30,14.8153,75.659,,
8/16/2018 23:45,14.8169,75.484,,
8/17/2018 0:00,14.8191,75.484,,
8/17/2018 0:15,14.8126,75.484,,
8/17/2018 0:30,14.8084,75.484,,
8/17/2018 0:45,14.8105,75.484,,
8/17/2018 1:00,14.8084,75.484,,
8/17/2018 1:15,14.804,75.484,,
8/17/2018 1:30,14.8062,75.484,,
8/17/2018 1:45,14.804,75.484,,
8/17/2018 2:00,14.7997,75.484,,
8/17/2018 2:15,14.797,75.312,,
8/17/2018 2:30,14.7796,75.312,,
8/17/2018 2:45,14.7753,75.312,,
8/17/2018 3:00,14.7709,75.312,,
8/17/2018 3:15,14.7666,75.312,,
8/17/2018 3:30,14.7622,75.312,,
8/17/2018 3:45,14.758,75.312,,
8/17/2018 4:00,14.7558,75.312,,
8/17/2018 4:15,14.7558,75.312,,
8/17/2018 4:30,14.7558,75.312,,
8/17/2018 4:45,14.7537,75.312,,
8/17/2018 5:00,14.758,75.312,,
8/17/2018 5:15,14.7511,75.139,,
8/17/2018 5:30,14.7532,75.139,,
8/17/2018 5:45,14.7554,75.139,,
8/17/2018 6:00,14.7618,75.139,,
8/17/2018 6:15,14.764,75.139,,
8/17/2018 6:30,14.764,75.139,,
8/17/2018 6:45,14.7705,75.139,,
8/17/2018 7:00,14.7748,75.139,,
8/17/2018 7:15,14.7879,75.139,,
8/17/2018 7:30,14.7949,75.312,,
8/17/2018 7:45,14.7992,75.312,,
8/17/2018 8:00,14.9293,75.312,,
8/17/2018 8:15,14.9097,75.312,,
8/17/2018 8:30,14.8881,75.312,,
8/17/2018 8:45,14.8712,75.484,,
8/17/2018 9:00,14.8543,75.659,,
8/17/2018 9:15,14.8456,75.659,,
8/17/2018 9:30,14.8374,75.832,,
8/17/2018 9:45,14.8334,76.006,,
8/17/2018 10:00,14.8271,76.006,,
8/17/2018 10:15,14.821,76.181,,
8/17/2018 10:30,14.8131,76.528,,
8/17/2018 10:45,14.8115,76.703,,
8/17/2018 11:00,14.805,76.703,,
8/17/2018 11:15,14.8011,76.876,,
8/17/2018 11:30,14.7978,77.225,,
8/17/2018 11:45,14.7965,77.574,,
8/17/2018 12:00,14.7921,77.574,,
8/17/2018 12:15,14.7921,77.574,,
8/17/2018 12:30,14.7895,77.4,,
8/17/2018 12:45,14.783,77.4,,
8/17/2018 13:00,14.7844,77.923,,
8/17/2018 13:15,14.7805,78.098,,
8/17/2018 13:30,14.7753,77.749,,
8/17/2018 13:45,14.7725,77.574,,
8/17/2018 14:00,14.7709,77.749,,
8/17/2018 14:15,14.7709,77.749,,
8/17/2018 14:30,14.7683,77.574,,
8/17/2018 14:45,14.7699,77.4,,
8/17/2018 15:00,14.7699,77.4,,
8/17/2018 15:15,14.7677,77.4,,
8/17/2018 15:30,14.764,77.574,,
8/17/2018 15:45,14.7601,77.749,,
8/17/2018 16:00,14.7609,78.098,,
8/17/2018 16:15,14.7605,77.923,,
8/17/2018 16:30,14.7601,77.749,,
8/17/2018 16:45,14.764,77.574,,
8/17/2018 17:00,14.7656,77.4,,
8/17/2018 17:15,14.7656,77.4,,
8/17/2018 17:30,14.7656,77.4,,
8/17/2018 17:45,14.7717,77.225,,
8/17/2018 18:00,14.7712,77.05,,
8/17/2018 18:15,14.7778,77.05,,
8/17/2018 18:30,14.7773,76.876,,
8/17/2018 18:45,14.7773,76.876,,
8/17/2018 19:00,14.7795,76.876,,
8/17/2018 19:15,14.7833,76.703,,
8/17/2018 19:30,14.7854,76.703,,
8/17/2018 19:45,14.7876,76.703,,
8/17/2018 20:00,14.7915,76.528,,
8/17/2018 20:15,14.7915,76.528,,
8/17/2018 20:30,14.8002,76.528,,
8/17/2018 20:45,14.8089,76.528,,
8/17/2018 21:00,14.811,76.528,,
8/17/2018 21:15,14.8105,76.354,,
8/17/2018 21:30,14.8127,76.354,,
8/17/2018 21:45,14.8171,76.354,,
8/17/2018 22:00,14.8171,76.354,,
8/17/2018 22:15,14.8123,76.181,,
8/17/2018 22:30,14.8079,76.181,,
8/17/2018 22:45,14.8036,76.181,,
8/17/2018 23:00,14.8014,76.181,,
8/17/2018 23:15,14.7944,76.006,,
8/17/2018 23:30,14.7923,76.006,,
8/17/2018 23:45,14.7901,76.006,,
8/18/2018 0:00,14.7879,76.006,,
8/18/2018 0:15,14.7875,75.832,,
8/18/2018 0:30,14.7831,75.832,,
8/18/2018 0:45,14.7831,75.832,,
8/18/2018 1:00,14.7789,75.832,,
8/18/2018 1:15,14.7809,75.832,,
8/18/2018 1:30,14.7783,75.659,,
8/18/2018 1:45,14.7741,75.659,,
8/18/2018 2:00,14.7719,75.659,,
8/18/2018 2:15,14.7692,75.484,,
8/18/2018 2:30,14.765,75.484,,
8/18/2018 2:45,14.7628,75.484,,
8/18/2018 3:00,14.7558,75.312,,
8/18/2018 3:15,14.7537,75.312,,
8/18/2018 3:30,14.7537,75.312,,
8/18/2018 3:45,14.7537,75.312,,
8/18/2018 4:00,14.7532,75.139,,
8/18/2018 4:15,14.7511,75.139,,
8/18/2018 4:30,14.7554,75.139,,
8/18/2018 4:45,14.7554,75.139,,
8/18/2018 5:00,14.7554,75.139,,
8/18/2018 5:15,14.7527,74.964,,
8/18/2018 5:30,14.757,74.964,,
8/18/2018 5:45,14.7592,74.964,,
8/18/2018 6:00,14.7592,74.964,,
8/18/2018 6:15,14.7635,74.964,,
8/18/2018 6:30,14.7657,74.964,,
8/18/2018 6:45,14.7679,74.964,,
8/18/2018 7:00,14.7679,74.964,,
8/18/2018 7:15,14.7679,74.964,,
8/18/2018 7:30,14.7679,74.964,,
8/18/2018 7:45,14.7722,74.964,,
8/18/2018 8:00,14.7744,74.964,,
8/18/2018 8:15,14.7744,74.964,,
8/18/2018 8:30,14.7744,74.964,,
8/18/2018 8:45,14.7748,75.139,,
8/18/2018 9:00,14.7775,75.312,,
8/18/2018 9:15,14.7757,75.484,,
8/18/2018 9:30,14.7783,75.659,,
8/18/2018 9:45,14.7762,75.659,,
8/18/2018 10:00,14.7746,75.832,,
8/18/2018 10:15,14.7728,76.006,,
8/18/2018 10:30,14.7746,75.832,,
8/18/2018 10:45,14.8378,76.006,,
8/18/2018 11:00,15.2642,76.354,,
8/18/2018 11:15,15.6158,76.181,,
8/18/2018 11:30,15.9623,75.659,,
8/18/2018 11:45,15.6551,75.484,,
8/18/2018 12:00,15.3769,75.484,,
8/18/2018 12:15,15.234,75.659,,
8/18/2018 12:30,15.1519,75.832,,
8/18/2018 12:45,15.1242,76.006,,
8/18/2018 13:00,15.0961,76.006,,
8/18/2018 13:15,15.0639,76.181,,
8/18/2018 13:30,15.0445,76.181,,
8/18/2018 13:45,15.0205,76.181,,
8/18/2018 14:00,15.001,76.181,,
8/18/2018 14:15,14.9902,76.181,,
8/18/2018 14:30,14.9733,76.354,,
8/18/2018 14:45,14.9646,76.354,,
8/18/2018 15:00,14.9515,76.354,,
8/18/2018 15:15,14.9434,76.528,,
8/18/2018 15:30,14.9369,76.528,,
8/18/2018 15:45,14.9303,76.528,,
8/18/2018 16:00,14.926,76.528,,
8/18/2018 16:15,14.9195,76.528,,
8/18/2018 16:30,14.9151,76.528,,
8/18/2018 16:45,14.9147,76.354,,
8/18/2018 17:00,14.9103,76.354,,
8/18/2018 17:15,14.9081,76.354,,
8/18/2018 17:30,14.906,76.354,,
8/18/2018 17:45,14.9038,76.354,,
8/18/2018 18:00,14.8994,76.354,,
8/18/2018 18:15,14.8994,76.354,,
8/18/2018 18:30,14.8974,76.354,,
8/18/2018 18:45,14.8994,76.354,,
8/18/2018 19:00,14.8994,76.354,,
8/18/2018 19:15,14.899,76.181,,
8/18/2018 19:30,14.899,76.181,,
8/18/2018 19:45,14.899,76.181,,
8/18/2018 20:00,14.899,76.181,,
8/18/2018 20:15,14.9007,76.006,,
8/18/2018 20:30,14.9029,76.006,,
8/18/2018 20:45,14.9007,76.006,,
8/18/2018 21:00,14.9003,75.832,,
8/18/2018 21:15,14.9003,75.832,,
8/18/2018 21:30,14.8955,75.659,,
8/18/2018 21:45,14.8933,75.659,,
8/18/2018 22:00,14.8929,75.484,,
8/18/2018 22:15,14.8907,75.484,,
8/18/2018 22:30,14.8886,75.484,,
8/18/2018 22:45,14.8859,75.312,,
8/18/2018 23:00,14.8816,75.312,,
8/18/2018 23:15,14.8816,75.312,,
8/18/2018 23:30,14.8772,75.312,,
8/18/2018 23:45,14.8772,75.312,,
8/19/2018 0:00,14.8751,75.312,,
8/19/2018 0:15,14.8729,75.312,,
8/19/2018 0:30,14.8707,75.312,,
8/19/2018 0:45,14.8642,75.312,,
8/19/2018 1:00,14.8642,75.312,,
8/19/2018 1:15,14.862,75.312,,
8/19/2018 1:30,14.8577,75.312,,
8/19/2018 1:45,14.8555,75.312,,
8/19/2018 2:00,14.8511,75.312,,
8/19/2018 2:15,14.849,75.312,,
8/19/2018 2:30,14.8448,75.312,,
8/19/2018 2:45,14.8426,75.312,,
8/19/2018 3:00,14.8382,75.312,,
8/19/2018 3:15,14.8378,75.139,,
8/19/2018 3:30,14.8378,75.139,,
8/19/2018 3:45,14.8378,75.139,,
8/19/2018 4:00,14.8378,75.139,,
8/19/2018 4:15,14.8356,75.139,,
8/19/2018 4:30,14.8356,75.139,,
8/19/2018 4:45,14.8356,75.139,,
8/19/2018 5:00,14.8356,75.139,,
8/19/2018 5:15,14.8356,75.139,,
8/19/2018 5:30,14.8378,75.139,,
8/19/2018 5:45,14.8378,75.139,,
8/19/2018 6:00,14.8421,75.139,,
8/19/2018 6:15,14.8416,74.964,,
8/19/2018 6:30,14.8459,74.964,,
8/19/2018 6:45,14.8481,74.964,,
8/19/2018 7:00,14.8503,74.964,,
8/19/2018 7:15,14.8503,74.964,,
8/19/2018 7:30,14.8546,74.964,,
8/19/2018 7:45,14.8546,74.964,,
8/19/2018 8:00,14.8568,74.964,,
8/19/2018 8:15,14.859,74.964,,
8/19/2018 8:30,14.8616,75.139,,
8/19/2018 8:45,14.8616,75.139,,
8/19/2018 9:00,14.8598,75.312,,
8/19/2018 9:15,14.8577,75.312,,
8/19/2018 9:30,14.8581,75.484,,
8/19/2018 9:45,14.8587,75.659,,
8/19/2018 10:00,14.8587,75.659,,
8/19/2018 10:15,14.8596,76.006,,
8/19/2018 10:30,14.8578,76.181,,
8/19/2018 10:45,14.8567,76.528,,
8/19/2018 11:00,14.8527,76.703,,
8/19/2018 11:15,14.8493,77.05,,
8/19/2018 11:30,14.8433,77.225,,
8/19/2018 11:45,14.8394,77.4,,
8/19/2018 12:00,14.8372,77.4,,
8/19/2018 12:15,14.8316,77.749,,
8/19/2018 12:30,14.8316,77.749,,
8/19/2018 12:45,14.8311,77.574,,
8/19/2018 13:00,14.8276,77.05,,
8/19/2018 13:15,14.8233,77.05,,
8/19/2018 13:30,14.8211,77.05,,
8/19/2018 13:45,14.8194,77.225,,
8/19/2018 14:00,14.815,77.225,,
8/19/2018 14:15,14.8124,77.05,,
8/19/2018 14:30,14.8124,77.05,,
8/19/2018 14:45,14.8041,77.225,,
8/19/2018 15:00,14.8059,77.05,,
8/19/2018 15:15,14.805,76.703,,
8/19/2018 15:30,14.8028,76.703,,
8/19/2018 15:45,14.8007,76.703,,
8/19/2018 16:00,14.8033,76.876,,
8/19/2018 16:15,14.8033,76.876,,
8/19/2018 16:30,14.8072,76.703,,
8/19/2018 16:45,14.8068,76.528,,
8/19/2018 17:00,14.8094,76.703,,
8/19/2018 17:15,14.8089,76.528,,
8/19/2018 17:30,14.811,76.528,,
8/19/2018 17:45,14.8131,76.528,,
8/19/2018 18:00,14.8153,76.528,,
8/19/2018 18:15,14.8153,76.528,,
8/19/2018 18:30,14.8214,76.354,,
8/19/2018 18:45,14.8236,76.354,,
8/19/2018 19:00,14.8236,76.354,,
8/19/2018 19:15,14.8258,76.354,,
8/19/2018 19:30,14.8258,76.354,,
8/19/2018 19:45,14.8297,76.181,,
8/19/2018 20:00,14.8297,76.181,,
8/19/2018 20:15,14.8318,76.181,,
8/19/2018 20:30,14.834,76.181,,
8/19/2018 20:45,14.8334,76.006,,
8/19/2018 21:00,14.8356,76.006,,
8/19/2018 21:15,14.8378,76.006,,
8/19/2018 21:30,14.8378,76.006,,
8/19/2018 21:45,14.8374,75.832,,
8/19/2018 22:00,14.8374,75.832,,
8/19/2018 22:15,14.8352,75.832,,
8/19/2018 22:30,14.833,75.832,,
8/19/2018 22:45,14.8326,75.659,,
8/19/2018 23:00,14.8347,75.659,,
8/19/2018 23:15,14.8326,75.659,,
8/19/2018 23:30,14.8326,75.659,,
8/19/2018 23:45,14.8304,75.659,,
8/20/2018 0:00,14.8304,75.659,,
8/20/2018 0:15,14.83,75.484,,
8/20/2018 0:30,14.83,75.484,,
8/20/2018 0:45,14.8278,75.484,,
8/20/2018 1:00,14.8256,75.484,,
8/20/2018 1:15,14.8234,75.484,,
8/20/2018 1:30,14.8213,75.484,,
8/20/2018 1:45,14.8213,75.484,,
8/20/2018 2:00,14.8191,75.484,,
8/20/2018 2:15,14.8147,75.484,,
8/20/2018 2:30,14.8169,75.484,,
8/20/2018 2:45,14.8147,75.484,,
8/20/2018 3:00,14.8126,75.484,,
8/20/2018 3:15,14.8147,75.484,,
8/20/2018 3:30,14.8126,75.484,,
8/20/2018 3:45,14.8105,75.484,,
8/20/2018 4:00,14.8105,75.484,,
8/20/2018 4:15,14.8105,75.484,,
8/20/2018 4:30,14.8126,75.484,,
8/20/2018 4:45,14.8121,75.312,,
8/20/2018 5:00,14.8121,75.312,,
8/20/2018 5:15,14.8165,75.312,,
8/20/2018 5:30,14.8187,75.312,,
8/20/2018 5:45,14.8208,75.312,,
8/20/2018 6:00,14.8208,75.312,,
8/20/2018 6:15,14.8252,75.312,,
8/20/2018 6:30,14.8295,75.312,,
8/20/2018 6:45,14.8356,75.139,,
8/20/2018 7:00,14.8356,75.139,,
8/20/2018 7:15,14.84,75.139,,
8/20/2018 7:30,14.8421,75.139,,
8/20/2018 7:45,14.8421,75.139,,
8/20/2018 8:00,14.8469,75.312,,
8/20/2018 8:15,14.8448,75.312,,
8/20/2018 8:30,14.8469,75.312,,
8/20/2018 8:45,14.8495,75.484,,
8/20/2018 9:00,14.8522,75.659,,
8/20/2018 9:15,14.8522,75.659,,
8/20/2018 9:30,14.8526,75.832,,
8/20/2018 9:45,14.8574,76.006,,
8/20/2018 10:00,14.8556,76.181,,
8/20/2018 10:15,14.8561,76.354,,
8/20/2018 10:30,14.8527,76.703,,
8/20/2018 10:45,14.8527,76.703,,
8/20/2018 11:00,14.8466,76.876,,
8/20/2018 11:15,14.8427,77.05,,
8/20/2018 11:30,14.839,77.225,,
8/20/2018 11:45,14.8359,77.749,,
8/20/2018 12:00,14.8337,77.749,,
8/20/2018 12:15,14.8337,77.749,,
8/20/2018 12:30,14.8321,77.923,,
8/20/2018 12:45,14.8282,78.098,,
8/20/2018 13:00,14.8239,78.098,,
8/20/2018 13:15,14.8191,77.923,,
8/20/2018 13:30,14.8178,78.274,,
8/20/2018 13:45,14.8156,78.274,,
8/20/2018 14:00,14.8126,77.923,,
8/20/2018 14:15,14.8086,78.098,,
8/20/2018 14:30,14.807,78.274,,
8/20/2018 14:45,14.8086,78.098,,
8/20/2018 15:00,14.8082,77.923,,
8/20/2018 15:15,14.8056,77.749,,
8/20/2018 15:30,14.8034,77.749,,
8/20/2018 15:45,14.803,77.574,,
8/20/2018 16:00,14.8004,77.4,,
8/20/2018 16:15,14.8026,77.4,,
8/20/2018 16:30,14.8041,77.225,,
8/20/2018 16:45,14.8063,77.225,,
8/20/2018 17:00,14.8015,77.05,,
8/20/2018 17:15,14.8037,77.05,,
8/20/2018 17:30,14.8059,77.05,,
8/20/2018 17:45,14.8076,76.876,,
8/20/2018 18:00,14.8076,76.876,,
8/20/2018 18:15,14.8098,76.876,,
8/20/2018 18:30,14.8115,76.703,,
8/20/2018 18:45,14.8159,76.703,,
8/20/2018 19:00,14.8181,76.703,,
8/20/2018 19:15,14.8197,76.528,,
8/20/2018 19:30,14.8218,76.528,,
8/20/2018 19:45,14.8262,76.528,,
8/20/2018 20:00,14.8279,76.354,,
8/20/2018 20:15,14.8301,76.354,,
8/20/2018 20:30,14.8345,76.354,,
8/20/2018 20:45,14.8362,76.181,,
8/20/2018 21:00,14.8362,76.181,,
8/20/2018 21:15,14.8384,76.181,,
8/20/2018 21:30,14.8421,76.006,,
8/20/2018 21:45,14.8421,76.006,,
8/20/2018 22:00,14.84,76.006,,
8/20/2018 22:15,14.8421,76.006,,
8/20/2018 22:30,14.8417,75.832,,
8/20/2018 22:45,14.8417,75.832,,
8/20/2018 23:00,14.8439,75.832,,
8/20/2018 23:15,14.8413,75.659,,
8/20/2018 23:30,14.8435,75.659,,
8/20/2018 23:45,14.8435,75.659,,
8/21/2018 0:00,14.8435,75.659,,
8/21/2018 0:15,14.8408,75.484,,
8/21/2018 0:30,14.8408,75.484,,
8/21/2018 0:45,14.8387,75.484,,
8/21/2018 1:00,14.8343,75.484,,
8/21/2018 1:15,14.8321,75.484,,
8/21/2018 1:30,14.83,75.484,,
8/21/2018 1:45,14.83,75.484,,
8/21/2018 2:00,14.8274,75.312,,
8/21/2018 2:15,14.8252,75.312,,
8/21/2018 2:30,14.823,75.312,,
8/21/2018 2:45,14.823,75.312,,
8/21/2018 3:00,14.8252,75.312,,
8/21/2018 3:15,14.8252,75.312,,
8/21/2018 3:30,14.8252,75.312,,
8/21/2018 3:45,14.8252,75.312,,
8/21/2018 4:00,14.8274,75.312,,
8/21/2018 4:15,14.823,75.312,,
8/21/2018 4:30,14.823,75.312,,
8/21/2018 4:45,14.823,75.312,,
8/21/2018 5:00,14.8252,75.312,,
8/21/2018 5:15,14.8121,75.312,,
8/21/2018 5:30,14.8078,75.312,,
8/21/2018 5:45,14.8121,75.312,,
8/21/2018 6:00,14.8121,75.312,,
8/21/2018 6:15,14.8191,75.484,,
8/21/2018 6:30,14.8213,75.484,,
8/21/2018 6:45,14.8234,75.484,,
8/21/2018 7:00,14.8278,75.484,,
8/21/2018 7:15,14.8408,75.484,,
8/21/2018 7:30,14.8517,75.484,,
8/21/2018 7:45,14.8561,75.484,,
8/21/2018 8:00,14.8543,75.659,,
8/21/2018 8:15,14.8478,75.659,,
8/21/2018 8:30,14.8461,75.832,,
8/21/2018 8:45,14.8482,75.832,,
8/21/2018 9:00,14.8465,76.006,,
8/21/2018 9:15,14.8487,76.006,,
8/21/2018 9:30,14.8491,76.181,,
8/21/2018 9:45,14.8491,76.181,,
8/21/2018 10:00,14.8475,76.354,,
8/21/2018 10:15,14.8436,76.528,,
8/21/2018 10:30,14.844,76.703,,
8/21/2018 10:45,14.8423,76.876,,
8/21/2018 11:00,14.8379,76.876,,
8/21/2018 11:15,14.8324,77.225,,
8/21/2018 11:30,14.8285,77.4,,
8/21/2018 11:45,14.8263,77.4,,
8/21/2018 12:00,14.8224,77.574,,
8/21/2018 12:15,14.8208,77.749,,
8/21/2018 12:30,14.8169,77.923,,
8/21/2018 12:45,14.8134,78.274,,
8/21/2018 13:00,14.8134,78.274,,
8/21/2018 13:15,14.8105,78.8,,
8/21/2018 13:30,14.8131,78.975,,
8/21/2018 13:45,14.8101,78.624,,
8/21/2018 14:00,14.8053,78.449,,
8/21/2018 14:15,14.8018,78.8,,
8/21/2018 14:30,14.8002,78.975,,
8/21/2018 14:45,14.7981,78.975,,
8/21/2018 15:00,14.7981,78.975,,
8/21/2018 15:15,14.7953,78.8,,
8/21/2018 15:30,14.7966,78.449,,
8/21/2018 15:45,14.794,78.274,,
8/21/2018 16:00,14.7957,78.098,,
8/21/2018 16:15,14.7995,77.923,,
8/21/2018 16:30,14.7965,77.574,,
8/21/2018 16:45,14.796,77.4,,
8/21/2018 17:00,14.7998,77.225,,
8/21/2018 17:15,14.8255,77.05,,
8/21/2018 17:30,14.8276,77.05,,
8/21/2018 17:45,14.8272,76.876,,
8/21/2018 18:00,14.831,76.703,,
8/21/2018 18:15,14.8332,76.703,,
8/21/2018 18:30,14.8349,76.528,,
8/21/2018 18:45,14.8327,76.528,,
8/21/2018 19:00,14.8366,76.354,,
8/21/2018 19:15,14.8388,76.354,,
8/21/2018 19:30,14.8475,76.354,,
8/21/2018 19:45,14.8491,76.181,,
8/21/2018 20:00,14.8513,76.181,,
8/21/2018 20:15,14.8535,76.181,,
8/21/2018 20:30,14.8556,76.181,,
8/21/2018 20:45,14.8578,76.181,,
8/21/2018 21:00,14.86,76.181,,
8/21/2018 21:15,14.8639,76.006,,
8/21/2018 21:30,14.8639,76.006,,
8/21/2018 21:45,14.8617,76.006,,
8/21/2018 22:00,14.8617,76.006,,
8/21/2018 22:15,14.8613,75.832,,
8/21/2018 22:30,14.8591,75.832,,
8/21/2018 22:45,14.8569,75.832,,
8/21/2018 23:00,14.8569,75.832,,
8/21/2018 23:15,14.8565,75.659,,
8/21/2018 23:30,14.8565,75.659,,
8/21/2018 23:45,14.8543,75.659,,
8/22/2018 0:00,14.8539,75.484,,
8/22/2018 0:15,14.8517,75.484,,
8/22/2018 0:30,14.8474,75.484,,
8/22/2018 0:45,14.8408,75.484,,
8/22/2018 1:00,14.8382,75.312,,
8/22/2018 1:15,14.8361,75.312,,
8/22/2018 1:30,14.8317,75.312,,
8/22/2018 1:45,14.8339,75.312,,
8/22/2018 2:00,14.8291,75.139,,
8/22/2018 2:15,14.8269,75.139,,
8/22/2018 2:30,14.8247,75.139,,
8/22/2018 2:45,14.8247,75.139,,
8/22/2018 3:00,14.8226,75.139,,
8/22/2018 3:15,14.8226,75.139,,
8/22/2018 3:30,14.82,74.964,,
8/22/2018 3:45,14.8178,74.964,,
8/22/2018 4:00,14.8178,74.964,,
8/22/2018 4:15,14.8173,74.791,,
8/22/2018 4:30,14.8152,74.791,,
8/22/2018 4:45,14.813,74.791,,
8/22/2018 5:00,14.8152,74.791,,
8/22/2018 5:15,14.8147,74.619,,
8/22/2018 5:30,14.8147,74.619,,
8/22/2018 5:45,14.8191,74.619,,
8/22/2018 6:00,14.8191,74.619,,
8/22/2018 6:15,14.8213,74.619,,
8/22/2018 6:30,14.8229,74.446,,
8/22/2018 6:45,14.8229,74.446,,
8/22/2018 7:00,14.825,74.446,,
8/22/2018 7:15,14.8294,74.446,,
8/22/2018 7:30,14.8337,74.446,,
8/22/2018 7:45,14.8337,74.446,,
8/22/2018 8:00,14.8359,74.446,,
8/22/2018 8:15,14.8381,74.446,,
8/22/2018 8:30,14.8359,74.446,,
8/22/2018 8:45,14.8342,74.619,,
8/22/2018 9:00,14.8342,74.619,,
8/22/2018 9:15,14.8346,74.791,,
8/22/2018 9:30,14.8372,74.964,,
8/22/2018 9:45,14.8378,75.139,,
8/22/2018 10:00,14.8378,75.139,,
8/22/2018 10:15,14.8339,75.312,,
8/22/2018 10:30,14.8321,75.484,,
8/22/2018 10:45,14.8304,75.659,,
8/22/2018 11:00,14.8292,76.006,,
8/22/2018 11:15,14.8275,76.181,,
8/22/2018 11:30,14.821,76.181,,
8/22/2018 11:45,14.8192,76.354,,
8/22/2018 12:00,14.8144,76.181,,
8/22/2018 12:15,14.8149,76.354,,
8/22/2018 12:30,14.8076,76.876,,
8/22/2018 12:45,14.8037,77.05,,
8/22/2018 13:00,14.802,77.225,,
8/22/2018 13:15,14.7956,77.225,,
8/22/2018 13:30,14.795,77.05,,
8/22/2018 13:45,14.7938,77.4,,
8/22/2018 14:00,14.7921,77.574,,
8/22/2018 14:15,14.7882,77.749,,
8/22/2018 14:30,14.7856,77.574,,
8/22/2018 14:45,14.7834,77.574,,
8/22/2018 15:00,14.7812,77.574,,
8/22/2018 15:15,14.7786,77.4,,
8/22/2018 15:30,14.7804,77.225,,
8/22/2018 15:45,14.7778,77.05,,
8/22/2018 16:00,14.7795,76.876,,
8/22/2018 16:15,14.7807,76.528,,
8/22/2018 16:30,14.778,76.354,,
8/22/2018 16:45,14.7798,76.181,,
8/22/2018 17:00,14.7831,75.832,,
8/22/2018 17:15,14.7827,75.659,,
8/22/2018 17:30,14.7866,75.484,,
8/22/2018 17:45,14.7866,75.484,,
8/22/2018 18:00,14.7909,75.484,,
8/22/2018 18:15,14.7949,75.312,,
8/22/2018 18:30,14.797,75.312,,
8/22/2018 18:45,14.7986,75.139,,
8/22/2018 19:00,14.8008,75.139,,
8/22/2018 19:15,14.803,75.139,,
8/22/2018 19:30,14.8069,74.964,,
8/22/2018 19:45,14.8091,74.964,,
8/22/2018 20:00,14.8113,74.964,,
8/22/2018 20:15,14.8113,74.964,,
8/22/2018 20:30,14.8134,74.964,,
8/22/2018 20:45,14.8173,74.791,,
8/22/2018 21:00,14.8195,74.791,,
8/22/2018 21:15,14.8195,74.791,,
8/22/2018 21:30,14.8239,74.791,,
8/22/2018 21:45,14.8239,74.791,,
8/22/2018 22:00,14.8234,74.619,,
8/22/2018 22:15,14.8234,74.619,,
8/22/2018 22:30,14.8234,74.619,,
8/22/2018 22:45,14.8234,74.619,,
8/22/2018 23:00,14.8234,74.619,,
8/22/2018 23:15,14.8213,74.619,,
8/22/2018 23:30,14.8234,74.619,,
8/22/2018 23:45,14.8207,74.446,,
8/23/2018 0:00,14.8229,74.446,,
8/23/2018 0:15,14.8207,74.446,,
8/23/2018 0:30,14.8185,74.446,,
8/23/2018 0:45,14.8121,74.446,,
8/23/2018 1:00,14.8095,74.271,,
8/23/2018 1:15,14.8073,74.271,,
8/23/2018 1:30,14.803,74.271,,
8/23/2018 1:45,14.8004,74.098,,
8/23/2018 2:00,14.7982,74.098,,
8/23/2018 2:15,14.7982,74.098,,
8/23/2018 2:30,14.7982,74.098,,
8/23/2018 2:45,14.7956,73.926,,
8/23/2018 3:00,14.7934,73.926,,
8/23/2018 3:15,14.7912,73.926,,
8/23/2018 3:30,14.7908,73.753,,
8/23/2018 3:45,14.7886,73.753,,
8/23/2018 4:00,14.7865,73.753,,
8/23/2018 4:15,14.786,73.58,,
8/23/2018 4:30,14.7838,73.58,,
8/23/2018 4:45,14.7838,73.58,,
8/23/2018 5:00,14.7119,73.407,,
8/23/2018 5:15,14.7113,73.234,,
8/23/2018 5:30,14.7113,73.234,,
8/23/2018 5:45,14.7135,73.234,,
8/23/2018 6:00,14.7152,73.062,,
8/23/2018 6:15,14.7174,73.062,,
8/23/2018 6:30,14.7196,73.062,,
8/23/2018 6:45,14.7239,73.062,,
8/23/2018 7:00,14.7239,73.062,,
8/23/2018 7:15,14.7261,73.062,,
8/23/2018 7:30,14.7326,73.062,,
8/23/2018 7:45,14.7305,73.062,,
8/23/2018 8:00,14.7326,73.062,,
8/23/2018 8:15,14.7374,73.234,,
8/23/2018 8:30,14.7357,73.407,,
8/23/2018 8:45,14.7383,73.58,,
8/23/2018 9:00,14.7387,73.753,,
8/23/2018 9:15,14.7392,73.926,,
8/23/2018 9:30,14.7396,74.098,,
8/23/2018 9:45,14.74,74.271,,
8/23/2018 10:00,14.7405,74.446,,
8/23/2018 10:15,14.7411,74.619,,
8/23/2018 10:30,14.7354,74.964,,
8/23/2018 10:45,14.7337,75.139,,
8/23/2018 11:00,14.7345,75.484,,
8/23/2018 11:15,14.7295,76.006,,
8/23/2018 11:30,14.7242,76.528,,
8/23/2018 11:45,14.72,76.528,,
8/23/2018 12:00,14.7139,76.703,,
8/23/2018 12:15,14.7105,77.05,,
8/23/2018 12:30,14.7087,77.225,,
8/23/2018 12:45,14.7067,77.225,,
8/23/2018 13:00,14.7058,77.749,,
8/23/2018 13:15,14.7012,78.449,,
8/23/2018 13:30,14.6961,78.975,,
8/23/2018 13:45,14.6936,79.678,,
8/23/2018 14:00,14.6945,80.029,,
8/23/2018 14:15,14.6916,80.559,,
8/23/2018 14:30,14.6907,80.206,,
8/23/2018 14:45,14.6886,80.206,,
8/23/2018 15:00,14.6875,79.853,,
8/23/2018 15:15,14.6854,79.853,,
8/23/2018 15:30,14.682,80.206,,
8/23/2018 15:45,14.6835,79.151,,
8/23/2018 16:00,14.6851,78.098,,
8/23/2018 16:15,14.6872,78.098,,
8/23/2018 16:30,14.6886,77.749,,
8/23/2018 16:45,14.6886,77.749,,
8/23/2018 17:00,14.6936,77.225,,
8/23/2018 17:15,14.6932,77.05,,
8/23/2018 17:30,14.6944,76.703,,
8/23/2018 17:45,14.6961,76.528,,
8/23/2018 18:00,14.6957,76.354,,
8/23/2018 18:15,14.6974,76.181,,
8/23/2018 18:30,14.7013,76.006,,
8/23/2018 18:45,14.7055,76.006,,
8/23/2018 19:00,14.7073,75.832,,
8/23/2018 19:15,14.7094,75.832,,
8/23/2018 19:30,14.7116,75.832,,
8/23/2018 19:45,14.7116,75.832,,
8/23/2018 20:00,14.7155,75.659,,
8/23/2018 20:15,14.7199,75.659,,
8/23/2018 20:30,14.7242,75.659,,
8/23/2018 20:45,14.7238,75.484,,
8/23/2018 21:00,14.7264,75.659,,
8/23/2018 21:15,14.7264,75.659,,
8/23/2018 21:30,14.7324,75.484,,
8/23/2018 21:45,14.7302,75.484,,
8/23/2018 22:00,14.7302,75.484,,
8/23/2018 22:15,14.7302,75.484,,
8/23/2018 22:30,14.7302,75.484,,
8/23/2018 22:45,14.7302,75.484,,
8/23/2018 23:00,14.7302,75.484,,
8/23/2018 23:15,14.7276,75.312,,
8/23/2018 23:30,14.7276,75.312,,
8/23/2018 23:45,14.725,75.139,,
8/24/2018 0:00,14.7271,75.139,,
8/24/2018 0:15,14.7228,75.139,,
8/24/2018 0:30,14.7206,75.139,,
8/24/2018 0:45,14.7206,75.139,,
8/24/2018 1:00,14.7158,74.964,,
8/24/2018 1:15,14.7158,74.964,,
8/24/2018 1:30,14.7136,74.964,,
8/24/2018 1:45,14.7115,74.964,,
8/24/2018 2:00,14.711,74.791,,
8/24/2018 2:15,14.7067,74.791,,
8/24/2018 2:30,14.7047,74.791,,
8/24/2018 2:45,14.7067,74.791,,
8/24/2018 3:00,14.7062,74.619,,
8/24/2018 3:15,14.7047,74.791,,
8/24/2018 3:30,14.7041,74.619,,
8/24/2018 3:45,14.7041,74.619,,
8/24/2018 4:00,14.7041,74.619,,
8/24/2018 4:15,14.7041,74.619,,
8/24/2018 4:30,14.702,74.619,,
8/24/2018 4:45,14.7062,74.619,,
8/24/2018 5:00,14.7062,74.619,,
8/24/2018 5:15,14.7062,74.619,,
8/24/2018 5:30,14.7084,74.619,,
8/24/2018 5:45,14.708,74.446,,
8/24/2018 6:00,14.7102,74.446,,
8/24/2018 6:15,14.7123,74.446,,
8/24/2018 6:30,14.7145,74.446,,
8/24/2018 6:45,14.7189,74.446,,
8/24/2018 7:00,14.721,74.446,,
8/24/2018 7:15,14.721,74.446,,
8/24/2018 7:30,14.7237,74.619,,
8/24/2018 7:45,14.7258,74.619,,
8/24/2018 8:00,14.7302,74.619,,
8/24/2018 8:15,14.7302,74.619,,
8/24/2018 8:30,14.7306,74.791,,
8/24/2018 8:45,14.7289,74.964,,
8/24/2018 9:00,14.7319,75.312,,
8/24/2018 9:15,14.7345,75.484,,
8/24/2018 9:30,14.7328,75.659,,
8/24/2018 9:45,14.7355,75.832,,
8/24/2018 10:00,14.7338,76.006,,
8/24/2018 10:15,14.7321,76.181,,
8/24/2018 10:30,14.7347,76.354,,
8/24/2018 10:45,14.727,76.703,,
8/24/2018 11:00,14.7257,77.05,,
8/24/2018 11:15,14.7239,77.225,,
8/24/2018 11:30,14.7178,77.4,,
8/24/2018 11:45,14.7163,77.574,,
8/24/2018 12:00,14.7145,77.749,,
8/24/2018 12:15,14.7116,78.274,,
8/24/2018 12:30,14.7084,77.923,,
8/24/2018 12:45,14.7019,77.923,,
8/24/2018 13:00,14.6964,78.274,,
8/24/2018 13:15,14.6929,78.624,,
8/24/2018 13:30,14.69,79.151,,
8/24/2018 13:45,14.6854,79.853,,
8/24/2018 14:00,14.6835,79.151,,
8/24/2018 14:15,14.6809,78.975,,
8/24/2018 14:30,14.6775,79.326,,
8/24/2018 14:45,14.6743,78.975,,
8/24/2018 15:00,14.671,79.326,,
8/24/2018 15:15,14.6717,78.8,,
8/24/2018 15:30,14.6706,79.151,,
8/24/2018 15:45,14.6691,78.624,,
8/24/2018 16:00,14.67,78.975,,
8/24/2018 16:15,14.6696,78.8,,
8/24/2018 16:30,14.672,78.098,,
8/24/2018 16:45,14.673,78.449,,
8/24/2018 17:00,14.6742,78.098,,
8/24/2018 17:15,14.6755,77.749,,
8/24/2018 17:30,14.6772,77.574,,
8/24/2018 17:45,14.6772,77.574,,
8/24/2018 18:00,14.681,77.4,,
8/24/2018 18:15,14.6784,77.225,,
8/24/2018 18:30,14.6801,77.05,,
8/24/2018 18:45,14.6845,77.05,,
8/24/2018 19:00,14.6906,76.876,,
8/24/2018 19:15,14.6906,76.876,,
8/24/2018 19:30,14.69,76.703,,
8/24/2018 19:45,14.6917,76.528,,
8/24/2018 20:00,14.6917,76.528,,
8/24/2018 20:15,14.6961,76.528,,
8/24/2018 20:30,14.6983,76.528,,
8/24/2018 20:45,14.7004,76.528,,
8/24/2018 21:00,14.7026,76.528,,
8/24/2018 21:15,14.707,76.528,,
8/24/2018 21:30,14.7091,76.528,,
8/24/2018 21:45,14.7113,76.528,,
8/24/2018 22:00,14.7131,76.354,,
8/24/2018 22:15,14.7152,76.354,,
8/24/2018 22:30,14.7173,76.354,,
8/24/2018 22:45,14.7173,76.354,,
8/24/2018 23:00,14.7168,76.181,,
8/24/2018 23:15,14.719,76.181,,
8/24/2018 23:30,14.7194,76.354,,
8/24/2018 23:45,14.7234,76.181,,
8/25/2018 0:00,14.7277,76.181,,
8/25/2018 0:15,14.7321,76.181,,
8/25/2018 0:30,14.7408,76.181,,
8/25/2018 0:45,14.7408,76.181,,
8/25/2018 1:00,14.736,76.006,,
8/25/2018 1:15,14.7338,76.006,,
8/25/2018 1:30,14.7251,76.006,,
8/25/2018 1:45,14.7203,75.832,,
8/25/2018 2:00,14.716,75.832,,
8/25/2018 2:15,14.7116,75.832,,
8/25/2018 2:30,14.7068,75.659,,
8/25/2018 2:45,14.7025,75.659,,
8/25/2018 3:00,14.7025,75.659,,
8/25/2018 3:15,14.7003,75.659,,
8/25/2018 3:30,14.6999,75.484,,
8/25/2018 3:45,14.702,75.484,,
8/25/2018 4:00,14.6999,75.484,,
8/25/2018 4:15,14.6994,75.312,,
8/25/2018 4:30,14.6994,75.312,,
8/25/2018 4:45,14.6994,75.312,,
8/25/2018 5:00,14.699,75.139,,
8/25/2018 5:15,14.7012,75.139,,
8/25/2018 5:30,14.7012,75.139,,
8/25/2018 5:45,14.7073,74.964,,
8/25/2018 6:00,14.7073,74.964,,
8/25/2018 6:15,14.7094,74.964,,
8/25/2018 6:30,14.711,74.791,,
8/25/2018 6:45,14.7132,74.791,,
8/25/2018 7:00,14.7176,74.791,,
8/25/2018 7:15,14.7219,74.791,,
8/25/2018 7:30,14.7219,74.791,,
8/25/2018 7:45,14.7263,74.791,,
8/25/2018 8:00,14.7241,74.791,,
8/25/2018 8:15,14.7263,74.791,,
8/25/2018 8:30,14.7284,74.791,,
8/25/2018 8:45,14.7328,74.791,,
8/25/2018 9:00,14.7337,75.139,,
8/25/2018 9:15,14.7345,75.484,,
8/25/2018 9:30,14.735,75.659,,
8/25/2018 9:45,14.7377,75.832,,
8/25/2018 10:00,14.7364,76.181,,
8/25/2018 10:15,14.7373,76.528,,
8/25/2018 10:30,14.7361,76.876,,
8/25/2018 10:45,14.7374,77.4,,
8/25/2018 11:00,14.7339,77.749,,
8/25/2018 11:15,14.7306,78.098,,
8/25/2018 11:30,14.7293,78.449,,
8/25/2018 11:45,14.7231,79.326,,
8/25/2018 12:00,14.7221,78.975,,
8/25/2018 12:15,14.7177,78.975,,
8/25/2018 12:30,14.717,79.502,,
8/25/2018 12:45,14.7128,80.382,,
8/25/2018 13:00,14.708,80.206,,
8/25/2018 13:15,14.709,80.559,,
8/25/2018 13:30,14.7068,80.559,,
8/25/2018 13:45,14.7039,81.09,,
8/25/2018 14:00,14.6981,80.559,,
8/25/2018 14:15,14.6977,80.382,,
8/25/2018 14:30,14.6901,81.621,,
8/25/2018 14:45,14.6909,81.09,,
8/25/2018 15:00,14.6851,80.559,,
8/25/2018 15:15,14.6828,79.678,,
8/25/2018 15:30,14.6814,80.029,,
8/25/2018 15:45,14.69,79.151,,
8/25/2018 16:00,14.6826,78.8,,
8/25/2018 16:15,14.6887,78.624,,
8/25/2018 16:30,14.6907,78.624,,
8/25/2018 16:45,14.692,78.274,,
8/25/2018 17:00,14.7003,78.098,,
8/25/2018 17:15,14.6993,77.749,,
8/25/2018 17:30,14.7032,77.574,,
8/25/2018 17:45,14.7028,77.4,,
8/25/2018 18:00,14.7045,77.225,,
8/25/2018 18:15,14.7083,77.05,,
8/25/2018 18:30,14.7144,76.876,,
8/25/2018 18:45,14.7144,76.876,,
8/25/2018 19:00,14.7161,76.703,,
8/25/2018 19:15,14.7183,76.703,,
8/25/2018 19:30,14.7183,76.703,,
8/25/2018 19:45,14.72,76.528,,
8/25/2018 20:00,14.72,76.528,,
8/25/2018 20:15,14.7222,76.528,,
8/25/2018 20:30,14.7238,76.354,,
8/25/2018 20:45,14.7303,76.354,,
8/25/2018 21:00,14.7281,76.354,,
8/25/2018 21:15,14.7303,76.354,,
8/25/2018 21:30,14.7325,76.354,,
8/25/2018 21:45,14.7321,76.181,,
8/25/2018 22:00,14.7321,76.181,,
8/25/2018 22:15,14.7316,76.006,,
8/25/2018 22:30,14.7295,76.006,,
8/25/2018 22:45,14.7316,76.006,,
8/25/2018 23:00,14.7316,76.006,,
8/25/2018 23:15,14.7295,76.006,,
8/25/2018 23:30,14.7295,76.006,,
8/25/2018 23:45,14.7316,76.006,,
8/26/2018 0:00,14.7316,76.006,,
8/26/2018 0:15,14.736,76.006,,
8/26/2018 0:30,14.7316,76.006,,
8/26/2018 0:45,14.729,75.832,,
8/26/2018 1:00,14.7312,75.832,,
8/26/2018 1:15,14.729,75.832,,
8/26/2018 1:30,14.7242,75.659,,
8/26/2018 1:45,14.7221,75.659,,
8/26/2018 2:00,14.7199,75.659,,
8/26/2018 2:15,14.7177,75.659,,
8/26/2018 2:30,14.7177,75.659,,
8/26/2018 2:45,14.7129,75.484,,
8/26/2018 3:00,14.7151,75.484,,
8/26/2018 3:15,14.7129,75.484,,
8/26/2018 3:30,14.7103,75.312,,
8/26/2018 3:45,14.7103,75.312,,
8/26/2018 4:00,14.7081,75.312,,
8/26/2018 4:15,14.7081,75.312,,
8/26/2018 4:30,14.7077,75.139,,
8/26/2018 4:45,14.7077,75.139,,
8/26/2018 5:00,14.7077,75.139,,
8/26/2018 5:15,14.7099,75.139,,
8/26/2018 5:30,14.712,75.139,,
8/26/2018 5:45,14.7115,74.964,,
8/26/2018 6:00,14.7136,74.964,,
8/26/2018 6:15,14.718,74.964,,
8/26/2018 6:30,14.7202,74.964,,
8/26/2018 6:45,14.7245,74.964,,
8/26/2018 7:00,14.7245,74.964,,
8/26/2018 7:15,14.7267,74.964,,
8/26/2018 7:30,14.7315,75.139,,
8/26/2018 7:45,14.7293,75.139,,
8/26/2018 8:00,14.7297,75.312,,
8/26/2018 8:15,14.7302,75.484,,
8/26/2018 8:30,14.7286,75.659,,
8/26/2018 8:45,14.7355,75.832,,
8/26/2018 9:00,14.7377,75.832,,
8/26/2018 9:15,14.736,76.006,,
8/26/2018 9:30,14.7338,76.006,,
8/26/2018 9:45,14.7364,76.181,,
8/26/2018 10:00,14.7373,76.528,,
8/26/2018 10:15,14.7382,76.876,,
8/26/2018 10:30,14.7374,77.4,,
8/26/2018 10:45,14.7367,77.923,,
8/26/2018 11:00,14.7337,78.449,,
8/26/2018 11:15,14.728,77.923,,
8/26/2018 11:30,14.7281,78.8,,
8/26/2018 11:45,14.729,79.151,,
8/26/2018 12:00,14.7274,79.326,,
8/26/2018 12:15,14.7209,79.326,,
8/26/2018 12:30,14.7209,79.326,,
8/26/2018 12:45,14.7209,79.326,,
8/26/2018 13:00,14.717,79.502,,
8/26/2018 13:15,14.716,80.735,,
8/26/2018 13:30,14.7163,80.029,,
8/26/2018 13:45,14.7152,79.678,,
8/26/2018 14:00,14.7123,80.206,,
8/26/2018 14:15,14.709,80.559,,
8/26/2018 14:30,14.7077,80.911,,
8/26/2018 14:45,14.7039,81.09,,
8/26/2018 15:00,14.699,80.911,,
8/26/2018 15:15,14.7029,80.735,,
8/26/2018 15:30,14.701,80.029,,
8/26/2018 15:45,14.7035,79.326,,
8/26/2018 16:00,14.702,78.8,,
8/26/2018 16:15,14.7042,78.8,,
8/26/2018 16:30,14.707,78.975,,
8/26/2018 16:45,14.7051,78.274,,
8/26/2018 17:00,14.7062,77.923,,
8/26/2018 17:15,14.708,77.749,,
8/26/2018 17:30,14.7097,77.574,,
8/26/2018 17:45,14.7119,77.574,,
8/26/2018 18:00,14.7136,77.4,,
8/26/2018 18:15,14.7152,77.225,,
8/26/2018 18:30,14.717,77.05,,
8/26/2018 18:45,14.7144,76.876,,
8/26/2018 19:00,14.7187,76.876,,
8/26/2018 19:15,14.7209,76.876,,
8/26/2018 19:30,14.7248,76.703,,
8/26/2018 19:45,14.727,76.703,,
8/26/2018 20:00,14.7312,76.703,,
8/26/2018 20:15,14.7334,76.703,,
8/26/2018 20:30,14.7355,76.703,,
8/26/2018 20:45,14.7351,76.528,,
8/26/2018 21:00,14.7373,76.528,,
8/26/2018 21:15,14.7368,76.354,,
8/26/2018 21:30,14.7373,76.528,,
8/26/2018 21:45,14.7373,76.528,,
8/26/2018 22:00,14.7416,76.528,,
8/26/2018 22:15,14.7416,76.528,,
8/26/2018 22:30,14.7438,76.528,,
8/26/2018 22:45,14.7412,76.354,,
8/26/2018 23:00,14.7412,76.354,,
8/26/2018 23:15,14.7434,76.354,,
8/26/2018 23:30,14.7477,76.354,,
8/26/2018 23:45,14.7543,76.354,,
8/27/2018 0:00,14.7624,76.181,,
8/27/2018 0:15,14.758,76.181,,
8/27/2018 0:30,14.7558,76.181,,
8/27/2018 0:45,14.758,76.181,,
8/27/2018 1:00,14.7624,76.181,,
8/27/2018 1:15,14.7685,76.006,,
8/27/2018 1:30,14.7728,76.006,,
8/27/2018 1:45,14.7706,76.006,,
8/27/2018 2:00,14.7663,76.006,,
8/27/2018 2:15,14.7576,76.006,,
8/27/2018 2:30,14.7554,76.006,,
8/27/2018 2:45,14.7485,75.832,,
8/27/2018 3:00,14.7463,75.832,,
8/27/2018 3:15,14.7463,75.832,,
8/27/2018 3:30,14.7528,75.832,,
8/27/2018 3:45,14.7637,75.832,,
8/27/2018 4:00,14.7724,75.832,,
8/27/2018 4:15,14.768,75.832,,
8/27/2018 4:30,14.7698,75.659,,
8/27/2018 4:45,14.7741,75.659,,
8/27/2018 5:00,14.787,75.659,,
8/27/2018 5:15,14.811,75.659,,
8/27/2018 5:30,14.8522,75.659,,
8/27/2018 5:45,14.8933,75.659,,
8/27/2018 6:00,14.9276,75.484,,
8/27/2018 6:15,14.901,75.312,,
8/27/2018 6:30,14.8816,75.312,,
8/27/2018 6:45,14.8664,75.312,,
8/27/2018 7:00,14.8533,75.312,,
8/27/2018 7:15,14.8404,75.312,,
8/27/2018 7:30,14.8339,75.312,,
8/27/2018 7:45,14.8295,75.312,,
8/27/2018 8:00,14.8208,75.312,,
8/27/2018 8:15,14.8187,75.312,,
8/27/2018 8:30,14.8143,75.312,,
8/27/2018 8:45,14.8147,75.484,,
8/27/2018 9:00,14.8126,75.484,,
8/27/2018 9:15,14.8131,75.659,,
8/27/2018 9:30,14.8092,75.832,,
8/27/2018 9:45,14.8092,75.832,,
8/27/2018 10:00,14.8053,76.006,,
8/27/2018 10:15,14.8057,76.181,,
8/27/2018 10:30,14.8036,76.181,,
8/27/2018 10:45,14.802,76.354,,
8/27/2018 11:00,14.7976,76.354,,
8/27/2018 11:15,14.7933,76.354,,
8/27/2018 11:30,14.792,76.703,,
8/27/2018 11:45,14.788,76.876,,
8/27/2018 12:00,14.7865,77.05,,
8/27/2018 12:15,14.7821,77.05,,
8/27/2018 12:30,14.7786,77.4,,
8/27/2018 12:45,14.7804,77.225,,
8/27/2018 13:00,14.7743,77.4,,
8/27/2018 13:15,14.7717,77.225,,
8/27/2018 13:30,14.769,77.05,,
8/27/2018 13:45,14.769,77.05,,
8/27/2018 14:00,14.7625,77.05,,
8/27/2018 14:15,14.7586,77.225,,
8/27/2018 14:30,14.7579,77.749,,
8/27/2018 14:45,14.7535,77.749,,
8/27/2018 15:00,14.7528,78.274,,
8/27/2018 15:15,14.7502,78.098,,
8/27/2018 15:30,14.7474,77.923,,
8/27/2018 15:45,14.747,77.749,,
8/27/2018 16:00,14.7453,77.923,,
8/27/2018 16:15,14.7453,77.923,,
8/27/2018 16:30,14.747,77.749,,
8/27/2018 16:45,14.7418,77.4,,
8/27/2018 17:00,14.7469,76.876,,
8/27/2018 17:15,14.7464,76.703,,
8/27/2018 17:30,14.7482,76.528,,
8/27/2018 17:45,14.7499,76.354,,
8/27/2018 18:00,14.7473,76.181,,
8/27/2018 18:15,14.7515,76.181,,
8/27/2018 18:30,14.7511,76.006,,
8/27/2018 18:45,14.7554,76.006,,
8/27/2018 19:00,14.755,75.832,,
8/27/2018 19:15,14.7567,75.659,,
8/27/2018 19:30,14.7567,75.659,,
8/27/2018 19:45,14.7585,75.484,,
8/27/2018 20:00,14.7606,75.484,,
8/27/2018 20:15,14.7602,75.312,,
8/27/2018 20:30,14.7644,75.312,,
8/27/2018 20:45,14.7644,75.312,,
8/27/2018 21:00,14.764,75.139,,
8/27/2018 21:15,14.764,75.139,,
8/27/2018 21:30,14.7661,75.139,,
8/27/2018 21:45,14.7661,75.139,,
8/27/2018 22:00,14.7614,74.964,,
8/27/2018 22:15,14.7614,74.964,,
8/27/2018 22:30,14.7635,74.964,,
8/27/2018 22:45,14.7635,74.964,,
8/27/2018 23:00,14.7614,74.964,,
8/27/2018 23:15,14.7588,74.791,,
8/27/2018 23:30,14.7609,74.791,,
8/27/2018 23:45,14.7588,74.791,,
8/28/2018 0:00,14.7566,74.791,,
8/28/2018 0:15,14.7544,74.791,,
8/28/2018 0:30,14.7544,74.791,,
8/28/2018 0:45,14.754,74.619,,
8/28/2018 1:00,14.7474,74.619,,
8/28/2018 1:15,14.7496,74.619,,
8/28/2018 1:30,14.747,74.446,,
8/28/2018 1:45,14.7448,74.446,,
8/28/2018 2:00,14.747,74.446,,
8/28/2018 2:15,14.7448,74.446,,
8/28/2018 2:30,14.7427,74.446,,
8/28/2018 2:45,14.7448,74.446,,
8/28/2018 3:00,14.7448,74.446,,
8/28/2018 3:15,14.7448,74.446,,
8/28/2018 3:30,14.7427,74.446,,
8/28/2018 3:45,14.7448,74.446,,
8/28/2018 4:00,14.7444,74.271,,
8/28/2018 4:15,14.7422,74.271,,
8/28/2018 4:30,14.74,74.271,,
8/28/2018 4:45,14.74,74.271,,
8/28/2018 5:00,14.7422,74.271,,
8/28/2018 5:15,14.7422,74.271,,
8/28/2018 5:30,14.7461,74.098,,
8/28/2018 5:45,14.7461,74.098,,
8/28/2018 6:00,14.7461,74.098,,
8/28/2018 6:15,14.7505,74.098,,
8/28/2018 6:30,14.7527,74.098,,
8/28/2018 6:45,14.757,74.098,,
8/28/2018 7:00,14.757,74.098,,
8/28/2018 7:15,14.7614,74.098,,
8/28/2018 7:30,14.7635,74.098,,
8/28/2018 7:45,14.7677,74.098,,
8/28/2018 8:00,14.7677,74.098,,
8/28/2018 8:15,14.7683,74.271,,
8/28/2018 8:30,14.7683,74.271,,
8/28/2018 8:45,14.7683,74.271,,
8/28/2018 9:00,14.7683,74.271,,
8/28/2018 9:15,14.7688,74.446,,
8/28/2018 9:30,14.7731,74.446,,
8/28/2018 9:45,14.7731,74.446,,
8/28/2018 10:00,14.7735,74.619,,
8/28/2018 10:15,14.7701,74.964,,
8/28/2018 10:30,14.7679,74.964,,
8/28/2018 10:45,14.764,75.139,,
8/28/2018 11:00,14.7628,75.484,,
8/28/2018 11:15,14.7589,75.659,,
8/28/2018 11:30,14.7593,75.832,,
8/28/2018 11:45,14.7528,75.832,,
8/28/2018 12:00,14.7511,76.006,,
8/28/2018 12:15,14.7467,76.006,,
8/28/2018 12:30,14.7447,76.876,,
8/28/2018 12:45,14.7422,77.574,,
8/28/2018 13:00,14.7415,78.098,,
8/28/2018 13:15,14.7342,78.624,,
8/28/2018 13:30,14.7325,78.8,,
8/28/2018 13:45,14.729,79.151,,
8/28/2018 14:00,14.7247,79.151,,
8/28/2018 14:15,14.7235,79.502,,
8/28/2018 14:30,14.7213,79.502,,
8/28/2018 14:45,14.7152,79.678,,
8/28/2018 15:00,14.7144,79.326,,
8/28/2018 15:15,14.71,79.326,,
8/28/2018 15:30,14.7083,79.502,,
8/28/2018 15:45,14.7074,79.151,,
8/28/2018 16:00,14.7051,78.274,,
8/28/2018 16:15,14.7058,77.749,,
8/28/2018 16:30,14.7076,77.574,,
8/28/2018 16:45,14.7083,77.05,,
8/28/2018 17:00,14.7091,76.528,,
8/28/2018 17:15,14.7083,76.181,,
8/28/2018 17:30,14.7077,76.006,,
8/28/2018 17:45,14.7094,75.832,,
8/28/2018 18:00,14.7112,75.659,,
8/28/2018 18:15,14.7151,75.484,,
8/28/2018 18:30,14.7147,75.312,,
8/28/2018 18:45,14.7168,75.312,,
8/28/2018 19:00,14.7184,75.139,,
8/28/2018 19:15,14.7202,74.964,,
8/28/2018 19:30,14.7223,74.964,,
8/28/2018 19:45,14.7245,74.964,,
8/28/2018 20:00,14.7284,74.791,,
8/28/2018 20:15,14.7306,74.791,,
8/28/2018 20:30,14.735,74.791,,
8/28/2018 20:45,14.7345,74.619,,
8/28/2018 21:00,14.7367,74.619,,
8/28/2018 21:15,14.7389,74.619,,
8/28/2018 21:30,14.7367,74.619,,
8/28/2018 21:45,14.7367,74.619,,
8/28/2018 22:00,14.7367,74.619,,
8/28/2018 22:15,14.7367,74.619,,
8/28/2018 22:30,14.7363,74.446,,
8/28/2018 22:45,14.7405,74.446,,
8/28/2018 23:00,14.7405,74.446,,
8/28/2018 23:15,14.7383,74.446,,
8/28/2018 23:30,14.7383,74.446,,
8/28/2018 23:45,14.7383,74.446,,
8/29/2018 0:00,14.7383,74.446,,
8/29/2018 0:15,14.7363,74.446,,
8/29/2018 0:30,14.7341,74.446,,
8/29/2018 0:45,14.7297,74.446,,
8/29/2018 1:00,14.7276,74.446,,
8/29/2018 1:15,14.7276,74.446,,
8/29/2018 1:30,14.7276,74.446,,
8/29/2018 1:45,14.721,74.446,,
8/29/2018 2:00,14.721,74.446,,
8/29/2018 2:15,14.7189,74.446,,
8/29/2018 2:30,14.7189,74.446,,
8/29/2018 2:45,14.7145,74.446,,
8/29/2018 3:00,14.7145,74.446,,
8/29/2018 3:15,14.7145,74.446,,
8/29/2018 3:30,14.7123,74.446,,
8/29/2018 3:45,14.7123,74.446,,
8/29/2018 4:00,14.7123,74.446,,
8/29/2018 4:15,14.7123,74.446,,
8/29/2018 4:30,14.7123,74.446,,
8/29/2018 4:45,14.7102,74.446,,
8/29/2018 5:00,14.7123,74.446,,
8/29/2018 5:15,14.708,74.446,,
8/29/2018 5:30,14.7123,74.446,,
8/29/2018 5:45,14.7123,74.446,,
8/29/2018 6:00,14.7167,74.446,,
8/29/2018 6:15,14.7189,74.446,,
8/29/2018 6:30,14.7232,74.446,,
8/29/2018 6:45,14.7276,74.446,,
8/29/2018 7:00,14.7276,74.446,,
8/29/2018 7:15,14.7324,74.619,,
8/29/2018 7:30,14.7345,74.619,,
8/29/2018 7:45,14.7367,74.619,,
8/29/2018 8:00,14.7371,74.791,,
8/29/2018 8:15,14.7393,74.791,,
8/29/2018 8:30,14.7419,74.964,,
8/29/2018 8:45,14.7424,75.139,,
8/29/2018 9:00,14.7445,75.139,,
8/29/2018 9:15,14.745,75.312,,
8/29/2018 9:30,14.7498,75.484,,
8/29/2018 9:45,14.748,75.659,,
8/29/2018 10:00,14.7485,75.832,,
8/29/2018 10:15,14.7467,76.006,,
8/29/2018 10:30,14.7473,76.181,,
8/29/2018 10:45,14.7438,76.528,,
8/29/2018 11:00,14.7425,76.876,,
8/29/2018 11:15,14.7409,77.05,,
8/29/2018 11:30,14.7366,77.05,,
8/29/2018 11:45,14.7305,77.225,,
8/29/2018 12:00,14.7305,77.225,,
8/29/2018 12:15,14.7302,77.923,,
8/29/2018 12:30,14.7255,78.624,,
8/29/2018 12:45,14.7277,78.624,,
8/29/2018 13:00,14.7271,78.449,,
8/29/2018 13:15,14.7235,79.502,,
8/29/2018 13:30,14.7221,78.975,,
8/29/2018 13:45,14.7183,79.151,,
8/29/2018 14:00,14.717,79.502,,
8/29/2018 14:15,14.717,79.502,,
8/29/2018 14:30,14.7131,79.678,,
8/29/2018 14:45,14.712,78.449,,
8/29/2018 15:00,14.712,78.449,,
8/29/2018 15:15,14.7103,78.624,,
8/29/2018 15:30,14.7067,78.098,,
8/29/2018 15:45,14.7026,78.975,,
8/29/2018 16:00,14.702,78.8,,
8/29/2018 16:15,14.7234,78.624,,
8/29/2018 16:30,14.728,77.923,,
8/29/2018 16:45,14.7309,77.4,,
8/29/2018 17:00,14.7279,77.05,,
8/29/2018 17:15,14.7274,76.876,,
8/29/2018 17:30,14.7248,76.703,,
8/29/2018 17:45,14.7286,76.528,,
8/29/2018 18:00,14.7281,76.354,,
8/29/2018 18:15,14.7325,76.354,,
8/29/2018 18:30,14.7364,76.181,,
8/29/2018 18:45,14.7386,76.181,,
8/29/2018 19:00,14.7382,76.006,,
8/29/2018 19:15,14.7403,76.006,,
8/29/2018 19:30,14.7445,76.006,,
8/29/2018 19:45,14.7467,76.006,,
8/29/2018 20:00,14.7506,75.832,,
8/29/2018 20:15,14.755,75.832,,
8/29/2018 20:30,14.755,75.832,,
8/29/2018 20:45,14.7593,75.832,,
8/29/2018 21:00,14.7572,75.832,,
8/29/2018 21:15,14.7593,75.832,,
8/29/2018 21:30,14.7615,75.832,,
8/29/2018 21:45,14.7615,75.832,,
8/29/2018 22:00,14.7659,75.832,,
8/29/2018 22:15,14.768,75.832,,
8/29/2018 22:30,14.7615,75.832,,
8/29/2018 22:45,14.7593,75.832,,
8/29/2018 23:00,14.7572,75.832,,
8/29/2018 23:15,14.7615,75.832,,
8/29/2018 23:30,14.7593,75.832,,
8/29/2018 23:45,14.7593,75.832,,
8/30/2018 0:00,14.7572,75.832,,
8/30/2018 0:15,14.7572,75.832,,
8/30/2018 0:30,14.7572,75.832,,
8/30/2018 0:45,14.7528,75.832,,
8/30/2018 1:00,14.7528,75.832,,
8/30/2018 1:15,14.755,75.832,,
8/30/2018 1:30,14.7593,75.832,,
8/30/2018 1:45,14.7637,75.832,,
8/30/2018 2:00,14.768,75.832,,
8/30/2018 2:15,14.7724,75.832,,
8/30/2018 2:30,14.7724,75.832,,
8/30/2018 2:45,14.7767,75.832,,
8/30/2018 3:00,14.7853,75.832,,
8/30/2018 3:15,14.7875,75.832,,
8/30/2018 3:30,14.7896,75.832,,
8/30/2018 3:45,14.7896,75.832,,
8/30/2018 4:00,14.7896,75.832,,
8/30/2018 4:15,14.7875,75.832,,
8/30/2018 4:30,14.7831,75.832,,
8/30/2018 4:45,14.7831,75.832,,
8/30/2018 5:00,14.7809,75.832,,
8/30/2018 5:15,14.7827,75.659,,
8/30/2018 5:30,14.7849,75.659,,
8/30/2018 5:45,14.7827,75.659,,
8/30/2018 6:00,14.7849,75.659,,
8/30/2018 6:15,14.787,75.659,,
8/30/2018 6:30,14.7892,75.659,,
8/30/2018 6:45,14.7957,75.659,,
8/30/2018 7:00,14.7979,75.659,,
8/30/2018 7:15,14.8001,75.659,,
8/30/2018 7:30,14.8027,75.832,,
8/30/2018 7:45,14.8049,75.832,,
8/30/2018 8:00,14.8092,75.832,,
8/30/2018 8:15,14.8136,75.832,,
8/30/2018 8:30,14.8157,75.832,,
8/30/2018 8:45,14.8184,76.006,,
8/30/2018 9:00,14.8162,76.006,,
8/30/2018 9:15,14.8166,76.181,,
8/30/2018 9:30,14.8171,76.354,,
8/30/2018 9:45,14.8149,76.354,,
8/30/2018 10:00,14.8131,76.528,,
8/30/2018 10:15,14.811,76.528,,
8/30/2018 10:30,14.8072,76.703,,
8/30/2018 10:45,14.8037,77.05,,
8/30/2018 11:00,14.8055,76.876,,
8/30/2018 11:15,14.7994,77.05,,
8/30/2018 11:30,14.8012,77.749,,
8/30/2018 11:45,14.7973,77.923,,
8/30/2018 12:00,14.7957,78.098,,
8/30/2018 12:15,14.794,78.274,,
8/30/2018 12:30,14.794,78.274,,
8/30/2018 12:45,14.7962,78.274,,
8/30/2018 13:00,14.7962,78.274,,
8/30/2018 13:15,14.7879,78.449,,
8/30/2018 13:30,14.7811,79.151,,
8/30/2018 13:45,14.7782,79.678,,
8/30/2018 14:00,14.777,80.029,,
8/30/2018 14:15,14.7727,80.029,,
8/30/2018 14:30,14.7666,80.206,,
8/30/2018 14:45,14.7648,80.382,,
8/30/2018 15:00,14.7583,80.382,,
8/30/2018 15:15,14.7601,80.206,,
8/30/2018 15:30,14.7579,80.206,,
8/30/2018 15:45,14.7603,79.502,,
8/30/2018 16:00,14.7586,79.678,,
8/30/2018 16:15,14.7603,79.502,,
8/30/2018 16:30,14.7664,79.326,,
8/30/2018 16:45,14.7672,78.8,,
8/30/2018 17:00,14.7685,78.449,,
8/30/2018 17:15,14.7679,78.274,,
8/30/2018 17:30,14.7696,78.098,,
8/30/2018 17:45,14.7692,77.923,,
8/30/2018 18:00,14.7709,77.749,,
8/30/2018 18:15,14.7725,77.574,,
8/30/2018 18:30,14.7743,77.4,,
8/30/2018 18:45,14.7808,77.4,,
8/30/2018 19:00,14.7804,77.225,,
8/30/2018 19:15,14.7821,77.05,,
8/30/2018 19:30,14.7865,77.05,,
8/30/2018 19:45,14.7859,76.876,,
8/30/2018 20:00,14.788,76.876,,
8/30/2018 20:15,14.7898,76.703,,
8/30/2018 20:30,14.792,76.703,,
8/30/2018 20:45,14.7915,76.528,,
8/30/2018 21:00,14.7937,76.528,,
8/30/2018 21:15,14.7915,76.528,,
8/30/2018 21:30,14.7933,76.354,,
8/30/2018 21:45,14.7954,76.354,,
8/30/2018 22:00,14.7933,76.354,,
8/30/2018 22:15,14.7928,76.181,,
8/30/2018 22:30,14.7863,76.181,,
8/30/2018 22:45,14.7863,76.181,,
8/30/2018 23:00,14.7859,76.006,,
8/30/2018 23:15,14.7859,76.006,,
8/30/2018 23:30,14.7837,76.006,,
8/30/2018 23:45,14.7815,76.006,,
8/31/2018 0:00,14.7767,75.832,,
8/31/2018 0:15,14.7767,75.832,,
8/31/2018 0:30,14.7746,75.832,,
8/31/2018 0:45,14.7724,75.832,,
8/31/2018 1:00,14.7702,75.832,,
8/31/2018 1:15,14.7654,75.659,,
8/31/2018 1:30,14.7632,75.659,,
8/31/2018 1:45,14.7611,75.659,,
8/31/2018 2:00,14.7589,75.659,,
8/31/2018 2:15,14.7567,75.659,,
8/31/2018 2:30,14.7585,75.484,,
8/31/2018 2:45,14.7589,75.659,,
8/31/2018 3:00,14.7567,75.659,,
8/31/2018 3:15,14.7567,75.659,,
8/31/2018 3:30,14.7589,75.659,,
8/31/2018 3:45,14.7567,75.659,,
8/31/2018 4:00,14.7541,75.484,,
8/31/2018 4:15,14.7585,75.484,,
8/31/2018 4:30,14.7606,75.484,,
8/31/2018 4:45,14.7606,75.484,,
8/31/2018 5:00,14.7628,75.484,,
8/31/2018 5:15,14.7628,75.484,,
8/31/2018 5:30,14.7672,75.484,,
8/31/2018 5:45,14.7692,75.484,,
8/31/2018 6:00,14.7714,75.484,,
8/31/2018 6:15,14.7714,75.484,,
8/31/2018 6:30,14.7735,75.484,,
8/31/2018 6:45,14.7801,75.484,,
8/31/2018 7:00,14.7822,75.484,,
8/31/2018 7:15,14.7822,75.484,,
8/31/2018 7:30,14.787,75.659,,
8/31/2018 7:45,14.787,75.659,,
8/31/2018 8:00,14.7914,75.659,,
8/31/2018 8:15,14.7914,75.659,,
8/31/2018 8:30,14.794,75.832,,
8/31/2018 8:45,14.7944,76.006,,
8/31/2018 9:00,14.795,76.181,,
8/31/2018 9:15,14.7954,76.354,,
8/31/2018 9:30,14.7937,76.528,,
8/31/2018 9:45,14.7963,76.703,,
8/31/2018 10:00,14.8007,76.703,,
8/31/2018 10:15,14.8007,76.703,,
8/31/2018 10:30,14.8011,76.876,,
8/31/2018 10:45,14.7972,77.05,,
8/31/2018 11:00,14.7956,77.225,,
8/31/2018 11:15,14.7917,77.4,,
8/31/2018 11:30,14.7895,77.4,,
8/31/2018 11:45,14.7856,77.574,,
8/31/2018 12:00,14.7834,77.574,,
8/31/2018 12:15,14.7817,77.749,,
8/31/2018 12:30,14.7783,78.098,,
8/31/2018 12:45,14.7733,78.624,,
8/31/2018 13:00,14.7698,78.975,,
8/31/2018 13:15,14.7676,78.975,,
8/31/2018 13:30,14.7632,78.975,,
8/31/2018 13:45,14.7611,78.975,,
8/31/2018 14:00,14.7585,78.8,,
8/31/2018 14:15,14.7585,78.8,,
8/31/2018 14:30,14.7515,78.624,,
8/31/2018 14:45,14.7515,78.624,,
8/31/2018 15:00,14.7525,78.975,,
8/31/2018 15:15,14.7519,78.8,,
8/31/2018 15:30,14.7498,78.8,,
8/31/2018 15:45,14.7471,78.624,,
8/31/2018 16:00,14.7467,78.449,,
8/31/2018 16:15,14.7467,78.449,,
8/31/2018 16:30,14.7445,78.449,,
8/31/2018 16:45,14.745,78.624,,
8/31/2018 17:00,14.7485,78.274,,
8/31/2018 17:15,14.7506,78.274,,
8/31/2018 17:30,14.7544,78.098,,
8/31/2018 17:45,14.767,77.923,,
8/31/2018 18:00,14.7753,77.749,,
8/31/2018 18:15,14.7817,77.749,,
8/31/2018 18:30,14.7921,77.574,,
8/31/2018 18:45,14.7943,77.574,,
8/31/2018 19:00,14.7965,77.574,,
8/31/2018 19:15,14.8069,77.4,,
8/31/2018 19:30,14.8111,77.4,,
8/31/2018 19:45,14.8063,77.225,,
8/31/2018 20:00,14.8041,77.225,,
8/31/2018 20:15,14.7998,77.225,,
8/31/2018 20:30,14.7998,77.225,,
8/31/2018 20:45,14.7978,77.225,,
8/31/2018 21:00,14.795,77.05,,
8/31/2018 21:15,14.795,77.05,,
8/31/2018 21:30,14.7907,77.05,,
8/31/2018 21:45,14.7928,77.05,,
8/31/2018 22:00,14.7886,77.05,,
8/31/2018 22:15,14.7907,77.05,,
8/31/2018 22:30,14.7902,76.876,,
8/31/2018 22:45,14.7859,76.876,,
8/31/2018 23:00,14.788,76.876,,
8/31/2018 23:15,14.7876,76.703,,
8/31/2018 23:30,14.7854,76.703,,
8/31/2018 23:45,14.7854,76.703,,
9/1/2018 0:00,14.7876,76.703,,
9/1/2018 0:15,14.7872,76.528,,
9/1/2018 0:30,14.785,76.528,,
9/1/2018 0:45,14.7828,76.528,,
9/1/2018 1:00,14.7785,76.528,,
9/1/2018 1:15,14.7759,76.354,,
9/1/2018 1:30,14.7737,76.354,,
9/1/2018 1:45,14.7715,76.354,,
9/1/2018 2:00,14.7759,76.354,,
9/1/2018 2:15,14.7737,76.354,,
9/1/2018 2:30,14.7711,76.181,,
9/1/2018 2:45,14.7711,76.181,,
9/1/2018 3:00,14.7689,76.181,,
9/1/2018 3:15,14.7689,76.181,,
9/1/2018 3:30,14.7667,76.181,,
9/1/2018 3:45,14.7663,76.006,,
9/1/2018 4:00,14.7663,76.006,,
9/1/2018 4:15,14.7663,76.006,,
9/1/2018 4:30,14.7641,76.006,,
9/1/2018 4:45,14.7641,76.006,,
9/1/2018 5:00,14.7663,76.006,,
9/1/2018 5:15,14.7706,76.006,,
9/1/2018 5:30,14.7728,76.006,,
9/1/2018 5:45,14.7772,76.006,,
9/1/2018 6:00,14.7815,76.006,,
9/1/2018 6:15,14.7837,76.006,,
9/1/2018 6:30,14.7859,76.006,,
9/1/2018 6:45,14.7923,76.006,,
9/1/2018 7:00,14.801,76.006,,
9/1/2018 7:15,14.8097,76.006,,
9/1/2018 7:30,14.8356,76.006,,
9/1/2018 7:45,14.84,76.006,,
9/1/2018 8:00,14.8487,76.006,,
9/1/2018 8:15,14.8508,76.006,,
9/1/2018 8:30,14.853,76.006,,
9/1/2018 8:45,14.853,76.006,,
9/1/2018 9:00,14.8469,76.181,,
9/1/2018 9:15,14.8426,76.181,,
9/1/2018 9:30,14.8406,76.181,,
9/1/2018 9:45,14.8366,76.354,,
9/1/2018 10:00,14.8349,76.528,,
9/1/2018 10:15,14.831,76.703,,
9/1/2018 10:30,14.8207,76.876,,
9/1/2018 10:45,14.8216,77.225,,
9/1/2018 11:00,14.8176,77.4,,
9/1/2018 11:15,14.8111,77.4,,
9/1/2018 11:30,14.8095,77.574,,
9/1/2018 11:45,14.8017,77.923,,
9/1/2018 12:00,14.7979,78.098,,
9/1/2018 12:15,14.794,78.274,,
9/1/2018 12:30,14.7879,78.449,,
9/1/2018 12:45,14.784,78.624,,
9/1/2018 13:00,14.778,78.8,,
9/1/2018 13:15,14.7767,79.151,,
9/1/2018 13:30,14.7778,79.502,,
9/1/2018 13:45,14.7705,80.029,,
9/1/2018 14:00,14.7666,80.206,,
9/1/2018 14:15,14.7648,80.382,,
9/1/2018 14:30,14.7579,80.206,,
9/1/2018 14:45,14.7535,80.206,,
9/1/2018 15:00,14.7557,80.206,,
9/1/2018 15:15,14.7531,80.029,,
9/1/2018 15:30,14.75,79.678,,
9/1/2018 15:45,14.7495,79.502,,
9/1/2018 16:00,14.749,79.326,,
9/1/2018 16:15,14.7482,78.975,,
9/1/2018 16:30,14.7503,78.975,,
9/1/2018 16:45,14.7489,78.449,,
9/1/2018 17:00,14.748,78.098,,
9/1/2018 17:15,14.7496,77.923,,
9/1/2018 17:30,14.7492,77.749,,
9/1/2018 17:45,14.7531,77.574,,
9/1/2018 18:00,14.7548,77.4,,
9/1/2018 18:15,14.7564,77.225,,
9/1/2018 18:30,14.7608,77.225,,
9/1/2018 18:45,14.7603,77.05,,
9/1/2018 19:00,14.7582,77.05,,
9/1/2018 19:15,14.7625,77.05,,
9/1/2018 19:30,14.7643,76.876,,
9/1/2018 19:45,14.7621,76.876,,
9/1/2018 20:00,14.7643,76.876,,
9/1/2018 20:15,14.7682,76.703,,
9/1/2018 20:30,14.7767,76.703,,
9/1/2018 20:45,14.7767,76.703,,
9/1/2018 21:00,14.7807,76.528,,
9/1/2018 21:15,14.7807,76.528,,
9/1/2018 21:30,14.7785,76.528,,
9/1/2018 21:45,14.7785,76.528,,
9/1/2018 22:00,14.7802,76.354,,
9/1/2018 22:15,14.7802,76.354,,
9/1/2018 22:30,14.7802,76.354,,
9/1/2018 22:45,14.778,76.354,,
9/1/2018 23:00,14.7798,76.181,,
9/1/2018 23:15,14.782,76.181,,
9/1/2018 23:30,14.782,76.181,,
9/1/2018 23:45,14.7798,76.181,,
9/2/2018 0:00,14.7754,76.181,,
9/2/2018 0:15,14.7733,76.181,,
9/2/2018 0:30,14.7754,76.181,,
9/2/2018 0:45,14.7706,76.006,,
9/2/2018 1:00,14.7663,76.006,,
9/2/2018 1:15,14.7641,76.006,,
9/2/2018 1:30,14.7619,76.006,,
9/2/2018 1:45,14.7615,75.832,,
9/2/2018 2:00,14.7615,75.832,,
9/2/2018 2:15,14.7593,75.832,,
9/2/2018 2:30,14.7572,75.832,,
9/2/2018 2:45,14.755,75.832,,
9/2/2018 3:00,14.7567,75.659,,
9/2/2018 3:15,14.7545,75.659,,
9/2/2018 3:30,14.7589,75.659,,
9/2/2018 3:45,14.7589,75.659,,
9/2/2018 4:00,14.7589,75.659,,
9/2/2018 4:15,14.7563,75.484,,
9/2/2018 4:30,14.7541,75.484,,
9/2/2018 4:45,14.7563,75.484,,
9/2/2018 5:00,14.7541,75.484,,
9/2/2018 5:15,14.7585,75.484,,
9/2/2018 5:30,14.7585,75.484,,
9/2/2018 5:45,14.758,75.312,,
9/2/2018 6:00,14.7622,75.312,,
9/2/2018 6:15,14.7622,75.312,,
9/2/2018 6:30,14.7666,75.312,,
9/2/2018 6:45,14.7666,75.312,,
9/2/2018 7:00,14.7688,75.312,,
9/2/2018 7:15,14.7731,75.312,,
9/2/2018 7:30,14.7714,75.484,,
9/2/2018 7:45,14.7757,75.484,,
9/2/2018 8:00,14.7779,75.484,,
9/2/2018 8:15,14.7779,75.484,,
9/2/2018 8:30,14.7827,75.659,,
9/2/2018 8:45,14.7827,75.659,,
9/2/2018 9:00,14.7853,75.832,,
9/2/2018 9:15,14.7837,76.006,,
9/2/2018 9:30,14.7846,76.354,,
9/2/2018 9:45,14.7872,76.528,,
9/2/2018 10:00,14.7837,76.876,,
9/2/2018 10:15,14.7825,77.225,,
9/2/2018 10:30,14.783,77.4,,
9/2/2018 10:45,14.7834,77.574,,
9/2/2018 11:00,14.7817,77.749,,
9/2/2018 11:15,14.7796,77.749,,
9/2/2018 11:30,14.7779,77.923,,
9/2/2018 11:45,14.774,78.098,,
9/2/2018 12:00,14.7722,78.274,,
9/2/2018 12:15,14.7679,78.274,,
9/2/2018 12:30,14.7657,78.274,,
9/2/2018 12:45,14.7653,78.098,,
9/2/2018 13:00,14.7593,78.274,,
9/2/2018 13:15,14.7593,78.274,,
9/2/2018 13:30,14.7593,78.274,,
9/2/2018 13:45,14.7554,78.449,,
9/2/2018 14:00,14.7537,78.624,,
9/2/2018 14:15,14.7519,78.8,,
9/2/2018 14:30,14.7508,79.151,,
9/2/2018 14:45,14.7503,78.975,,
9/2/2018 15:00,14.7493,78.624,,
9/2/2018 15:15,14.745,78.624,,
9/2/2018 15:30,14.7467,78.449,,
9/2/2018 15:45,14.7485,78.274,,
9/2/2018 16:00,14.7506,78.274,,
9/2/2018 16:15,14.7502,78.098,,
9/2/2018 16:30,14.754,77.923,,
9/2/2018 16:45,14.754,77.923,,
9/2/2018 17:00,14.7535,77.749,,
9/2/2018 17:15,14.7531,77.574,,
9/2/2018 17:30,14.7531,77.574,,
9/2/2018 17:45,14.7548,77.4,,
9/2/2018 18:00,14.757,77.4,,
9/2/2018 18:15,14.7586,77.225,,
9/2/2018 18:30,14.7586,77.225,,
9/2/2018 18:45,14.763,77.225,,
9/2/2018 19:00,14.7625,77.05,,
9/2/2018 19:15,14.7647,77.05,,
9/2/2018 19:30,14.7647,77.05,,
9/2/2018 19:45,14.7708,76.876,,
9/2/2018 20:00,14.773,76.876,,
9/2/2018 20:15,14.7751,76.876,,
9/2/2018 20:30,14.7795,76.876,,
9/2/2018 20:45,14.7795,76.876,,
9/2/2018 21:00,14.7773,76.876,,
9/2/2018 21:15,14.7859,76.876,,
9/2/2018 21:30,14.7833,76.703,,
9/2/2018 21:45,14.7833,76.703,,
9/2/2018 22:00,14.7811,76.703,,
9/2/2018 22:15,14.7833,76.703,,
9/2/2018 22:30,14.7854,76.703,,
9/2/2018 22:45,14.7811,76.703,,
9/2/2018 23:00,14.7789,76.703,,
9/2/2018 23:15,14.7785,76.528,,
9/2/2018 23:30,14.7785,76.528,,
9/2/2018 23:45,14.7785,76.528,,
9/3/2018 0:00,14.7763,76.528,,
9/3/2018 0:15,14.7741,76.528,,
9/3/2018 0:30,14.7741,76.528,,
9/3/2018 0:45,14.7719,76.528,,
9/3/2018 1:00,14.7698,76.528,,
9/3/2018 1:15,14.7634,76.528,,
9/3/2018 1:30,14.7634,76.528,,
9/3/2018 1:45,14.759,76.528,,
9/3/2018 2:00,14.7569,76.528,,
9/3/2018 2:15,14.759,76.528,,
9/3/2018 2:30,14.759,76.528,,
9/3/2018 2:45,14.7569,76.528,,
9/3/2018 3:00,14.7547,76.528,,
9/3/2018 3:15,14.759,76.528,,
9/3/2018 3:30,14.765,76.354,,
9/3/2018 3:45,14.7672,76.354,,
9/3/2018 4:00,14.765,76.354,,
9/3/2018 4:15,14.7693,76.354,,
9/3/2018 4:30,14.7693,76.354,,
9/3/2018 4:45,14.7759,76.354,,
9/3/2018 5:00,14.7889,76.354,,
9/3/2018 5:15,14.824,76.528,,
9/3/2018 5:30,14.8349,76.528,,
9/3/2018 5:45,14.8214,76.354,,
9/3/2018 6:00,14.8171,76.354,,
9/3/2018 6:15,14.8171,76.354,,
9/3/2018 6:30,14.8192,76.354,,
9/3/2018 6:45,14.8192,76.354,,
9/3/2018 7:00,14.8149,76.354,,
9/3/2018 7:15,14.8149,76.354,,
9/3/2018 7:30,14.8127,76.354,,
9/3/2018 7:45,14.8171,76.354,,
9/3/2018 8:00,14.8192,76.354,,
9/3/2018 8:15,14.8175,76.528,,
9/3/2018 8:30,14.8197,76.528,,
9/3/2018 8:45,14.8201,76.703,,
9/3/2018 9:00,14.8181,76.703,,
9/3/2018 9:15,14.8159,76.703,,
9/3/2018 9:30,14.8163,76.876,,
9/3/2018 9:45,14.8124,77.05,,
9/3/2018 10:00,14.8124,77.05,,
9/3/2018 10:15,14.8128,77.225,,
9/3/2018 10:30,14.8133,77.4,,
9/3/2018 10:45,14.8069,77.4,,
9/3/2018 11:00,14.8073,77.574,,
9/3/2018 11:15,14.8073,77.574,,
9/3/2018 11:30,14.8052,77.574,,
9/3/2018 11:45,14.8021,78.098,,
9/3/2018 12:00,14.797,78.624,,
9/3/2018 12:15,14.7997,78.8,,
9/3/2018 12:30,14.7966,78.449,,
9/3/2018 12:45,14.7883,78.624,,
9/3/2018 13:00,14.7953,78.8,,
9/3/2018 13:15,14.7953,78.8,,
9/3/2018 13:30,14.7933,78.8,,
9/3/2018 13:45,14.784,78.624,,
9/3/2018 14:00,14.7802,78.8,,
9/3/2018 14:15,14.7741,78.975,,
9/3/2018 14:30,14.7737,78.8,,
9/3/2018 14:45,14.7711,78.624,,
9/3/2018 15:00,14.7706,78.449,,
9/3/2018 15:15,14.7722,78.274,,
9/3/2018 15:30,14.7809,78.274,,
9/3/2018 15:45,14.7875,78.274,,
9/3/2018 16:00,14.7914,78.098,,
9/3/2018 16:15,14.7844,77.923,,
9/3/2018 16:30,14.7796,77.749,,
9/3/2018 16:45,14.7796,77.749,,
9/3/2018 17:00,14.7817,77.749,,
9/3/2018 17:15,14.7856,77.574,,
9/3/2018 17:30,14.7899,77.574,,
9/3/2018 17:45,14.7917,77.4,,
9/3/2018 18:00,14.8047,77.4,,
9/3/2018 18:15,14.815,77.225,,
9/3/2018 18:30,14.8368,77.225,,
9/3/2018 18:45,14.8303,77.225,,
9/3/2018 19:00,14.8976,77.225,,
9/3/2018 19:15,14.8862,77.05,,
9/3/2018 19:30,14.8749,76.876,,
9/3/2018 19:45,14.864,76.876,,
9/3/2018 20:00,14.8597,76.876,,
9/3/2018 20:15,14.8532,76.876,,
9/3/2018 20:30,14.8488,76.876,,
9/3/2018 20:45,14.8423,76.876,,
9/3/2018 21:00,14.8419,76.703,,
9/3/2018 21:15,14.8397,76.703,,
9/3/2018 21:30,14.8375,76.703,,
9/3/2018 21:45,14.8353,76.703,,
9/3/2018 22:00,14.8332,76.703,,
9/3/2018 22:15,14.8332,76.703,,
9/3/2018 22:30,14.8288,76.703,,
9/3/2018 22:45,14.8266,76.703,,
9/3/2018 23:00,14.8245,76.703,,
9/3/2018 23:15,14.8201,76.703,,
9/3/2018 23:30,14.8201,76.703,,
9/3/2018 23:45,14.8223,76.703,,
9/4/2018 0:00,14.8153,76.528,,
9/4/2018 0:15,14.811,76.528,,
9/4/2018 0:30,14.8131,76.528,,
9/4/2018 0:45,14.8089,76.528,,
9/4/2018 1:00,14.8024,76.528,,
9/4/2018 1:15,14.8002,76.528,,
9/4/2018 1:30,14.7959,76.528,,
9/4/2018 1:45,14.7937,76.528,,
9/4/2018 2:00,14.7894,76.528,,
9/4/2018 2:15,14.7894,76.528,,
9/4/2018 2:30,14.7894,76.528,,
9/4/2018 2:45,14.7846,76.354,,
9/4/2018 3:00,14.7846,76.354,,
9/4/2018 3:15,14.7824,76.354,,
9/4/2018 3:30,14.7824,76.354,,
9/4/2018 3:45,14.782,76.181,,
9/4/2018 4:00,14.782,76.181,,
9/4/2018 4:15,14.782,76.181,,
9/4/2018 4:30,14.7863,76.181,,
9/4/2018 4:45,14.7863,76.181,,
9/4/2018 5:00,14.7879,76.006,,
9/4/2018 5:15,14.7901,76.006,,
9/4/2018 5:30,14.7901,76.006,,
9/4/2018 5:45,14.7923,76.006,,
9/4/2018 6:00,14.794,75.832,,
9/4/2018 6:15,14.7962,75.832,,
9/4/2018 6:30,14.8005,75.832,,
9/4/2018 6:45,14.8005,75.832,,
9/4/2018 7:00,14.8049,75.832,,
9/4/2018 7:15,14.807,75.832,,
9/4/2018 7:30,14.8114,75.832,,
9/4/2018 7:45,14.8114,75.832,,
9/4/2018 8:00,14.8097,76.006,,
9/4/2018 8:15,14.8097,76.006,,
9/4/2018 8:30,14.8118,76.006,,
9/4/2018 8:45,14.8123,76.181,,
9/4/2018 9:00,14.8123,76.181,,
9/4/2018 9:15,14.8105,76.354,,
9/4/2018 9:30,14.811,76.528,,
9/4/2018 9:45,14.8094,76.703,,
9/4/2018 10:00,14.8098,76.876,,
9/4/2018 10:15,14.8081,77.05,,
9/4/2018 10:30,14.8063,77.225,,
9/4/2018 10:45,14.8041,77.225,,
9/4/2018 11:00,14.8069,77.4,,
9/4/2018 11:15,14.803,77.574,,
9/4/2018 11:30,14.8034,77.749,,
9/4/2018 11:45,14.7957,78.098,,
9/4/2018 12:00,14.7905,78.624,,
9/4/2018 12:15,14.7901,78.449,,
9/4/2018 12:30,14.7836,78.449,,
9/4/2018 12:45,14.7831,78.274,,
9/4/2018 13:00,14.7831,78.274,,
9/4/2018 13:15,14.7798,78.624,,
9/4/2018 13:30,14.7746,79.151,,
9/4/2018 13:45,14.7734,79.502,,
9/4/2018 14:00,14.769,79.502,,
9/4/2018 14:15,14.7643,79.326,,
9/4/2018 14:30,14.7647,79.502,,
9/4/2018 14:45,14.7603,79.502,,
9/4/2018 15:00,14.7599,79.326,,
9/4/2018 15:15,14.7573,79.151,,
9/4/2018 15:30,14.7573,79.151,,
9/4/2018 15:45,14.7569,78.975,,
9/4/2018 16:00,14.7541,78.8,,
9/4/2018 16:15,14.7493,78.624,,
9/4/2018 16:30,14.7528,78.274,,
9/4/2018 16:45,14.7518,77.923,,
9/4/2018 17:00,14.7553,77.574,,
9/4/2018 17:15,14.757,77.4,,
9/4/2018 17:30,14.7564,77.225,,
9/4/2018 17:45,14.7582,77.05,,
9/4/2018 18:00,14.7577,76.876,,
9/4/2018 18:15,14.7599,76.876,,
9/4/2018 18:30,14.766,76.703,,
9/4/2018 18:45,14.7698,76.528,,
9/4/2018 19:00,14.7719,76.528,,
9/4/2018 19:15,14.7737,76.354,,
9/4/2018 19:30,14.778,76.354,,
9/4/2018 19:45,14.782,76.181,,
9/4/2018 20:00,14.7667,76.181,,
9/4/2018 20:15,14.7663,76.006,,
9/4/2018 20:30,14.7663,76.006,,
9/4/2018 20:45,14.7685,76.006,,
9/4/2018 21:00,14.7706,76.006,,
9/4/2018 21:15,14.7685,76.006,,
9/4/2018 21:30,14.7702,75.832,,
9/4/2018 21:45,14.7724,75.832,,
9/4/2018 22:00,14.7724,75.832,,
9/4/2018 22:15,14.7724,75.832,,
9/4/2018 22:30,14.7719,75.659,,
9/4/2018 22:45,14.7741,75.659,,
9/4/2018 23:00,14.7719,75.659,,
9/4/2018 23:15,14.7692,75.484,,
9/4/2018 23:30,14.7672,75.484,,
9/4/2018 23:45,14.7692,75.484,,
9/5/2018 0:00,14.7672,75.484,,
9/5/2018 0:15,14.7666,75.312,,
9/5/2018 0:30,14.7622,75.312,,
9/5/2018 0:45,14.758,75.312,,
9/5/2018 1:00,14.7602,75.312,,
9/5/2018 1:15,14.7574,75.139,,
9/5/2018 1:30,14.7554,75.139,,
9/5/2018 1:45,14.7527,74.964,,
9/5/2018 2:00,14.7527,74.964,,
9/5/2018 2:15,14.7479,74.791,,
9/5/2018 2:30,14.7458,74.791,,
9/5/2018 2:45,14.7431,74.619,,
9/5/2018 3:00,14.7411,74.619,,
9/5/2018 3:15,14.7411,74.619,,
9/5/2018 3:30,14.7411,74.619,,
9/5/2018 3:45,14.7405,74.446,,
9/5/2018 4:00,14.7427,74.446,,
9/5/2018 4:15,14.7405,74.446,,
9/5/2018 4:30,14.7405,74.446,,
9/5/2018 4:45,14.7379,74.271,,
9/5/2018 5:00,14.7379,74.271,,
9/5/2018 5:15,14.7374,74.098,,
9/5/2018 5:30,14.7396,74.098,,
9/5/2018 5:45,14.7435,73.926,,
9/5/2018 6:00,14.7435,73.926,,
9/5/2018 6:15,14.7474,73.753,,
9/5/2018 6:30,14.754,73.753,,
9/5/2018 6:45,14.7583,73.753,,
9/5/2018 7:00,14.7561,73.753,,
9/5/2018 7:15,14.754,73.753,,
9/5/2018 7:30,14.7544,73.926,,
9/5/2018 7:45,14.7588,73.926,,
9/5/2018 8:00,14.7588,73.926,,
9/5/2018 8:15,14.7592,74.098,,
9/5/2018 8:30,14.7592,74.098,,
9/5/2018 8:45,14.764,74.271,,
9/5/2018 9:00,14.7666,74.446,,
9/5/2018 9:15,14.7692,74.619,,
9/5/2018 9:30,14.767,74.619,,
9/5/2018 9:45,14.774,74.791,,
9/5/2018 10:00,14.7744,74.964,,
9/5/2018 10:15,14.7705,75.139,,
9/5/2018 10:30,14.7727,75.139,,
9/5/2018 10:45,14.7709,75.312,,
9/5/2018 11:00,14.7637,75.832,,
9/5/2018 11:15,14.7598,76.006,,
9/5/2018 11:30,14.7551,76.703,,
9/5/2018 11:45,14.7512,76.876,,
9/5/2018 12:00,14.7495,77.05,,
9/5/2018 12:15,14.747,77.749,,
9/5/2018 12:30,14.7431,77.923,,
9/5/2018 12:45,14.7393,78.098,,
9/5/2018 13:00,14.7393,78.098,,
9/5/2018 13:15,14.7361,77.749,,
9/5/2018 13:30,14.7335,77.574,,
9/5/2018 13:45,14.7335,77.574,,
9/5/2018 14:00,14.731,78.274,,
9/5/2018 14:15,14.7297,77.749,,
9/5/2018 14:30,14.7241,78.098,,
9/5/2018 14:45,14.7245,78.274,,
9/5/2018 15:00,14.7202,78.274,,
9/5/2018 15:15,14.7241,78.098,,
9/5/2018 15:30,14.7189,77.749,,
9/5/2018 15:45,14.7141,77.574,,
9/5/2018 16:00,14.7109,77.225,,
9/5/2018 16:15,14.7109,77.225,,
9/5/2018 16:30,14.7152,77.225,,
9/5/2018 16:45,14.7148,77.05,,
9/5/2018 17:00,14.7126,77.05,,
9/5/2018 17:15,14.7078,76.876,,
9/5/2018 17:30,14.7118,76.703,,
9/5/2018 17:45,14.7113,76.528,,
9/5/2018 18:00,14.7109,76.354,,
9/5/2018 18:15,14.7125,76.181,,
9/5/2018 18:30,14.7168,76.181,,
9/5/2018 18:45,14.7186,76.006,,
9/5/2018 19:00,14.7208,76.006,,
9/5/2018 19:15,14.7273,76.006,,
9/5/2018 19:30,14.7247,75.832,,
9/5/2018 19:45,14.7268,75.832,,
9/5/2018 20:00,14.7312,75.832,,
9/5/2018 20:15,14.7328,75.659,,
9/5/2018 20:30,14.7328,75.659,,
9/5/2018 20:45,14.7328,75.659,,
9/5/2018 21:00,14.735,75.659,,
9/5/2018 21:15,14.735,75.659,,
9/5/2018 21:30,14.7345,75.484,,
9/5/2018 21:45,14.7367,75.484,,
9/5/2018 22:00,14.7345,75.484,,
9/5/2018 22:15,14.7367,75.484,,
9/5/2018 22:30,14.7341,75.312,,
9/5/2018 22:45,14.7341,75.312,,
9/5/2018 23:00,14.7363,75.312,,
9/5/2018 23:15,14.7363,75.312,,
9/5/2018 23:30,14.7319,75.312,,
9/5/2018 23:45,14.7293,75.139,,
9/6/2018 0:00,14.7271,75.139,,
9/6/2018 0:15,14.725,75.139,,
9/6/2018 0:30,14.7228,75.139,,
9/6/2018 0:45,14.7202,74.964,,
9/6/2018 1:00,14.7158,74.964,,
9/6/2018 1:15,14.7136,74.964,,
9/6/2018 1:30,14.7094,74.964,,
9/6/2018 1:45,14.7047,74.791,,
9/6/2018 2:00,14.7025,74.791,,
9/6/2018 2:15,14.6981,74.791,,
9/6/2018 2:30,14.6981,74.791,,
9/6/2018 2:45,14.6955,74.619,,
9/6/2018 3:00,14.6933,74.619,,
9/6/2018 3:15,14.6912,74.619,,
9/6/2018 3:30,14.6907,74.446,,
9/6/2018 3:45,14.6907,74.446,,
9/6/2018 4:00,14.6907,74.446,,
9/6/2018 4:15,14.6907,74.446,,
9/6/2018 4:30,14.6881,74.271,,
9/6/2018 4:45,14.6881,74.271,,
9/6/2018 5:00,14.6877,74.098,,
9/6/2018 5:15,14.6899,74.098,,
9/6/2018 5:30,14.6936,73.926,,
9/6/2018 5:45,14.6958,73.926,,
9/6/2018 6:00,14.6997,73.753,,
9/6/2018 6:15,14.7019,73.753,,
9/6/2018 6:30,14.7062,73.753,,
9/6/2018 6:45,14.7058,73.58,,
9/6/2018 7:00,14.7102,73.58,,
9/6/2018 7:15,14.7102,73.58,,
9/6/2018 7:30,14.7145,73.58,,
9/6/2018 7:45,14.7187,73.58,,
9/6/2018 8:00,14.7231,73.58,,
9/6/2018 8:15,14.7252,73.58,,
9/6/2018 8:30,14.7252,73.58,,
9/6/2018 8:45,14.7257,73.753,,
9/6/2018 9:00,14.7261,73.926,,
9/6/2018 9:15,14.725,74.271,,
9/6/2018 9:30,14.7237,74.619,,
9/6/2018 9:45,14.7241,74.791,,
9/6/2018 10:00,14.725,75.139,,
9/6/2018 10:15,14.7242,75.659,,
9/6/2018 10:30,14.7238,76.354,,
9/6/2018 10:45,14.7192,77.05,,
9/6/2018 11:00,14.7136,77.4,,
9/6/2018 11:15,14.711,78.098,,
9/6/2018 11:30,14.7077,78.449,,
9/6/2018 11:45,14.7064,78.8,,
9/6/2018 12:00,14.7026,78.975,,
9/6/2018 12:15,14.6999,78.8,,
9/6/2018 12:30,14.6973,78.624,,
9/6/2018 12:45,14.6938,78.098,,
9/6/2018 13:00,14.6912,77.923,,
9/6/2018 13:15,14.6886,77.749,,
9/6/2018 13:30,14.6868,77.923,,
9/6/2018 13:45,14.6836,77.574,,
9/6/2018 14:00,14.6814,77.574,,
9/6/2018 14:15,14.6798,77.749,,
9/6/2018 14:30,14.6807,78.098,,
9/6/2018 14:45,14.6804,78.8,,
9/6/2018 15:00,14.6765,78.975,,
9/6/2018 15:15,14.6754,79.326,,
9/6/2018 15:30,14.6743,78.975,,
9/6/2018 15:45,14.6709,78.449,,
9/6/2018 16:00,14.6738,77.923,,
9/6/2018 16:15,14.6751,77.574,,
9/6/2018 16:30,14.6772,77.574,,
9/6/2018 16:45,14.6767,77.4,,
9/6/2018 17:00,14.6762,77.225,,
9/6/2018 17:15,14.6775,76.876,,
9/6/2018 17:30,14.6809,76.528,,
9/6/2018 17:45,14.6822,76.181,,
9/6/2018 18:00,14.6817,76.006,,
9/6/2018 18:15,14.6835,75.832,,
9/6/2018 18:30,14.6852,75.659,,
9/6/2018 18:45,14.6848,75.484,,
9/6/2018 19:00,14.6886,75.312,,
9/6/2018 19:15,14.6925,75.139,,
9/6/2018 19:30,14.6968,75.139,,
9/6/2018 19:45,14.6986,74.964,,
9/6/2018 20:00,14.7007,74.964,,
9/6/2018 20:15,14.7047,74.791,,
9/6/2018 20:30,14.7089,74.791,,
9/6/2018 20:45,14.7089,74.791,,
9/6/2018 21:00,14.7106,74.619,,
9/6/2018 21:15,14.7106,74.619,,
9/6/2018 21:30,14.7128,74.619,,
9/6/2018 21:45,14.7123,74.446,,
9/6/2018 22:00,14.7123,74.446,,
9/6/2018 22:15,14.7145,74.446,,
9/6/2018 22:30,14.7123,74.446,,
9/6/2018 22:45,14.7145,74.446,,
9/6/2018 23:00,14.7119,74.271,,
9/6/2018 23:15,14.7141,74.271,,
9/6/2018 23:30,14.7119,74.271,,
9/6/2018 23:45,14.7119,74.271,,
9/7/2018 0:00,14.7093,74.098,,
9/7/2018 0:15,14.7093,74.098,,
9/7/2018 0:30,14.7049,74.098,,
9/7/2018 0:45,14.7023,73.926,,
9/7/2018 1:00,14.7023,73.926,,
9/7/2018 1:15,14.698,73.926,,
9/7/2018 1:30,14.6975,73.753,,
9/7/2018 1:45,14.6954,73.753,,
9/7/2018 2:00,14.6932,73.753,,
9/7/2018 2:15,14.6888,73.753,,
9/7/2018 2:30,14.6862,73.58,,
9/7/2018 2:45,14.6841,73.58,,
9/7/2018 3:00,14.6862,73.58,,
9/7/2018 3:15,14.6814,73.407,,
9/7/2018 3:30,14.6793,73.407,,
9/7/2018 3:45,14.6814,73.407,,
9/7/2018 4:00,14.6836,73.407,,
9/7/2018 4:15,14.681,73.234,,
9/7/2018 4:30,14.681,73.234,,
9/7/2018 4:45,14.6806,73.062,,
9/7/2018 5:00,14.6806,73.062,,
9/7/2018 5:15,14.6828,73.062,,
9/7/2018 5:30,14.6845,72.891,,
9/7/2018 5:45,14.6888,72.891,,
9/7/2018 6:00,14.6888,72.891,,
9/7/2018 6:15,14.6888,72.891,,
9/7/2018 6:30,14.6928,72.718,,
9/7/2018 6:45,14.6949,72.718,,
9/7/2018 7:00,14.6993,72.718,,
9/7/2018 7:15,14.7015,72.718,,
9/7/2018 7:30,14.7015,72.718,,
9/7/2018 7:45,14.7057,72.718,,
9/7/2018 8:00,14.7078,72.718,,
9/7/2018 8:15,14.7122,72.718,,
9/7/2018 8:30,14.7126,72.891,,
9/7/2018 8:45,14.7174,73.062,,
9/7/2018 9:00,14.7139,73.407,,
9/7/2018 9:15,14.7145,73.58,,
9/7/2018 9:30,14.7158,74.098,,
9/7/2018 9:45,14.7167,74.446,,
9/7/2018 10:00,14.7158,74.964,,
9/7/2018 10:15,14.7129,75.484,,
9/7/2018 10:30,14.7105,77.05,,
9/7/2018 10:45,14.7105,77.05,,
9/7/2018 11:00,14.707,76.528,,
9/7/2018 11:15,14.7048,76.528,,
9/7/2018 11:30,14.7028,77.4,,
9/7/2018 11:45,14.6997,77.923,,
9/7/2018 12:00,14.6946,78.449,,
9/7/2018 12:15,14.6938,78.098,,
9/7/2018 12:30,14.692,78.274,,
9/7/2018 12:45,14.6887,78.624,,
9/7/2018 13:00,14.6857,79.151,,
9/7/2018 13:15,14.6842,80.206,,
9/7/2018 13:30,14.6822,81.09,,
9/7/2018 13:45,14.6793,81.621,,
9/7/2018 14:00,14.6767,81.442,,
9/7/2018 14:15,14.672,82.152,,
9/7/2018 14:30,14.6725,82.33,,
9/7/2018 14:45,14.6659,82.33,,
9/7/2018 15:00,14.6633,82.152,,
9/7/2018 15:15,14.6611,82.152,,
9/7/2018 15:30,14.6585,81.975,,
9/7/2018 15:45,14.6597,81.621,,
9/7/2018 16:00,14.6571,81.442,,
9/7/2018 16:15,14.6566,81.266,,
9/7/2018 16:30,14.6613,80.559,,
9/7/2018 16:45,14.6787,78.975,,
9/7/2018 17:00,14.7089,78.098,,
9/7/2018 17:15,14.7136,77.4,,
9/7/2018 17:30,14.7165,76.876,,
9/7/2018 17:45,14.7205,76.703,,
9/7/2018 18:00,14.7216,76.354,,
9/7/2018 18:15,14.7234,76.181,,
9/7/2018 18:30,14.7273,76.006,,
9/7/2018 18:45,14.729,75.832,,
9/7/2018 19:00,14.7328,75.659,,
9/7/2018 19:15,14.7367,75.484,,
9/7/2018 19:30,14.7406,75.312,,
9/7/2018 19:45,14.7428,75.312,,
9/7/2018 20:00,14.7445,75.139,,
9/7/2018 20:15,14.7489,75.139,,
9/7/2018 20:30,14.7506,74.964,,
9/7/2018 20:45,14.7548,74.964,,
9/7/2018 21:00,14.7527,74.964,,
9/7/2018 21:15,14.7544,74.791,,
9/7/2018 21:30,14.7566,74.791,,
9/7/2018 21:45,14.7561,74.619,,
9/7/2018 22:00,14.7583,74.619,,
9/7/2018 22:15,14.7601,74.446,,
9/7/2018 22:30,14.7601,74.446,,
9/7/2018 22:45,14.7601,74.446,,
9/7/2018 23:00,14.7574,74.271,,
9/7/2018 23:15,14.7596,74.271,,
9/7/2018 23:30,14.7548,74.098,,
9/7/2018 23:45,14.7548,74.098,,
9/8/2018 0:00,14.7548,74.098,,
9/8/2018 0:15,14.75,73.926,,
9/8/2018 0:30,14.7522,73.926,,
9/8/2018 0:45,14.7496,73.753,,
9/8/2018 1:00,14.7518,73.753,,
9/8/2018 1:15,14.7496,73.753,,
9/8/2018 1:30,14.747,73.58,,
9/8/2018 1:45,14.7448,73.58,,
9/8/2018 2:00,14.7427,73.58,,
9/8/2018 2:15,14.74,73.407,,
9/8/2018 2:30,14.74,73.407,,
9/8/2018 2:45,14.7422,73.407,,
9/8/2018 3:00,14.7396,73.234,,
9/8/2018 3:15,14.7374,73.234,,
9/8/2018 3:30,14.7396,73.234,,
9/8/2018 3:45,14.7261,73.062,,
9/8/2018 4:00,14.7261,73.062,,
9/8/2018 4:15,14.7239,73.062,,
9/8/2018 4:30,14.7257,72.891,,
9/8/2018 4:45,14.7257,72.891,,
9/8/2018 5:00,14.7279,72.891,,
9/8/2018 5:15,14.7274,72.718,,
9/8/2018 5:30,14.7296,72.718,,
9/8/2018 5:45,14.7339,72.718,,
9/8/2018 6:00,14.7339,72.718,,
9/8/2018 6:15,14.7377,72.545,,
9/8/2018 6:30,14.7399,72.545,,
9/8/2018 6:45,14.7421,72.545,,
9/8/2018 7:00,14.7442,72.545,,
9/8/2018 7:15,14.7464,72.545,,
9/8/2018 7:30,14.7508,72.545,,
9/8/2018 7:45,14.7508,72.545,,
9/8/2018 8:00,14.7529,72.545,,
9/8/2018 8:15,14.7529,72.545,,
9/8/2018 8:30,14.7529,72.545,,
9/8/2018 8:45,14.7556,72.718,,
9/8/2018 9:00,14.7586,73.062,,
9/8/2018 9:15,14.7617,73.407,,
9/8/2018 9:30,14.7651,73.926,,
9/8/2018 9:45,14.7661,74.271,,
9/8/2018 10:00,14.7648,74.619,,
9/8/2018 10:15,14.7653,74.791,,
9/8/2018 10:30,14.7653,74.791,,
9/8/2018 10:45,14.7618,75.139,,
9/8/2018 11:00,14.758,75.312,,
9/8/2018 11:15,14.7545,75.659,,
9/8/2018 11:30,14.7515,76.181,,
9/8/2018 11:45,14.7515,76.181,,
9/8/2018 12:00,14.7508,76.703,,
9/8/2018 12:15,14.746,76.528,,
9/8/2018 12:30,14.7442,76.703,,
9/8/2018 12:45,14.7425,76.876,,
9/8/2018 13:00,14.7403,76.876,,
9/8/2018 13:15,14.7353,77.4,,
9/8/2018 13:30,14.7345,77.923,,
9/8/2018 13:45,14.7332,78.274,,
9/8/2018 14:00,14.7245,78.274,,
9/8/2018 14:15,14.726,78.8,,
9/8/2018 14:30,14.7238,78.8,,
9/8/2018 14:45,14.7203,79.151,,
9/8/2018 15:00,14.7183,79.151,,
9/8/2018 15:15,14.7144,79.326,,
9/8/2018 15:30,14.7118,79.151,,
9/8/2018 15:45,14.7134,78.975,,
9/8/2018 16:00,14.7129,78.8,,
9/8/2018 16:15,14.7125,78.624,,
9/8/2018 16:30,14.7138,78.274,,
9/8/2018 16:45,14.7128,77.923,,
9/8/2018 17:00,14.7087,77.225,,
9/8/2018 17:15,14.7135,76.528,,
9/8/2018 17:30,14.7147,76.181,,
9/8/2018 17:45,14.7181,75.832,,
9/8/2018 18:00,14.7194,75.484,,
9/8/2018 18:15,14.721,75.312,,
9/8/2018 18:30,14.725,75.139,,
9/8/2018 18:45,14.7267,74.964,,
9/8/2018 19:00,14.7306,74.791,,
9/8/2018 19:15,14.7345,74.619,,
9/8/2018 19:30,14.7389,74.619,,
9/8/2018 19:45,14.7405,74.446,,
9/8/2018 20:00,14.74,74.271,,
9/8/2018 20:15,14.7422,74.271,,
9/8/2018 20:30,14.7461,74.098,,
9/8/2018 20:45,14.7483,74.098,,
9/8/2018 21:00,14.7522,73.926,,
9/8/2018 21:15,14.7522,73.926,,
9/8/2018 21:30,14.7518,73.753,,
9/8/2018 21:45,14.7518,73.753,,
9/8/2018 22:00,14.7514,73.58,,
9/8/2018 22:15,14.7492,73.58,,
9/8/2018 22:30,14.7509,73.407,,
9/8/2018 22:45,14.7487,73.407,,
9/8/2018 23:00,14.7482,73.234,,
9/8/2018 23:15,14.7461,73.234,,
9/8/2018 23:30,14.7477,73.062,,
9/8/2018 23:45,14.7456,73.062,,
9/9/2018 0:00,14.7451,72.891,,
9/9/2018 0:15,14.7409,72.891,,
9/9/2018 0:30,14.7387,72.891,,
9/9/2018 0:45,14.7361,72.718,,
9/9/2018 1:00,14.7339,72.718,,
9/9/2018 1:15,14.7296,72.718,,
9/9/2018 1:30,14.7248,72.545,,
9/9/2018 1:45,14.7248,72.545,,
9/9/2018 2:00,14.7248,72.545,,
9/9/2018 2:15,14.7222,72.372,,
9/9/2018 2:30,14.7222,72.372,,
9/9/2018 2:45,14.72,72.372,,
9/9/2018 3:00,14.7196,72.199,,
9/9/2018 3:15,14.7174,72.199,,
9/9/2018 3:30,14.7196,72.199,,
9/9/2018 3:45,14.7192,72.028,,
9/9/2018 4:00,14.7192,72.028,,
9/9/2018 4:15,14.7213,72.028,,
9/9/2018 4:30,14.7213,72.028,,
9/9/2018 4:45,14.7213,72.028,,
9/9/2018 5:00,14.7235,72.028,,
9/9/2018 5:15,14.7273,71.856,,
9/9/2018 5:30,14.7273,71.856,,
9/9/2018 5:45,14.7316,71.856,,
9/9/2018 6:00,14.7338,71.856,,
9/9/2018 6:15,14.736,71.856,,
9/9/2018 6:30,14.7403,71.856,,
9/9/2018 6:45,14.7447,71.856,,
9/9/2018 7:00,14.7469,71.856,,
9/9/2018 7:15,14.7469,71.856,,
9/9/2018 7:30,14.7512,71.856,,
9/9/2018 7:45,14.7534,71.856,,
9/9/2018 8:00,14.756,72.028,,
9/9/2018 8:15,14.7603,72.028,,
9/9/2018 8:30,14.7625,72.028,,
9/9/2018 8:45,14.7651,72.199,,
9/9/2018 9:00,14.7638,72.545,,
9/9/2018 9:15,14.7669,72.891,,
9/9/2018 9:30,14.7682,73.407,,
9/9/2018 9:45,14.7712,73.753,,
9/9/2018 10:00,14.7725,74.271,,
9/9/2018 10:15,14.7722,74.964,,
9/9/2018 10:30,14.7714,75.484,,
9/9/2018 10:45,14.7706,76.006,,
9/9/2018 11:00,14.7667,76.181,,
9/9/2018 11:15,14.7656,76.528,,
9/9/2018 11:30,14.7608,77.225,,
9/9/2018 11:45,14.757,77.4,,
9/9/2018 12:00,14.7561,77.923,,
9/9/2018 12:15,14.7531,77.574,,
9/9/2018 12:30,14.7479,77.225,,
9/9/2018 12:45,14.7431,77.05,,
9/9/2018 13:00,14.7427,77.749,,
9/9/2018 13:15,14.7383,77.749,,
9/9/2018 13:30,14.735,78.098,,
9/9/2018 13:45,14.731,78.274,,
9/9/2018 14:00,14.7281,78.8,,
9/9/2018 14:15,14.726,78.8,,
9/9/2018 14:30,14.7274,79.326,,
9/9/2018 14:45,14.7218,79.678,,
9/9/2018 15:00,14.7222,79.853,,
9/9/2018 15:15,14.72,79.853,,
9/9/2018 15:30,14.7213,79.502,,
9/9/2018 15:45,14.7209,79.326,,
9/9/2018 16:00,14.7203,79.151,,
9/9/2018 16:15,14.7234,78.624,,
9/9/2018 16:30,14.7212,78.624,,
9/9/2018 16:45,14.7202,78.274,,
9/9/2018 17:00,14.7215,77.923,,
9/9/2018 17:15,14.7222,77.4,,
9/9/2018 17:30,14.7257,77.05,,
9/9/2018 17:45,14.7274,76.876,,
9/9/2018 18:00,14.7308,76.528,,
9/9/2018 18:15,14.7281,76.354,,
9/9/2018 18:30,14.7299,76.181,,
9/9/2018 18:45,14.7338,76.006,,
9/9/2018 19:00,14.7382,76.006,,
9/9/2018 19:15,14.7398,75.832,,
9/9/2018 19:30,14.7415,75.659,,
9/9/2018 19:45,14.7415,75.659,,
9/9/2018 20:00,14.7432,75.484,,
9/9/2018 20:15,14.7454,75.484,,
9/9/2018 20:30,14.7498,75.484,,
9/9/2018 20:45,14.7498,75.484,,
9/9/2018 21:00,14.7537,75.312,,
9/9/2018 21:15,14.7537,75.312,,
9/9/2018 21:30,14.7558,75.312,,
9/9/2018 21:45,14.758,75.312,,
9/9/2018 22:00,14.758,75.312,,
9/9/2018 22:15,14.758,75.312,,
9/9/2018 22:30,14.7558,75.312,,
9/9/2018 22:45,14.7558,75.312,,
9/9/2018 23:00,14.7537,75.312,,
9/9/2018 23:15,14.7554,75.139,,
9/9/2018 23:30,14.7554,75.139,,
9/9/2018 23:45,14.7554,75.139,,
9/10/2018 0:00,14.7532,75.139,,
9/10/2018 0:15,14.7532,75.139,,
9/10/2018 0:30,14.7489,75.139,,
9/10/2018 0:45,14.7511,75.139,,
9/10/2018 1:00,14.7424,75.139,,
9/10/2018 1:15,14.7402,75.139,,
9/10/2018 1:30,14.738,75.139,,
9/10/2018 1:45,14.738,75.139,,
9/10/2018 2:00,14.738,75.139,,
9/10/2018 2:15,14.7358,75.139,,
9/10/2018 2:30,14.7337,75.139,,
9/10/2018 2:45,14.7315,75.139,,
9/10/2018 3:00,14.7293,75.139,,
9/10/2018 3:15,14.7293,75.139,,
9/10/2018 3:30,14.7293,75.139,,
9/10/2018 3:45,14.731,74.964,,
9/10/2018 4:00,14.7289,74.964,,
9/10/2018 4:15,14.731,74.964,,
9/10/2018 4:30,14.7289,74.964,,
9/10/2018 4:45,14.7289,74.964,,
9/10/2018 5:00,14.7293,75.139,,
9/10/2018 5:15,14.7315,75.139,,
9/10/2018 5:30,14.7337,75.139,,
9/10/2018 5:45,14.738,75.139,,
9/10/2018 6:00,14.7402,75.139,,
9/10/2018 6:15,14.7424,75.139,,
9/10/2018 6:30,14.7467,75.139,,
9/10/2018 6:45,14.7489,75.139,,
9/10/2018 7:00,14.7532,75.139,,
9/10/2018 7:15,14.7554,75.139,,
9/10/2018 7:30,14.7574,75.139,,
9/10/2018 7:45,14.7622,75.312,,
9/10/2018 8:00,14.7644,75.312,,
9/10/2018 8:15,14.7666,75.312,,
9/10/2018 8:30,14.765,75.484,,
9/10/2018 8:45,14.7698,75.659,,
9/10/2018 9:00,14.768,75.832,,
9/10/2018 9:15,14.7667,76.181,,
9/10/2018 9:30,14.7672,76.354,,
9/10/2018 9:45,14.7676,76.528,,
9/10/2018 10:00,14.7682,76.703,,
9/10/2018 10:15,14.7673,77.225,,
9/10/2018 10:30,14.7644,77.749,,
9/10/2018 10:45,14.7609,78.098,,
9/10/2018 11:00,14.7598,78.449,,
9/10/2018 11:15,14.7541,78.8,,
9/10/2018 11:30,14.7534,79.326,,
9/10/2018 11:45,14.7479,79.678,,
9/10/2018 12:00,14.747,80.206,,
9/10/2018 12:15,14.7437,80.559,,
9/10/2018 12:30,14.7408,81.09,,
9/10/2018 12:45,14.7412,81.266,,
9/10/2018 13:00,14.7357,81.621,,
9/10/2018 13:15,14.735,82.152,,
9/10/2018 13:30,14.7338,82.508,,
9/10/2018 13:45,14.7287,83.043,,
9/10/2018 14:00,14.7274,83.399,,
9/10/2018 14:15,14.7241,83.757,,
9/10/2018 14:30,14.7189,83.399,,
9/10/2018 14:45,14.7176,83.757,,
9/10/2018 15:00,14.7149,83.579,,
9/10/2018 15:15,14.7118,83.221,,
9/10/2018 15:30,14.7103,82.686,,
9/10/2018 15:45,14.7099,82.508,,
9/10/2018 16:00,14.7106,81.975,,
9/10/2018 16:15,14.7118,81.621,,
9/10/2018 16:30,14.712,80.911,,
9/10/2018 16:45,14.7112,80.559,,
9/10/2018 17:00,14.7141,80.029,,
9/10/2018 17:15,14.7152,79.678,,
9/10/2018 17:30,14.7187,79.326,,
9/10/2018 17:45,14.7225,79.151,,
9/10/2018 18:00,14.7264,78.975,,
9/10/2018 18:15,14.7299,78.624,,
9/10/2018 18:30,14.7315,78.449,,
9/10/2018 18:45,14.7332,78.274,,
9/10/2018 19:00,14.7328,78.098,,
9/10/2018 19:15,14.7302,77.923,,
9/10/2018 19:30,14.7361,77.749,,
9/10/2018 19:45,14.7383,77.749,,
9/10/2018 20:00,14.74,77.574,,
9/10/2018 20:15,14.7422,77.574,,
9/10/2018 20:30,14.7461,77.4,,
9/10/2018 20:45,14.7457,77.225,,
9/10/2018 21:00,14.75,77.225,,
9/10/2018 21:15,14.75,77.225,,
9/10/2018 21:30,14.7522,77.225,,
9/10/2018 21:45,14.7522,77.225,,
9/10/2018 22:00,14.7564,77.225,,
9/10/2018 22:15,14.7582,77.05,,
9/10/2018 22:30,14.756,77.05,,
9/10/2018 22:45,14.7582,77.05,,
9/10/2018 23:00,14.7577,76.876,,
9/10/2018 23:15,14.7556,76.876,,
9/10/2018 23:30,14.7573,76.703,,
9/10/2018 23:45,14.7551,76.703,,
9/11/2018 0:00,14.7416,76.528,,
9/11/2018 0:15,14.7351,76.528,,
9/11/2018 0:30,14.7347,76.354,,
9/11/2018 0:45,14.7303,76.354,,
9/11/2018 1:00,14.7303,76.354,,
9/11/2018 1:15,14.7299,76.181,,
9/11/2018 1:30,14.7277,76.181,,
9/11/2018 1:45,14.7234,76.181,,
9/11/2018 2:00,14.7208,76.006,,
9/11/2018 2:15,14.7186,76.006,,
9/11/2018 2:30,14.7186,76.006,,
9/11/2018 2:45,14.716,75.832,,
9/11/2018 3:00,14.7181,75.832,,
9/11/2018 3:15,14.716,75.832,,
9/11/2018 3:30,14.7177,75.659,,
9/11/2018 3:45,14.7155,75.659,,
9/11/2018 4:00,14.7129,75.484,,
9/11/2018 4:15,14.7107,75.484,,
9/11/2018 4:30,14.7129,75.484,,
9/11/2018 4:45,14.7125,75.312,,
9/11/2018 5:00,14.7147,75.312,,
9/11/2018 5:15,14.712,75.139,,
9/11/2018 5:30,14.7163,75.139,,
9/11/2018 5:45,14.7163,75.139,,
9/11/2018 6:00,14.7202,74.964,,
9/11/2018 6:15,14.7223,74.964,,
9/11/2018 6:30,14.7245,74.964,,
9/11/2018 6:45,14.7284,74.791,,
9/11/2018 7:00,14.7306,74.791,,
9/11/2018 7:15,14.7328,74.791,,
9/11/2018 7:30,14.735,74.791,,
9/11/2018 7:45,14.735,74.791,,
9/11/2018 8:00,14.7376,74.964,,
9/11/2018 8:15,14.7376,74.964,,
9/11/2018 8:30,14.7376,74.964,,
9/11/2018 8:45,14.738,75.139,,
9/11/2018 9:00,14.7406,75.312,,
9/11/2018 9:15,14.7393,75.659,,
9/11/2018 9:30,14.7403,76.006,,
9/11/2018 9:45,14.7429,76.181,,
9/11/2018 10:00,14.746,76.528,,
9/11/2018 10:15,14.7473,77.05,,
9/11/2018 10:30,14.7444,77.574,,
9/11/2018 10:45,14.7419,78.274,,
9/11/2018 11:00,14.7354,78.274,,
9/11/2018 11:15,14.7363,78.624,,
9/11/2018 11:30,14.7347,78.8,,
9/11/2018 11:45,14.7308,78.975,,
9/11/2018 12:00,14.7303,78.8,,
9/11/2018 12:15,14.7312,79.151,,
9/11/2018 12:30,14.7266,79.853,,
9/11/2018 12:45,14.7271,80.029,,
9/11/2018 13:00,14.7237,80.382,,
9/11/2018 13:15,14.7229,80.911,,
9/11/2018 13:30,14.7168,81.09,,
9/11/2018 13:45,14.7139,81.621,,
9/11/2018 14:00,14.7123,81.797,,
9/11/2018 14:15,14.7106,81.975,,
9/11/2018 14:30,14.7074,81.621,,
9/11/2018 14:45,14.7084,81.975,,
9/11/2018 15:00,14.7032,81.621,,
9/11/2018 15:15,14.7039,81.09,,
9/11/2018 15:30,14.7025,80.559,,
9/11/2018 15:45,14.7033,80.911,,
9/11/2018 16:00,14.7051,80.735,,
9/11/2018 16:15,14.7045,79.678,,
9/11/2018 16:30,14.7039,79.502,,
9/11/2018 16:45,14.707,78.975,,
9/11/2018 17:00,14.7055,78.449,,
9/11/2018 17:15,14.7062,77.923,,
9/11/2018 17:30,14.708,77.749,,
9/11/2018 17:45,14.7119,77.574,,
9/11/2018 18:00,14.7152,77.225,,
9/11/2018 18:15,14.7165,76.876,,
9/11/2018 18:30,14.7183,76.703,,
9/11/2018 18:45,14.7194,76.354,,
9/11/2018 19:00,14.719,76.181,,
9/11/2018 19:15,14.7251,76.006,,
9/11/2018 19:30,14.7273,76.006,,
9/11/2018 19:45,14.7268,75.832,,
9/11/2018 20:00,14.7286,75.659,,
9/11/2018 20:15,14.7324,75.484,,
9/11/2018 20:30,14.7345,75.484,,
9/11/2018 20:45,14.7384,75.312,,
9/11/2018 21:00,14.7406,75.312,,
9/11/2018 21:15,14.7424,75.139,,
9/11/2018 21:30,14.7445,75.139,,
9/11/2018 21:45,14.7445,75.139,,
9/11/2018 22:00,14.7441,74.964,,
9/11/2018 22:15,14.7463,74.964,,
9/11/2018 22:30,14.7458,74.791,,
9/11/2018 22:45,14.7479,74.791,,
9/11/2018 23:00,14.75,74.791,,
9/11/2018 23:15,14.7453,74.619,,
9/11/2018 23:30,14.7474,74.619,,
9/11/2018 23:45,14.7431,74.619,,
9/12/2018 0:00,14.7431,74.619,,
9/12/2018 0:15,14.7383,74.446,,
9/12/2018 0:30,14.7383,74.446,,
9/12/2018 0:45,14.7341,74.446,,
9/12/2018 1:00,14.7363,74.446,,
9/12/2018 1:15,14.7341,74.446,,
9/12/2018 1:30,14.7319,74.446,,
9/12/2018 1:45,14.7319,74.446,,
9/12/2018 2:00,14.7319,74.446,,
9/12/2018 2:15,14.7297,74.446,,
9/12/2018 2:30,14.7297,74.446,,
9/12/2018 2:45,14.7297,74.446,,
9/12/2018 3:00,14.7271,74.271,,
9/12/2018 3:15,14.7271,74.271,,
9/12/2018 3:30,14.725,74.271,,
9/12/2018 3:45,14.7271,74.271,,
9/12/2018 4:00,14.7271,74.271,,
9/12/2018 4:15,14.7245,74.098,,
9/12/2018 4:30,14.7267,74.098,,
9/12/2018 4:45,14.7287,74.098,,
9/12/2018 5:00,14.7309,74.098,,
9/12/2018 5:15,14.7309,74.098,,
9/12/2018 5:30,14.7309,74.098,,
9/12/2018 5:45,14.7353,74.098,,
9/12/2018 6:00,14.7374,74.098,,
9/12/2018 6:15,14.7461,74.098,,
9/12/2018 6:30,14.7527,74.098,,
9/12/2018 6:45,14.7548,74.098,,
9/12/2018 7:00,14.757,74.098,,
9/12/2018 7:15,14.7574,74.271,,
9/12/2018 7:30,14.7579,74.446,,
9/12/2018 7:45,14.7583,74.619,,
9/12/2018 8:00,14.7605,74.619,,
9/12/2018 8:15,14.7653,74.791,,
9/12/2018 8:30,14.7675,74.791,,
9/12/2018 8:45,14.7722,74.964,,
9/12/2018 9:00,14.7836,75.139,,
9/12/2018 9:15,14.784,75.312,,
9/12/2018 9:30,14.7866,75.484,,
9/12/2018 9:45,14.7849,75.659,,
9/12/2018 10:00,14.7879,76.006,,
9/12/2018 10:15,14.7885,76.181,,
9/12/2018 10:30,14.7933,76.354,,
9/12/2018 10:45,14.7985,76.703,,
9/12/2018 11:00,14.7972,77.05,,
9/12/2018 11:15,14.8004,77.4,,
9/12/2018 11:30,14.7917,77.4,,
9/12/2018 11:45,14.786,77.749,,
9/12/2018 12:00,14.7827,78.098,,
9/12/2018 12:15,14.7831,78.274,,
9/12/2018 12:30,14.7849,78.098,,
9/12/2018 12:45,14.7801,77.923,,
9/12/2018 13:00,14.7812,77.574,,
9/12/2018 13:15,14.7895,77.4,,
9/12/2018 13:30,14.8008,77.574,,
9/12/2018 13:45,14.7969,77.749,,
9/12/2018 14:00,14.7925,77.749,,
9/12/2018 14:15,14.8065,78.098,,
9/12/2018 14:30,14.8104,77.923,,
9/12/2018 14:45,14.806,77.923,,
9/12/2018 15:00,14.7979,78.098,,
9/12/2018 15:15,14.7914,78.098,,
9/12/2018 15:30,14.7849,78.098,,
9/12/2018 15:45,14.7801,77.923,,
9/12/2018 16:00,14.7769,77.574,,
9/12/2018 16:15,14.7747,77.574,,
9/12/2018 16:30,14.7731,77.749,,
9/12/2018 16:45,14.7747,77.574,,
9/12/2018 17:00,14.7699,77.4,,
9/12/2018 17:15,14.7695,77.225,,
9/12/2018 17:30,14.7738,77.225,,
9/12/2018 17:45,14.7734,77.05,,
9/12/2018 18:00,14.7751,76.876,,
9/12/2018 18:15,14.7795,76.876,,
9/12/2018 18:30,14.7789,76.703,,
9/12/2018 18:45,14.7789,76.703,,
9/12/2018 19:00,14.7763,76.528,,
9/12/2018 19:15,14.7763,76.528,,
9/12/2018 19:30,14.7828,76.528,,
9/12/2018 19:45,14.785,76.528,,
9/12/2018 20:00,14.7846,76.354,,
9/12/2018 20:15,14.7846,76.354,,
9/12/2018 20:30,14.7889,76.354,,
9/12/2018 20:45,14.7889,76.354,,
9/12/2018 21:00,14.7863,76.181,,
9/12/2018 21:15,14.7841,76.181,,
9/12/2018 21:30,14.7841,76.181,,
9/12/2018 21:45,14.7863,76.181,,
9/12/2018 22:00,14.7863,76.181,,
9/12/2018 22:15,14.7885,76.181,,
9/12/2018 22:30,14.7859,76.006,,
9/12/2018 22:45,14.7837,76.006,,
9/12/2018 23:00,14.7879,76.006,,
9/12/2018 23:15,14.7859,76.006,,
9/12/2018 23:30,14.7879,76.006,,
9/12/2018 23:45,14.7837,76.006,,
9/13/2018 0:00,14.7815,76.006,,
9/13/2018 0:15,14.7789,75.832,,
9/13/2018 0:30,14.7746,75.832,,
9/13/2018 0:45,14.7702,75.832,,
9/13/2018 1:00,14.7659,75.832,,
9/13/2018 1:15,14.768,75.832,,
9/13/2018 1:30,14.7659,75.832,,
9/13/2018 1:45,14.768,75.832,,
9/13/2018 2:00,14.7676,75.659,,
9/13/2018 2:15,14.7654,75.659,,
9/13/2018 2:30,14.7783,75.659,,
9/13/2018 2:45,14.8625,75.484,,
9/13/2018 3:00,14.9992,75.484,,
9/13/2018 3:15,15.168,75.312,,
9/13/2018 3:30,15.1649,74.964,,
9/13/2018 3:45,15.1862,74.791,,
9/13/2018 4:00,15.1357,74.619,,
9/13/2018 4:15,15.0598,74.619,,
9/13/2018 4:30,15.0008,74.446,,
9/13/2018 4:45,14.9725,74.446,,
9/13/2018 5:00,14.9487,74.446,,
9/13/2018 5:15,14.9313,74.446,,
9/13/2018 5:30,14.9226,74.446,,
9/13/2018 5:45,14.9205,74.446,,
9/13/2018 6:00,14.9139,74.446,,
9/13/2018 6:15,14.9074,74.446,,
9/13/2018 6:30,14.8989,74.446,,
9/13/2018 6:45,14.8945,74.446,,
9/13/2018 7:00,14.888,74.446,,
9/13/2018 7:15,14.8836,74.446,,
9/13/2018 7:30,14.8815,74.446,,
9/13/2018 7:45,14.8793,74.446,,
9/13/2018 8:00,14.8771,74.446,,
9/13/2018 8:15,14.8775,74.619,,
9/13/2018 8:30,14.8754,74.619,,
9/13/2018 8:45,14.8738,74.791,,
9/13/2018 9:00,14.8694,74.791,,
9/13/2018 9:15,14.872,74.964,,
9/13/2018 9:30,14.8677,74.964,,
9/13/2018 9:45,14.8638,75.139,,
9/13/2018 10:00,14.862,75.312,,
9/13/2018 10:15,14.8587,75.659,,
9/13/2018 10:30,14.8591,75.832,,
9/13/2018 10:45,14.8552,76.006,,
9/13/2018 11:00,14.8517,76.354,,
9/13/2018 11:15,14.8466,76.876,,
9/13/2018 11:30,14.8471,77.05,,
9/13/2018 11:45,14.844,76.703,,
9/13/2018 12:00,14.8358,76.876,,
9/13/2018 12:15,14.8384,77.05,,
9/13/2018 12:30,14.8314,76.876,,
9/13/2018 12:45,14.8276,77.05,,
9/13/2018 13:00,14.825,76.876,,
9/13/2018 13:15,14.8189,77.05,,
9/13/2018 13:30,14.8165,77.749,,
9/13/2018 13:45,14.8155,77.4,,
9/13/2018 14:00,14.8237,77.225,,
9/13/2018 14:15,14.8411,77.225,,
9/13/2018 14:30,14.8667,77.05,,
9/13/2018 14:45,14.9183,76.876,,
9/13/2018 15:00,14.9242,76.703,,
9/13/2018 15:15,14.907,76.703,,
9/13/2018 15:30,14.8874,76.703,,
9/13/2018 15:45,14.8722,76.703,,
9/13/2018 16:00,14.8636,76.703,,
9/13/2018 16:15,14.8553,76.876,,
9/13/2018 16:30,14.8506,76.703,,
9/13/2018 16:45,14.8462,76.703,,
9/13/2018 17:00,14.8414,76.528,,
9/13/2018 17:15,14.8371,76.528,,
9/13/2018 17:30,14.8349,76.528,,
9/13/2018 17:45,14.8323,76.354,,
9/13/2018 18:00,14.8366,76.354,,
9/13/2018 18:15,14.8345,76.354,,
9/13/2018 18:30,14.834,76.181,,
9/13/2018 18:45,14.8362,76.181,,
9/13/2018 19:00,14.8356,76.006,,
9/13/2018 19:15,14.8356,76.006,,
9/13/2018 19:30,14.8292,76.006,,
9/13/2018 19:45,14.8287,75.832,,
9/13/2018 20:00,14.8265,75.832,,
9/13/2018 20:15,14.8304,75.659,,
9/13/2018 20:30,14.8304,75.659,,
9/13/2018 20:45,14.8321,75.484,,
9/13/2018 21:00,14.83,75.484,,
9/13/2018 21:15,14.8278,75.484,,
9/13/2018 21:30,14.8278,75.484,,
9/13/2018 21:45,14.8317,75.312,,
9/13/2018 22:00,14.8295,75.312,,
9/13/2018 22:15,14.8252,75.312,,
9/13/2018 22:30,14.823,75.312,,
9/13/2018 22:45,14.8252,75.312,,
9/13/2018 23:00,14.8252,75.312,,
9/13/2018 23:15,14.8204,75.139,,
9/13/2018 23:30,14.8182,75.139,,
9/13/2018 23:45,14.8204,75.139,,
9/14/2018 0:00,14.8182,75.139,,
9/14/2018 0:15,14.816,75.139,,
9/14/2018 0:30,14.8117,75.139,,
9/14/2018 0:45,14.8095,75.139,,
9/14/2018 1:00,14.8036,75.312,,
9/14/2018 1:15,14.8014,75.312,,
9/14/2018 1:30,14.7992,75.312,,
9/14/2018 1:45,14.7949,75.312,,
9/14/2018 2:00,14.7905,75.312,,
9/14/2018 2:15,14.7905,75.312,,
9/14/2018 2:30,14.7883,75.312,,
9/14/2018 2:45,14.7883,75.312,,
9/14/2018 3:00,14.7862,75.312,,
9/14/2018 3:15,14.784,75.312,,
9/14/2018 3:30,14.7862,75.312,,
9/14/2018 3:45,14.7792,75.139,,
9/14/2018 4:00,14.7792,75.139,,
9/14/2018 4:15,14.7836,75.139,,
9/14/2018 4:30,14.7792,75.139,,
9/14/2018 4:45,14.7792,75.139,,
9/14/2018 5:00,14.7814,75.139,,
9/14/2018 5:15,14.7857,75.139,,
9/14/2018 5:30,14.7857,75.139,,
9/14/2018 5:45,14.7857,75.139,,
9/14/2018 6:00,14.7857,75.139,,
9/14/2018 6:15,14.7901,75.139,,
9/14/2018 6:30,14.7944,75.139,,
9/14/2018 6:45,14.7944,75.139,,
9/14/2018 7:00,14.7966,75.139,,
9/14/2018 7:15,14.7986,75.139,,
9/14/2018 7:30,14.803,75.139,,
9/14/2018 7:45,14.803,75.139,,
9/14/2018 8:00,14.8073,75.139,,
9/14/2018 8:15,14.8078,75.312,,
9/14/2018 8:30,14.8078,75.312,,
9/14/2018 8:45,14.8088,75.659,,
9/14/2018 9:00,14.8114,75.832,,
9/14/2018 9:15,14.8118,76.006,,
9/14/2018 9:30,14.8123,76.181,,
9/14/2018 9:45,14.8127,76.354,,
9/14/2018 10:00,14.8105,76.354,,
9/14/2018 10:15,14.811,76.528,,
9/14/2018 10:30,14.8115,76.703,,
9/14/2018 10:45,14.8055,76.876,,
9/14/2018 11:00,14.8011,76.876,,
9/14/2018 11:15,14.802,77.225,,
9/14/2018 11:30,14.796,77.4,,
9/14/2018 11:45,14.793,77.923,,
9/14/2018 12:00,14.7923,78.449,,
9/14/2018 12:15,14.7883,78.624,,
9/14/2018 12:30,14.7859,79.326,,
9/14/2018 12:45,14.7869,79.678,,
9/14/2018 13:00,14.7851,79.853,,
9/14/2018 13:15,14.7796,80.206,,
9/14/2018 13:30,14.7783,80.559,,
9/14/2018 13:45,14.7735,80.382,,
9/14/2018 14:00,14.7719,80.559,,
9/14/2018 14:15,14.7688,80.206,,
9/14/2018 14:30,14.767,80.382,,
9/14/2018 14:45,14.7688,80.206,,
9/14/2018 15:00,14.7688,80.206,,
9/14/2018 15:15,14.7666,80.206,,
9/14/2018 15:30,14.7673,79.678,,
9/14/2018 15:45,14.7638,79.151,,
9/14/2018 16:00,14.7617,79.151,,
9/14/2018 16:15,14.7676,78.975,,
9/14/2018 16:30,14.7672,78.8,,
9/14/2018 16:45,14.7663,78.449,,
9/14/2018 17:00,14.7701,78.274,,
9/14/2018 17:15,14.7718,78.098,,
9/14/2018 17:30,14.7757,77.923,,
9/14/2018 17:45,14.7796,77.749,,
9/14/2018 18:00,14.7796,77.749,,
9/14/2018 18:15,14.7812,77.574,,
9/14/2018 18:30,14.7812,77.574,,
9/14/2018 18:45,14.7851,77.4,,
9/14/2018 19:00,14.7895,77.4,,
9/14/2018 19:15,14.7891,77.225,,
9/14/2018 19:30,14.7912,77.225,,
9/14/2018 19:45,14.7934,77.225,,
9/14/2018 20:00,14.7956,77.225,,
9/14/2018 20:15,14.795,77.05,,
9/14/2018 20:30,14.7972,77.05,,
9/14/2018 20:45,14.7972,77.05,,
9/14/2018 21:00,14.7994,77.05,,
9/14/2018 21:15,14.8011,76.876,,
9/14/2018 21:30,14.8011,76.876,,
9/14/2018 21:45,14.7989,76.876,,
9/14/2018 22:00,14.7989,76.876,,
9/14/2018 22:15,14.7968,76.876,,
9/14/2018 22:30,14.7985,76.703,,
9/14/2018 22:45,14.7963,76.703,,
9/14/2018 23:00,14.7941,76.703,,
9/14/2018 23:15,14.7941,76.703,,
9/14/2018 23:30,14.7941,76.703,,
9/14/2018 23:45,14.792,76.703,,
9/15/2018 0:00,14.7915,76.528,,
9/15/2018 0:15,14.7894,76.528,,
9/15/2018 0:30,14.7872,76.528,,
9/15/2018 0:45,14.7872,76.528,,
9/15/2018 1:00,14.785,76.528,,
9/15/2018 1:15,14.7807,76.528,,
9/15/2018 1:30,14.778,76.354,,
9/15/2018 1:45,14.7737,76.354,,
9/15/2018 2:00,14.7715,76.354,,
9/15/2018 2:15,14.7693,76.354,,
9/15/2018 2:30,14.7672,76.354,,
9/15/2018 2:45,14.7646,76.181,,
9/15/2018 3:00,14.7667,76.181,,
9/15/2018 3:15,14.7667,76.181,,
9/15/2018 3:30,14.7711,76.181,,
9/15/2018 3:45,14.7689,76.181,,
9/15/2018 4:00,14.7667,76.181,,
9/15/2018 4:15,14.7667,76.181,,
9/15/2018 4:30,14.7641,76.006,,
9/15/2018 4:45,14.7641,76.006,,
9/15/2018 5:00,14.7663,76.006,,
9/15/2018 5:15,14.7685,76.006,,
9/15/2018 5:30,14.7728,76.006,,
9/15/2018 5:45,14.7728,76.006,,
9/15/2018 6:00,14.7702,75.832,,
9/15/2018 6:15,14.7746,75.832,,
9/15/2018 6:30,14.7767,75.832,,
9/15/2018 6:45,14.7767,75.832,,
9/15/2018 7:00,14.7789,75.832,,
9/15/2018 7:15,14.7789,75.832,,
9/15/2018 7:30,14.7831,75.832,,
9/15/2018 7:45,14.7859,76.006,,
9/15/2018 8:00,14.7879,76.006,,
9/15/2018 8:15,14.7907,76.181,,
9/15/2018 8:30,14.7928,76.181,,
9/15/2018 8:45,14.7954,76.354,,
9/15/2018 9:00,14.8002,76.528,,
9/15/2018 9:15,14.8007,76.703,,
9/15/2018 9:30,14.8028,76.703,,
9/15/2018 9:45,14.8011,76.876,,
9/15/2018 10:00,14.802,77.225,,
9/15/2018 10:15,14.8004,77.4,,
9/15/2018 10:30,14.8008,77.574,,
9/15/2018 10:45,14.8001,78.098,,
9/15/2018 11:00,14.7957,78.098,,
9/15/2018 11:15,14.793,77.923,,
9/15/2018 11:30,14.787,78.098,,
9/15/2018 11:45,14.7814,78.449,,
9/15/2018 12:00,14.7814,78.449,,
9/15/2018 12:15,14.777,78.449,,
9/15/2018 12:30,14.7741,78.975,,
9/15/2018 12:45,14.7763,78.975,,
9/15/2018 13:00,14.7763,78.975,,
9/15/2018 13:15,14.7789,79.151,,
9/15/2018 13:30,14.7741,78.975,,
9/15/2018 13:45,14.765,78.8,,
9/15/2018 14:00,14.7624,78.624,,
9/15/2018 14:15,14.7563,78.8,,
9/15/2018 14:30,14.7547,78.975,,
9/15/2018 14:45,14.7551,79.151,,
9/15/2018 15:00,14.7503,78.975,,
9/15/2018 15:15,14.7525,78.975,,
9/15/2018 15:30,14.7515,78.624,,
9/15/2018 15:45,14.7598,78.449,,
9/15/2018 16:00,14.7593,78.274,,
9/15/2018 16:15,14.7561,77.923,,
9/15/2018 16:30,14.7496,77.923,,
9/15/2018 16:45,14.7492,77.749,,
9/15/2018 17:00,14.7531,77.574,,
9/15/2018 17:15,14.7527,77.4,,
9/15/2018 17:30,14.7608,77.225,,
9/15/2018 17:45,14.7603,77.05,,
9/15/2018 18:00,14.7643,76.876,,
9/15/2018 18:15,14.7686,76.876,,
9/15/2018 18:30,14.7746,76.703,,
9/15/2018 18:45,14.7704,76.703,,
9/15/2018 19:00,14.7789,76.703,,
9/15/2018 19:15,14.785,76.528,,
9/15/2018 19:30,14.7807,76.528,,
9/15/2018 19:45,14.7828,76.528,,
9/15/2018 20:00,14.785,76.528,,
9/15/2018 20:15,14.7824,76.354,,
9/15/2018 20:30,14.7846,76.354,,
9/15/2018 20:45,14.7867,76.354,,
9/15/2018 21:00,14.7889,76.354,,
9/15/2018 21:15,14.7911,76.354,,
9/15/2018 21:30,14.797,76.181,,
9/15/2018 21:45,14.797,76.181,,
9/15/2018 22:00,14.797,76.181,,
9/15/2018 22:15,14.7928,76.181,,
9/15/2018 22:30,14.795,76.181,,
9/15/2018 22:45,14.7928,76.181,,
9/15/2018 23:00,14.795,76.181,,
9/15/2018 23:15,14.7944,76.006,,
9/15/2018 23:30,14.7923,76.006,,
9/15/2018 23:45,14.7923,76.006,,
9/16/2018 0:00,14.7901,76.006,,
9/16/2018 0:15,14.7923,76.006,,
9/16/2018 0:30,14.7901,76.006,,
9/16/2018 0:45,14.7879,76.006,,
9/16/2018 1:00,14.7837,76.006,,
9/16/2018 1:15,14.7793,76.006,,
9/16/2018 1:30,14.7789,75.832,,
9/16/2018 1:45,14.7746,75.832,,
9/16/2018 2:00,14.7702,75.832,,
9/16/2018 2:15,14.7724,75.832,,
9/16/2018 2:30,14.7702,75.832,,
9/16/2018 2:45,14.7702,75.832,,
9/16/2018 3:00,14.7702,75.832,,
9/16/2018 3:15,14.7654,75.659,,
9/16/2018 3:30,14.7676,75.659,,
9/16/2018 3:45,14.7654,75.659,,
9/16/2018 4:00,14.7632,75.659,,
9/16/2018 4:15,14.7632,75.659,,
9/16/2018 4:30,14.7654,75.659,,
9/16/2018 4:45,14.7654,75.659,,
9/16/2018 5:00,14.7654,75.659,,
9/16/2018 5:15,14.7676,75.659,,
9/16/2018 5:30,14.7698,75.659,,
9/16/2018 5:45,14.7719,75.659,,
9/16/2018 6:00,14.7719,75.659,,
9/16/2018 6:15,14.7741,75.659,,
9/16/2018 6:30,14.7741,75.659,,
9/16/2018 6:45,14.7762,75.659,,
9/16/2018 7:00,14.7805,75.659,,
9/16/2018 7:15,14.7805,75.659,,
9/16/2018 7:30,14.7892,75.659,,
9/16/2018 7:45,14.7875,75.832,,
9/16/2018 8:00,14.7875,75.832,,
9/16/2018 8:15,14.7859,76.006,,
9/16/2018 8:30,14.7907,76.181,,
9/16/2018 8:45,14.7928,76.181,,
9/16/2018 9:00,14.7933,76.354,,
9/16/2018 9:15,14.792,76.703,,
9/16/2018 9:30,14.7902,76.876,,
9/16/2018 9:45,14.7865,77.05,,
9/16/2018 10:00,14.7865,77.05,,
9/16/2018 10:15,14.7891,77.225,,
9/16/2018 10:30,14.7895,77.4,,
9/16/2018 10:45,14.7899,77.574,,
9/16/2018 11:00,14.7878,77.574,,
9/16/2018 11:15,14.7844,77.923,,
9/16/2018 11:30,14.7866,77.923,,
9/16/2018 11:45,14.7838,77.749,,
9/16/2018 12:00,14.7838,77.749,,
9/16/2018 12:15,14.7814,78.449,,
9/16/2018 12:30,14.7741,78.975,,
9/16/2018 12:45,14.7741,78.975,,
9/16/2018 13:00,14.7676,78.975,,
9/16/2018 13:15,14.7689,78.624,,
9/16/2018 13:30,14.765,78.8,,
9/16/2018 13:45,14.7667,78.624,,
9/16/2018 14:00,14.7599,79.326,,
9/16/2018 14:15,14.7586,79.678,,
9/16/2018 14:30,14.7592,79.853,,
9/16/2018 14:45,14.7586,79.678,,
9/16/2018 15:00,14.7582,79.502,,
9/16/2018 15:15,14.7529,79.151,,
9/16/2018 15:30,14.7624,78.624,,
9/16/2018 15:45,14.7606,78.8,,
9/16/2018 16:00,14.7598,78.449,,
9/16/2018 16:15,14.7635,78.274,,
9/16/2018 16:30,14.7609,78.098,,
9/16/2018 16:45,14.7605,77.923,,
9/16/2018 17:00,14.7622,77.749,,
9/16/2018 17:15,14.764,77.574,,
9/16/2018 17:30,14.7661,77.574,,
9/16/2018 17:45,14.7677,77.4,,
9/16/2018 18:00,14.7695,77.225,,
9/16/2018 18:15,14.7712,77.05,,
9/16/2018 18:30,14.7712,77.05,,
9/16/2018 18:45,14.773,76.876,,
9/16/2018 19:00,14.7751,76.876,,
9/16/2018 19:15,14.7751,76.876,,
9/16/2018 19:30,14.7767,76.703,,
9/16/2018 19:45,14.7811,76.703,,
9/16/2018 20:00,14.7833,76.703,,
9/16/2018 20:15,14.785,76.528,,
9/16/2018 20:30,14.7828,76.528,,
9/16/2018 20:45,14.7828,76.528,,
9/16/2018 21:00,14.785,76.528,,
9/16/2018 21:15,14.7828,76.528,,
9/16/2018 21:30,14.7828,76.528,,
9/16/2018 21:45,14.785,76.528,,
9/16/2018 22:00,14.785,76.528,,
9/16/2018 22:15,14.7824,76.354,,
9/16/2018 22:30,14.778,76.354,,
9/16/2018 22:45,14.7824,76.354,,
9/16/2018 23:00,14.7802,76.354,,
9/16/2018 23:15,14.778,76.354,,
9/16/2018 23:30,14.778,76.354,,
9/16/2018 23:45,14.7737,76.354,,
9/17/2018 0:00,14.7715,76.354,,
9/17/2018 0:15,14.7711,76.181,,
9/17/2018 0:30,14.7693,76.354,,
9/17/2018 0:45,14.7667,76.181,,
9/17/2018 1:00,14.7667,76.181,,
9/17/2018 1:15,14.7667,76.181,,
9/17/2018 1:30,14.7646,76.181,,
9/17/2018 1:45,14.7646,76.181,,
9/17/2018 2:00,14.7624,76.181,,
9/17/2018 2:15,14.7602,76.181,,
9/17/2018 2:30,14.7624,76.181,,
9/17/2018 2:45,14.7602,76.181,,
9/17/2018 3:00,14.7576,76.006,,
9/17/2018 3:15,14.7576,76.006,,
9/17/2018 3:30,14.7532,76.006,,
9/17/2018 3:45,14.7576,76.006,,
9/17/2018 4:00,14.7576,76.006,,
9/17/2018 4:15,14.7554,76.006,,
9/17/2018 4:30,14.7532,76.006,,
9/17/2018 4:45,14.7532,76.006,,
9/17/2018 5:00,14.7554,76.006,,
9/17/2018 5:15,14.755,75.832,,
9/17/2018 5:30,14.7572,75.832,,
9/17/2018 5:45,14.7572,75.832,,
9/17/2018 6:00,14.7572,75.832,,
9/17/2018 6:15,14.7615,75.832,,
9/17/2018 6:30,14.7637,75.832,,
9/17/2018 6:45,14.7615,75.832,,
9/17/2018 7:00,14.768,75.832,,
9/17/2018 7:15,14.7724,75.832,,
9/17/2018 7:30,14.7793,76.006,,
9/17/2018 7:45,14.7772,76.006,,
9/17/2018 8:00,14.775,76.006,,
9/17/2018 8:15,14.7793,76.006,,
9/17/2018 8:30,14.7776,76.181,,
9/17/2018 8:45,14.7863,76.181,,
9/17/2018 9:00,14.7846,76.354,,
9/17/2018 9:15,14.7872,76.528,,
9/17/2018 9:30,14.7894,76.528,,
9/17/2018 9:45,14.7876,76.703,,
9/17/2018 10:00,14.7876,76.703,,
9/17/2018 10:15,14.7837,76.876,,
9/17/2018 10:30,14.7821,77.05,,
9/17/2018 10:45,14.7782,77.225,,
9/17/2018 11:00,14.7808,77.4,,
9/17/2018 11:15,14.7808,77.4,,
9/17/2018 11:30,14.7812,77.574,,
9/17/2018 11:45,14.7878,77.574,,
9/17/2018 12:00,14.7747,77.574,,
9/17/2018 12:15,14.7714,77.923,,
9/17/2018 12:30,14.7718,78.098,,
9/17/2018 12:45,14.7753,77.749,,
9/17/2018 13:00,14.7704,77.574,,
9/17/2018 13:15,14.7692,77.923,,
9/17/2018 13:30,14.7675,78.098,,
9/17/2018 13:45,14.7631,78.098,,
9/17/2018 14:00,14.7609,78.098,,
9/17/2018 14:15,14.7566,78.098,,
9/17/2018 14:30,14.7561,77.923,,
9/17/2018 14:45,14.754,77.923,,
9/17/2018 15:00,14.7557,77.749,,
9/17/2018 15:15,14.7579,77.749,,
9/17/2018 15:30,14.7557,77.749,,
9/17/2018 15:45,14.7553,77.574,,
9/17/2018 16:00,14.7553,77.574,,
9/17/2018 16:15,14.7548,77.4,,
9/17/2018 16:30,14.7548,77.4,,
9/17/2018 16:45,14.7548,77.4,,
9/17/2018 17:00,14.7564,77.225,,
9/17/2018 17:15,14.7625,77.05,,
9/17/2018 17:30,14.7582,77.05,,
9/17/2018 17:45,14.7599,76.876,,
9/17/2018 18:00,14.7599,76.876,,
9/17/2018 18:15,14.7595,76.703,,
9/17/2018 18:30,14.7595,76.703,,
9/17/2018 18:45,14.7595,76.703,,
9/17/2018 19:00,14.7634,76.528,,
9/17/2018 19:15,14.7785,76.528,,
9/17/2018 19:30,14.7959,76.528,,
9/17/2018 19:45,14.8458,76.528,,
9/17/2018 20:00,14.8479,76.528,,
9/17/2018 20:15,14.9707,76.181,,
9/17/2018 20:30,14.9398,76.006,,
9/17/2018 20:45,14.9138,76.006,,
9/17/2018 21:00,14.8942,76.006,,
9/17/2018 21:15,14.8704,76.006,,
9/17/2018 21:30,14.853,76.006,,
9/17/2018 21:45,14.8487,76.006,,
9/17/2018 22:00,14.8421,76.006,,
9/17/2018 22:15,14.8334,76.006,,
9/17/2018 22:30,14.8334,76.006,,
9/17/2018 22:45,14.8271,76.006,,
9/17/2018 23:00,14.8249,76.006,,
9/17/2018 23:15,14.8249,76.006,,
9/17/2018 23:30,14.8245,75.832,,
9/17/2018 23:45,14.8223,75.832,,
9/18/2018 0:00,14.8157,75.832,,
9/18/2018 0:15,14.8114,75.832,,
9/18/2018 0:30,14.8092,75.832,,
9/18/2018 0:45,14.8092,75.832,,
9/18/2018 1:00,14.807,75.832,,
9/18/2018 1:15,14.8027,75.832,,
9/18/2018 1:30,14.7962,75.832,,
9/18/2018 1:45,14.7918,75.832,,
9/18/2018 2:00,14.7875,75.832,,
9/18/2018 2:15,14.7809,75.832,,
9/18/2018 2:30,14.7767,75.832,,
9/18/2018 2:45,14.7746,75.832,,
9/18/2018 3:00,14.7724,75.832,,
9/18/2018 3:15,14.7702,75.832,,
9/18/2018 3:30,14.7659,75.832,,
9/18/2018 3:45,14.7659,75.832,,
9/18/2018 4:00,14.7702,75.832,,
9/18/2018 4:15,14.7702,75.832,,
9/18/2018 4:30,14.7724,75.832,,
9/18/2018 4:45,14.7767,75.832,,
9/18/2018 5:00,14.7853,75.832,,
9/18/2018 5:15,14.794,75.832,,
9/18/2018 5:30,14.8245,75.832,,
9/18/2018 5:45,14.8287,75.832,,
9/18/2018 6:00,14.826,75.659,,
9/18/2018 6:15,14.8239,75.659,,
9/18/2018 6:30,14.8195,75.659,,
9/18/2018 6:45,14.8153,75.659,,
9/18/2018 7:00,14.8153,75.659,,
9/18/2018 7:15,14.8153,75.659,,
9/18/2018 7:30,14.8131,75.659,,
9/18/2018 7:45,14.8136,75.832,,
9/18/2018 8:00,14.8157,75.832,,
9/18/2018 8:15,14.8179,75.832,,
9/18/2018 8:30,14.8179,75.832,,
9/18/2018 8:45,14.8157,75.832,,
9/18/2018 9:00,14.8162,76.006,,
9/18/2018 9:15,14.8166,76.181,,
9/18/2018 9:30,14.8149,76.354,,
9/18/2018 9:45,14.8089,76.528,,
9/18/2018 10:00,14.811,76.528,,
9/18/2018 10:15,14.8115,76.703,,
9/18/2018 10:30,14.8076,76.876,,
9/18/2018 10:45,14.812,76.876,,
9/18/2018 11:00,14.8137,76.703,,
9/18/2018 11:15,14.8379,76.876,,
9/18/2018 11:30,14.8662,76.876,,
9/18/2018 11:45,14.8944,76.876,,
9/18/2018 12:00,14.9113,76.703,,
9/18/2018 12:15,14.89,76.876,,
9/18/2018 12:30,14.8684,76.876,,
9/18/2018 12:45,14.8493,77.05,,
9/18/2018 13:00,14.8372,77.4,,
9/18/2018 13:15,14.8289,77.574,,
9/18/2018 13:30,14.816,77.574,,
9/18/2018 13:45,14.8111,77.4,,
9/18/2018 14:00,14.8089,77.4,,
9/18/2018 14:15,14.8047,77.4,,
9/18/2018 14:30,14.8004,77.4,,
9/18/2018 14:45,14.796,77.4,,
9/18/2018 15:00,14.7938,77.4,,
9/18/2018 15:15,14.7856,77.574,,
9/18/2018 15:30,14.7917,77.4,,
9/18/2018 15:45,14.796,77.4,,
9/18/2018 16:00,14.796,77.4,,
9/18/2018 16:15,14.7956,77.225,,
9/18/2018 16:30,14.7934,77.225,,
9/18/2018 16:45,14.7928,77.05,,
9/18/2018 17:00,14.7928,77.05,,
9/18/2018 17:15,14.7907,77.05,,
9/18/2018 17:30,14.7907,77.05,,
9/18/2018 17:45,14.7928,77.05,,
9/18/2018 18:00,14.7924,76.876,,
9/18/2018 18:15,14.788,76.876,,
9/18/2018 18:30,14.7902,76.876,,
9/18/2018 18:45,14.7968,76.876,,
9/18/2018 19:00,14.7968,76.876,,
9/18/2018 19:15,14.8007,76.703,,
9/18/2018 19:30,14.7985,76.703,,
9/18/2018 19:45,14.7985,76.703,,
9/18/2018 20:00,14.7985,76.703,,
9/18/2018 20:15,14.8028,76.703,,
9/18/2018 20:30,14.8072,76.703,,
9/18/2018 20:45,14.8068,76.528,,
9/18/2018 21:00,14.8046,76.528,,
9/18/2018 21:15,14.8089,76.528,,
9/18/2018 21:30,14.8089,76.528,,
9/18/2018 21:45,14.8131,76.528,,
9/18/2018 22:00,14.8175,76.528,,
9/18/2018 22:15,14.8197,76.528,,
9/18/2018 22:30,14.8284,76.528,,
9/18/2018 22:45,14.8501,76.528,,
9/18/2018 23:00,15.0123,76.354,,
9/18/2018 23:15,14.9928,76.354,,
9/18/2018 23:30,14.9859,76.181,,
9/18/2018 23:45,15.0358,76.181,,
9/19/2018 0:00,15.0092,76.006,,
9/19/2018 0:15,15.0092,76.006,,
9/19/2018 0:30,15.0027,76.006,,
9/19/2018 0:45,15.0656,76.006,,
9/19/2018 1:00,15.0744,76.006,,
9/19/2018 1:15,15.0262,75.832,,
9/19/2018 1:30,14.9892,75.832,,
9/19/2018 1:45,14.9633,75.832,,
9/19/2018 2:00,14.9437,75.832,,
9/19/2018 2:15,14.9263,75.832,,
9/19/2018 2:30,14.9155,75.832,,
9/19/2018 2:45,14.909,75.832,,
9/19/2018 3:00,14.9068,75.832,,
9/19/2018 3:15,14.9025,75.832,,
9/19/2018 3:30,14.9068,75.832,,
9/19/2018 3:45,14.909,75.832,,
9/19/2018 4:00,14.9047,75.832,,
9/19/2018 4:15,14.9064,75.659,,
9/19/2018 4:30,14.9086,75.659,,
9/19/2018 4:45,14.9258,75.659,,
9/19/2018 5:00,14.967,75.659,,
9/19/2018 5:15,14.9606,75.659,,
9/19/2018 5:30,14.945,75.484,,
9/19/2018 5:45,14.9363,75.484,,
9/19/2018 6:00,14.9254,75.484,,
9/19/2018 6:15,14.9297,75.484,,
9/19/2018 6:30,14.9232,75.484,,
9/19/2018 6:45,14.9189,75.484,,
9/19/2018 7:00,14.9167,75.484,,
9/19/2018 7:15,14.9167,75.484,,
9/19/2018 7:30,14.9102,75.484,,
9/19/2018 7:45,14.9102,75.484,,
9/19/2018 8:00,14.9016,75.484,,
9/19/2018 8:15,14.9016,75.484,,
9/19/2018 8:30,14.8973,75.484,,
9/19/2018 8:45,14.8951,75.484,,
9/19/2018 9:00,14.8951,75.484,,
9/19/2018 9:15,14.8973,75.484,,
9/19/2018 9:30,14.8951,75.484,,
9/19/2018 9:45,14.8973,75.484,,
9/19/2018 10:00,14.8951,75.484,,
9/19/2018 10:15,14.8929,75.484,,
9/19/2018 10:30,14.889,75.659,,
9/19/2018 10:45,14.8846,75.659,,
9/19/2018 11:00,14.8825,75.659,,
9/19/2018 11:15,14.8764,75.832,,
9/19/2018 11:30,14.8635,75.832,,
9/19/2018 11:45,14.853,76.006,,
9/19/2018 12:00,14.8508,76.006,,
9/19/2018 12:15,14.8421,76.006,,
9/19/2018 12:30,14.84,76.006,,
9/19/2018 12:45,14.8318,76.181,,
9/19/2018 13:00,14.8323,76.354,,
9/19/2018 13:15,14.824,76.528,,
9/19/2018 13:30,14.8175,76.528,,
9/19/2018 13:45,14.8137,76.703,,
9/19/2018 14:00,14.8076,76.876,,
9/19/2018 14:15,14.8072,76.703,,
9/19/2018 14:30,14.8055,76.876,,
9/19/2018 14:45,14.8015,77.05,,
9/19/2018 15:00,14.7989,76.876,,
9/19/2018 15:15,14.7994,77.05,,
9/19/2018 15:30,14.8037,77.05,,
9/19/2018 15:45,14.8055,76.876,,
9/19/2018 16:00,14.8055,76.876,,
9/19/2018 16:15,14.8081,77.05,,
9/19/2018 16:30,14.8076,76.876,,
9/19/2018 16:45,14.8055,76.876,,
9/19/2018 17:00,14.8163,76.876,,
9/19/2018 17:15,14.8185,76.876,,
9/19/2018 17:30,14.8163,76.876,,
9/19/2018 17:45,14.8163,76.876,,
9/19/2018 18:00,14.8185,76.876,,
9/19/2018 18:15,14.8181,76.703,,
9/19/2018 18:30,14.8201,76.703,,
9/19/2018 18:45,14.8201,76.703,,
9/19/2018 19:00,14.8266,76.703,,
9/19/2018 19:15,14.8288,76.703,,
9/19/2018 19:30,14.8262,76.528,,
9/19/2018 19:45,14.8284,76.528,,
9/19/2018 20:00,14.8284,76.528,,
9/19/2018 20:15,14.8327,76.528,,
9/19/2018 20:30,14.8305,76.528,,
9/19/2018 20:45,14.8305,76.528,,
9/19/2018 21:00,14.8279,76.354,,
9/19/2018 21:15,14.8301,76.354,,
9/19/2018 21:30,14.8279,76.354,,
9/19/2018 21:45,14.8279,76.354,,
9/19/2018 22:00,14.8279,76.354,,
9/19/2018 22:15,14.8301,76.354,,
9/19/2018 22:30,14.8279,76.354,,
9/19/2018 22:45,14.8236,76.354,,
9/19/2018 23:00,14.8258,76.354,,
9/19/2018 23:15,14.8258,76.354,,
9/19/2018 23:30,14.8236,76.354,,
9/19/2018 23:45,14.8214,76.354,,
9/20/2018 0:00,14.8236,76.354,,
9/20/2018 0:15,14.8214,76.354,,
9/20/2018 0:30,14.8171,76.354,,
9/20/2018 0:45,14.8192,76.354,,
9/20/2018 1:00,14.8149,76.354,,
9/20/2018 1:15,14.8105,76.354,,
9/20/2018 1:30,14.804,76.354,,
9/20/2018 1:45,14.8036,76.181,,
9/20/2018 2:00,14.802,76.354,,
9/20/2018 2:15,14.804,76.354,,
9/20/2018 2:30,14.8062,76.354,,
9/20/2018 2:45,14.8062,76.354,,
9/20/2018 3:00,14.8062,76.354,,
9/20/2018 3:15,14.8062,76.354,,
9/20/2018 3:30,14.804,76.354,,
9/20/2018 3:45,14.804,76.354,,
9/20/2018 4:00,14.8084,76.354,,
9/20/2018 4:15,14.8105,76.354,,
9/20/2018 4:30,14.8105,76.354,,
9/20/2018 4:45,14.8127,76.354,,
9/20/2018 5:00,14.8318,76.181,,
9/20/2018 5:15,14.8678,75.832,,
9/20/2018 5:30,14.9155,75.832,,
9/20/2018 5:45,14.9606,75.659,,
9/20/2018 6:00,15.0777,75.659,,
9/20/2018 6:15,15.0535,75.484,,
9/20/2018 6:30,14.9901,75.312,,
9/20/2018 6:45,14.9483,75.139,,
9/20/2018 7:00,14.9202,75.139,,
9/20/2018 7:15,14.9115,75.139,,
9/20/2018 7:30,14.8962,75.139,,
9/20/2018 7:45,14.8897,75.139,,
9/20/2018 8:00,14.8833,75.139,,
9/20/2018 8:15,14.8816,75.312,,
9/20/2018 8:30,14.8794,75.312,,
9/20/2018 8:45,14.8751,75.312,,
9/20/2018 9:00,14.8733,75.484,,
9/20/2018 9:15,14.8694,75.659,,
9/20/2018 9:30,14.8678,75.832,,
9/20/2018 9:45,14.8683,76.006,,
9/20/2018 10:00,14.8709,76.181,,
9/20/2018 10:15,14.8648,76.354,,
9/20/2018 10:30,14.8652,76.528,,
9/20/2018 10:45,14.8593,76.703,,
9/20/2018 11:00,14.8553,76.876,,
9/20/2018 11:15,14.8536,77.05,,
9/20/2018 11:30,14.8514,77.05,,
9/20/2018 11:45,14.8455,77.225,,
9/20/2018 12:00,14.8437,77.4,,
9/20/2018 12:15,14.8381,77.749,,
9/20/2018 12:30,14.8337,77.749,,
9/20/2018 12:45,14.8278,77.923,,
9/20/2018 13:00,14.8265,78.274,,
9/20/2018 13:15,14.8184,78.449,,
9/20/2018 13:30,14.8162,78.449,,
9/20/2018 13:45,14.8075,78.449,,
9/20/2018 14:00,14.8057,78.624,,
9/20/2018 14:15,14.8031,78.449,,
9/20/2018 14:30,14.797,78.624,,
9/20/2018 14:45,14.7944,78.449,,
9/20/2018 15:00,14.794,78.274,,
9/20/2018 15:15,14.7875,78.274,,
9/20/2018 15:30,14.7853,78.274,,
9/20/2018 15:45,14.787,78.098,,
9/20/2018 16:00,14.7849,78.098,,
9/20/2018 16:15,14.7866,77.923,,
9/20/2018 16:30,14.786,77.749,,
9/20/2018 16:45,14.786,77.749,,
9/20/2018 17:00,14.7899,77.574,,
9/20/2018 17:15,14.7921,77.574,,
9/20/2018 17:30,14.796,77.4,,
9/20/2018 17:45,14.7982,77.4,,
9/20/2018 18:00,14.8026,77.4,,
9/20/2018 18:15,14.8041,77.225,,
9/20/2018 18:30,14.8085,77.225,,
9/20/2018 18:45,14.8081,77.05,,
9/20/2018 19:00,14.8102,77.05,,
9/20/2018 19:15,14.8124,77.05,,
9/20/2018 19:30,14.8163,76.876,,
9/20/2018 19:45,14.8185,76.876,,
9/20/2018 20:00,14.8207,76.876,,
9/20/2018 20:15,14.825,76.876,,
9/20/2018 20:30,14.8223,76.703,,
9/20/2018 20:45,14.8223,76.703,,
9/20/2018 21:00,14.8288,76.703,,
9/20/2018 21:15,14.8262,76.528,,
9/20/2018 21:30,14.8284,76.528,,
9/20/2018 21:45,14.8262,76.528,,
9/20/2018 22:00,14.8305,76.528,,
9/20/2018 22:15,14.8279,76.354,,
9/20/2018 22:30,14.8258,76.354,,
9/20/2018 22:45,14.8258,76.354,,
9/20/2018 23:00,14.8258,76.354,,
9/20/2018 23:15,14.8231,76.181,,
9/20/2018 23:30,14.8231,76.181,,
9/20/2018 23:45,14.8231,76.181,,
9/21/2018 0:00,14.8205,76.006,,
9/21/2018 0:15,14.8184,76.006,,
9/21/2018 0:30,14.814,76.006,,
9/21/2018 0:45,14.8162,76.006,,
9/21/2018 1:00,14.8136,75.832,,
9/21/2018 1:15,14.8114,75.832,,
9/21/2018 1:30,14.8114,75.832,,
9/21/2018 1:45,14.8092,75.832,,
9/21/2018 2:00,14.8066,75.659,,
9/21/2018 2:15,14.8044,75.659,,
9/21/2018 2:30,14.8023,75.659,,
9/21/2018 2:45,14.7997,75.484,,
9/21/2018 3:00,14.7997,75.484,,
9/21/2018 3:15,14.8018,75.484,,
9/21/2018 3:30,14.8018,75.484,,
9/21/2018 3:45,14.8014,75.312,,
9/21/2018 4:00,14.8014,75.312,,
9/21/2018 4:15,14.7992,75.312,,
9/21/2018 4:30,14.8014,75.312,,
9/21/2018 4:45,14.8056,75.312,,
9/21/2018 5:00,14.8036,75.312,,
9/21/2018 5:15,14.8073,75.139,,
9/21/2018 5:30,14.8117,75.139,,
9/21/2018 5:45,14.8139,75.139,,
9/21/2018 6:00,14.8139,75.139,,
9/21/2018 6:15,14.8182,75.139,,
9/21/2018 6:30,14.8182,75.139,,
9/21/2018 6:45,14.8204,75.139,,
9/21/2018 7:00,14.8226,75.139,,
9/21/2018 7:15,14.8269,75.139,,
9/21/2018 7:30,14.8291,75.139,,
9/21/2018 7:45,14.8313,75.139,,
9/21/2018 8:00,14.8334,75.139,,
9/21/2018 8:15,14.8317,75.312,,
9/21/2018 8:30,14.8361,75.312,,
9/21/2018 8:45,14.8365,75.484,,
9/21/2018 9:00,14.8369,75.659,,
9/21/2018 9:15,14.8369,75.659,,
9/21/2018 9:30,14.8347,75.659,,
9/21/2018 9:45,14.8352,75.832,,
9/21/2018 10:00,14.8334,76.006,,
9/21/2018 10:15,14.8345,76.354,,
9/21/2018 10:30,14.8327,76.528,,
9/21/2018 10:45,14.8305,76.528,,
9/21/2018 11:00,14.8266,76.703,,
9/21/2018 11:15,14.8229,76.876,,
9/21/2018 11:30,14.8233,77.05,,
9/21/2018 11:45,14.8168,77.05,,
9/21/2018 12:00,14.8139,77.574,,
9/21/2018 12:15,14.8086,78.098,,
9/21/2018 12:30,14.8049,78.274,,
9/21/2018 12:45,14.8046,78.975,,
9/21/2018 13:00,14.7981,78.975,,
9/21/2018 13:15,14.797,78.624,,
9/21/2018 13:30,14.7959,78.975,,
9/21/2018 13:45,14.792,79.151,,
9/21/2018 14:00,14.7902,79.326,,
9/21/2018 14:15,14.7867,78.8,,
9/21/2018 14:30,14.7846,78.8,,
9/21/2018 14:45,14.784,78.624,,
9/21/2018 15:00,14.7814,78.449,,
9/21/2018 15:15,14.7814,78.449,,
9/21/2018 15:30,14.7831,78.274,,
9/21/2018 15:45,14.7831,78.274,,
9/21/2018 16:00,14.7827,78.098,,
9/21/2018 16:15,14.7831,78.274,,
9/21/2018 16:30,14.7853,78.274,,
9/21/2018 16:45,14.7844,77.923,,
9/21/2018 17:00,14.786,77.749,,
9/21/2018 17:15,14.786,77.749,,
9/21/2018 17:30,14.7882,77.749,,
9/21/2018 17:45,14.7921,77.574,,
9/21/2018 18:00,14.7921,77.574,,
9/21/2018 18:15,14.7938,77.4,,
9/21/2018 18:30,14.796,77.4,,
9/21/2018 18:45,14.7982,77.4,,
9/21/2018 19:00,14.802,77.225,,
9/21/2018 19:15,14.8041,77.225,,
9/21/2018 19:30,14.8063,77.225,,
9/21/2018 19:45,14.8081,77.05,,
9/21/2018 20:00,14.8102,77.05,,
9/21/2018 20:15,14.8124,77.05,,
9/21/2018 20:30,14.8098,76.876,,
9/21/2018 20:45,14.8142,76.876,,
9/21/2018 21:00,14.8163,76.876,,
9/21/2018 21:15,14.8185,76.876,,
9/21/2018 21:30,14.8185,76.876,,
9/21/2018 21:45,14.8181,76.703,,
9/21/2018 22:00,14.8201,76.703,,
9/21/2018 22:15,14.8181,76.703,,
9/21/2018 22:30,14.8181,76.703,,
9/21/2018 22:45,14.8153,76.528,,
9/21/2018 23:00,14.8153,76.528,,
9/21/2018 23:15,14.8153,76.528,,
9/21/2018 23:30,14.8127,76.354,,
9/21/2018 23:45,14.8127,76.354,,
9/22/2018 0:00,14.8149,76.354,,
9/22/2018 0:15,14.8101,76.181,,
9/22/2018 0:30,14.8079,76.181,,
9/22/2018 0:45,14.8079,76.181,,
9/22/2018 1:00,14.8031,76.006,,
9/22/2018 1:15,14.7988,76.006,,
9/22/2018 1:30,14.801,76.006,,
9/22/2018 1:45,14.7983,75.832,,
9/22/2018 2:00,14.7918,75.832,,
9/22/2018 2:15,14.7896,75.832,,
9/22/2018 2:30,14.7892,75.659,,
9/22/2018 2:45,14.787,75.659,,
9/22/2018 3:00,14.787,75.659,,
9/22/2018 3:15,14.7844,75.484,,
9/22/2018 3:30,14.7866,75.484,,
9/22/2018 3:45,14.7844,75.484,,
9/22/2018 4:00,14.784,75.312,,
9/22/2018 4:15,14.7862,75.312,,
9/22/2018 4:30,14.7883,75.312,,
9/22/2018 4:45,14.7883,75.312,,
9/22/2018 5:00,14.7862,75.312,,
9/22/2018 5:15,14.7927,75.312,,
9/22/2018 5:30,14.7927,75.312,,
9/22/2018 5:45,14.7923,75.139,,
9/22/2018 6:00,14.7944,75.139,,
9/22/2018 6:15,14.7986,75.139,,
9/22/2018 6:30,14.803,75.139,,
9/22/2018 6:45,14.8073,75.139,,
9/22/2018 7:00,14.8095,75.139,,
9/22/2018 7:15,14.8139,75.139,,
9/22/2018 7:30,14.816,75.139,,
9/22/2018 7:45,14.8204,75.139,,
9/22/2018 8:00,14.8208,75.312,,
9/22/2018 8:15,14.8208,75.312,,
9/22/2018 8:30,14.8256,75.484,,
9/22/2018 8:45,14.8217,75.659,,
9/22/2018 9:00,14.8245,75.832,,
9/22/2018 9:15,14.8249,76.006,,
9/22/2018 9:30,14.8231,76.181,,
9/22/2018 9:45,14.8218,76.528,,
9/22/2018 10:00,14.8223,76.703,,
9/22/2018 10:15,14.8211,77.05,,
9/22/2018 10:30,14.822,77.4,,
9/22/2018 10:45,14.8202,77.574,,
9/22/2018 11:00,14.8187,77.749,,
9/22/2018 11:15,14.8152,78.098,,
9/22/2018 11:30,14.8118,78.449,,
9/22/2018 11:45,14.8057,78.624,,
9/22/2018 12:00,14.8062,78.8,,
9/22/2018 12:15,14.8024,78.975,,
9/22/2018 12:30,14.7981,78.975,,
9/22/2018 12:45,14.7941,79.151,,
9/22/2018 13:00,14.7972,79.502,,
9/22/2018 13:15,14.7934,79.678,,
9/22/2018 13:30,14.7912,79.678,,
9/22/2018 13:45,14.7891,79.678,,
9/22/2018 14:00,14.7886,79.502,,
9/22/2018 14:15,14.7854,79.151,,
9/22/2018 14:30,14.7828,78.975,,
9/22/2018 14:45,14.7802,78.8,,
9/22/2018 15:00,14.7798,78.624,,
9/22/2018 15:15,14.7788,78.274,,
9/22/2018 15:30,14.7788,78.274,,
9/22/2018 15:45,14.7766,78.274,,
9/22/2018 16:00,14.7792,78.449,,
9/22/2018 16:15,14.7766,78.274,,
9/22/2018 16:30,14.7783,78.098,,
9/22/2018 16:45,14.7801,77.923,,
9/22/2018 17:00,14.7796,77.749,,
9/22/2018 17:15,14.7791,77.574,,
9/22/2018 17:30,14.7812,77.574,,
9/22/2018 17:45,14.7808,77.4,,
9/22/2018 18:00,14.783,77.4,,
9/22/2018 18:15,14.7873,77.4,,
9/22/2018 18:30,14.7891,77.225,,
9/22/2018 18:45,14.7912,77.225,,
9/22/2018 19:00,14.7956,77.225,,
9/22/2018 19:15,14.7972,77.05,,
9/22/2018 19:30,14.7994,77.05,,
9/22/2018 19:45,14.7994,77.05,,
9/22/2018 20:00,14.8059,77.05,,
9/22/2018 20:15,14.8076,76.876,,
9/22/2018 20:30,14.8098,76.876,,
9/22/2018 20:45,14.8098,76.876,,
9/22/2018 21:00,14.8115,76.703,,
9/22/2018 21:15,14.8137,76.703,,
9/22/2018 21:30,14.8137,76.703,,
9/22/2018 21:45,14.8181,76.703,,
9/22/2018 22:00,14.8175,76.528,,
9/22/2018 22:15,14.8197,76.528,,
9/22/2018 22:30,14.8175,76.528,,
9/22/2018 22:45,14.8197,76.528,,
9/22/2018 23:00,14.8171,76.354,,
9/22/2018 23:15,14.8192,76.354,,
9/22/2018 23:30,14.8192,76.354,,
9/22/2018 23:45,14.8149,76.354,,
9/23/2018 0:00,14.8149,76.354,,
9/23/2018 0:15,14.8101,76.181,,
9/23/2018 0:30,14.8079,76.181,,
9/23/2018 0:45,14.8057,76.181,,
9/23/2018 1:00,14.8036,76.181,,
9/23/2018 1:15,14.7992,76.181,,
9/23/2018 1:30,14.7944,76.006,,
9/23/2018 1:45,14.7923,76.006,,
9/23/2018 2:00,14.7901,76.006,,
9/23/2018 2:15,14.7879,76.006,,
9/23/2018 2:30,14.7859,76.006,,
9/23/2018 2:45,14.7853,75.832,,
9/23/2018 3:00,14.7831,75.832,,
9/23/2018 3:15,14.7809,75.832,,
9/23/2018 3:30,14.7809,75.832,,
9/23/2018 3:45,14.7827,75.659,,
9/23/2018 4:00,14.7827,75.659,,
9/23/2018 4:15,14.7849,75.659,,
9/23/2018 4:30,14.7849,75.659,,
9/23/2018 4:45,14.7844,75.484,,
9/23/2018 5:00,14.7844,75.484,,
9/23/2018 5:15,14.7888,75.484,,
9/23/2018 5:30,14.7888,75.484,,
9/23/2018 5:45,14.7905,75.312,,
9/23/2018 6:00,14.7927,75.312,,
9/23/2018 6:15,14.797,75.312,,
9/23/2018 6:30,14.797,75.312,,
9/23/2018 6:45,14.8014,75.312,,
9/23/2018 7:00,14.8036,75.312,,
9/23/2018 7:15,14.8056,75.312,,
9/23/2018 7:30,14.8056,75.312,,
9/23/2018 7:45,14.8078,75.312,,
9/23/2018 8:00,14.8121,75.312,,
9/23/2018 8:15,14.8105,75.484,,
9/23/2018 8:30,14.8131,75.659,,
9/23/2018 8:45,14.8114,75.832,,
9/23/2018 9:00,14.814,76.006,,
9/23/2018 9:15,14.8101,76.181,,
9/23/2018 9:30,14.8084,76.354,,
9/23/2018 9:45,14.8115,76.703,,
9/23/2018 10:00,14.8098,76.876,,
9/23/2018 10:15,14.8107,77.225,,
9/23/2018 10:30,14.8095,77.574,,
9/23/2018 10:45,14.8078,77.749,,
9/23/2018 11:00,14.8082,77.923,,
9/23/2018 11:15,14.8043,78.098,,
9/23/2018 11:30,14.8057,78.624,,
9/23/2018 11:45,14.8024,78.975,,
9/23/2018 12:00,14.7985,79.151,,
9/23/2018 12:15,14.7981,78.975,,
9/23/2018 12:30,14.7941,79.151,,
9/23/2018 12:45,14.793,79.502,,
9/23/2018 13:00,14.7908,79.502,,
9/23/2018 13:15,14.7912,79.678,,
9/23/2018 13:30,14.7862,80.206,,
9/23/2018 13:45,14.7834,80.029,,
9/23/2018 14:00,14.7808,79.853,,
9/23/2018 14:15,14.7782,79.678,,
9/23/2018 14:30,14.7756,79.502,,
9/23/2018 14:45,14.773,79.326,,
9/23/2018 15:00,14.769,79.502,,
9/23/2018 15:15,14.7708,79.326,,
9/23/2018 15:30,14.7702,79.151,,
9/23/2018 15:45,14.7682,79.151,,
9/23/2018 16:00,14.7686,79.326,,
9/23/2018 16:15,14.7698,78.975,,
9/23/2018 16:30,14.7719,78.975,,
9/23/2018 16:45,14.7715,78.8,,
9/23/2018 17:00,14.7733,78.624,,
9/23/2018 17:15,14.7733,78.624,,
9/23/2018 17:30,14.7727,78.449,,
9/23/2018 17:45,14.7722,78.274,,
9/23/2018 18:00,14.7722,78.274,,
9/23/2018 18:15,14.7762,78.098,,
9/23/2018 18:30,14.7783,78.098,,
9/23/2018 18:45,14.7801,77.923,,
9/23/2018 19:00,14.7801,77.923,,
9/23/2018 19:15,14.7796,77.749,,
9/23/2018 19:30,14.7838,77.749,,
9/23/2018 19:45,14.7882,77.749,,
9/23/2018 20:00,14.7899,77.574,,
9/23/2018 20:15,14.7899,77.574,,
9/23/2018 20:30,14.7938,77.4,,
9/23/2018 20:45,14.7938,77.4,,
9/23/2018 21:00,14.796,77.4,,
9/23/2018 21:15,14.7978,77.225,,
9/23/2018 21:30,14.802,77.225,,
9/23/2018 21:45,14.7994,77.05,,
9/23/2018 22:00,14.7994,77.05,,
9/23/2018 22:15,14.7994,77.05,,
9/23/2018 22:30,14.8011,76.876,,
9/23/2018 22:45,14.7968,76.876,,
9/23/2018 23:00,14.7985,76.703,,
9/23/2018 23:15,14.7963,76.703,,
9/23/2018 23:30,14.7985,76.703,,
9/23/2018 23:45,14.7981,76.528,,
9/24/2018 0:00,14.7981,76.528,,
9/24/2018 0:15,14.7954,76.354,,
9/24/2018 0:30,14.7933,76.354,,
9/24/2018 0:45,14.7911,76.354,,
9/24/2018 1:00,14.7885,76.181,,
9/24/2018 1:15,14.7885,76.181,,
9/24/2018 1:30,14.7863,76.181,,
9/24/2018 1:45,14.7841,76.181,,
9/24/2018 2:00,14.7859,76.006,,
9/24/2018 2:15,14.7815,76.006,,
9/24/2018 2:30,14.7793,76.006,,
9/24/2018 2:45,14.7772,76.006,,
9/24/2018 3:00,14.7767,75.832,,
9/24/2018 3:15,14.7767,75.832,,
9/24/2018 3:30,14.7746,75.832,,
9/24/2018 3:45,14.7724,75.832,,
9/24/2018 4:00,14.7746,75.832,,
9/24/2018 4:15,14.7719,75.659,,
9/24/2018 4:30,14.7762,75.659,,
9/24/2018 4:45,14.7741,75.659,,
9/24/2018 5:00,14.7762,75.659,,
9/24/2018 5:15,14.7757,75.484,,
9/24/2018 5:30,14.7757,75.484,,
9/24/2018 5:45,14.7779,75.484,,
9/24/2018 6:00,14.7779,75.484,,
9/24/2018 6:15,14.7796,75.312,,
9/24/2018 6:30,14.7818,75.312,,
9/24/2018 6:45,14.7862,75.312,,
9/24/2018 7:00,14.7862,75.312,,
9/24/2018 7:15,14.7905,75.312,,
9/24/2018 7:30,14.7927,75.312,,
9/24/2018 7:45,14.7949,75.312,,
9/24/2018 8:00,14.7975,75.484,,
9/24/2018 8:15,14.7975,75.484,,
9/24/2018 8:30,14.8001,75.659,,
9/24/2018 8:45,14.8001,75.659,,
9/24/2018 9:00,14.8005,75.832,,
9/24/2018 9:15,14.801,76.006,,
9/24/2018 9:30,14.7992,76.181,,
9/24/2018 9:45,14.7998,76.354,,
9/24/2018 10:00,14.802,76.354,,
9/24/2018 10:15,14.8002,76.528,,
9/24/2018 10:30,14.7985,76.703,,
9/24/2018 10:45,14.7946,76.876,,
9/24/2018 11:00,14.7928,77.05,,
9/24/2018 11:15,14.7938,77.4,,
9/24/2018 11:30,14.7921,77.574,,
9/24/2018 11:45,14.7908,77.923,,
9/24/2018 12:00,14.7866,77.923,,
9/24/2018 12:15,14.7831,78.274,,
9/24/2018 12:30,14.7792,78.449,,
9/24/2018 12:45,14.7766,78.274,,
9/24/2018 13:00,14.7766,78.274,,
9/24/2018 13:15,14.7744,78.274,,
9/24/2018 13:30,14.7727,78.449,,
9/24/2018 13:45,14.7706,78.449,,
9/24/2018 14:00,14.7706,78.449,,
9/24/2018 14:15,14.7685,78.449,,
9/24/2018 14:30,14.7663,78.449,,
9/24/2018 14:45,14.7667,78.624,,
9/24/2018 15:00,14.7667,78.624,,
9/24/2018 15:15,14.7641,78.449,,
9/24/2018 15:30,14.7675,78.098,,
9/24/2018 15:45,14.7653,78.098,,
9/24/2018 16:00,14.7648,77.923,,
9/24/2018 16:15,14.7622,77.749,,
9/24/2018 16:30,14.7622,77.749,,
9/24/2018 16:45,14.7622,77.749,,
9/24/2018 17:00,14.7618,77.574,,
9/24/2018 17:15,14.7656,77.4,,
9/24/2018 17:30,14.7656,77.4,,
9/24/2018 17:45,14.7699,77.4,,
9/24/2018 18:00,14.7673,77.225,,
9/24/2018 18:15,14.7695,77.225,,
9/24/2018 18:30,14.769,77.05,,
9/24/2018 18:45,14.7712,77.05,,
9/24/2018 19:00,14.7756,77.05,,
9/24/2018 19:15,14.7751,76.876,,
9/24/2018 19:30,14.7773,76.876,,
9/24/2018 19:45,14.7815,76.876,,
9/24/2018 20:00,14.7837,76.876,,
9/24/2018 20:15,14.788,76.876,,
9/24/2018 20:30,14.7902,76.876,,
9/24/2018 20:45,14.7898,76.703,,
9/24/2018 21:00,14.792,76.703,,
9/24/2018 21:15,14.7941,76.703,,
9/24/2018 21:30,14.7985,76.703,,
9/24/2018 21:45,14.7963,76.703,,
9/24/2018 22:00,14.8028,76.703,,
9/24/2018 22:15,14.8028,76.703,,
9/24/2018 22:30,14.8002,76.528,,
9/24/2018 22:45,14.8002,76.528,,
9/24/2018 23:00,14.8024,76.528,,
9/24/2018 23:15,14.8002,76.528,,
9/24/2018 23:30,14.8002,76.528,,
9/24/2018 23:45,14.7981,76.528,,
9/25/2018 0:00,14.7937,76.528,,
9/25/2018 0:15,14.7915,76.528,,
9/25/2018 0:30,14.7911,76.354,,
9/25/2018 0:45,14.7867,76.354,,
9/25/2018 1:00,14.7824,76.354,,
9/25/2018 1:15,14.7824,76.354,,
9/25/2018 1:30,14.7802,76.354,,
9/25/2018 1:45,14.778,76.354,,
9/25/2018 2:00,14.7759,76.354,,
9/25/2018 2:15,14.7737,76.354,,
9/25/2018 2:30,14.7737,76.354,,
9/25/2018 2:45,14.7737,76.354,,
9/25/2018 3:00,14.7711,76.181,,
9/25/2018 3:15,14.7711,76.181,,
9/25/2018 3:30,14.7689,76.181,,
9/25/2018 3:45,14.7667,76.181,,
9/25/2018 4:00,14.7667,76.181,,
9/25/2018 4:15,14.7646,76.181,,
9/25/2018 4:30,14.7689,76.181,,
9/25/2018 4:45,14.7711,76.181,,
9/25/2018 5:00,14.7706,76.006,,
9/25/2018 5:15,14.7728,76.006,,
9/25/2018 5:30,14.7728,76.006,,
9/25/2018 5:45,14.775,76.006,,
9/25/2018 6:00,14.775,76.006,,
9/25/2018 6:15,14.7793,76.006,,
9/25/2018 6:30,14.7815,76.006,,
9/25/2018 6:45,14.7815,76.006,,
9/25/2018 7:00,14.7837,76.006,,
9/25/2018 7:15,14.7901,76.006,,
9/25/2018 7:30,14.7923,76.006,,
9/25/2018 7:45,14.7928,76.181,,
9/25/2018 8:00,14.7928,76.181,,
9/25/2018 8:15,14.797,76.181,,
9/25/2018 8:30,14.7954,76.354,,
9/25/2018 8:45,14.7976,76.354,,
9/25/2018 9:00,14.7981,76.528,,
9/25/2018 9:15,14.8002,76.528,,
9/25/2018 9:30,14.7981,76.528,,
9/25/2018 9:45,14.7985,76.703,,
9/25/2018 10:00,14.7946,76.876,,
9/25/2018 10:15,14.7946,76.876,,
9/25/2018 10:30,14.7956,77.225,,
9/25/2018 10:45,14.7917,77.4,,
9/25/2018 11:00,14.7899,77.574,,
9/25/2018 11:15,14.7878,77.574,,
9/25/2018 11:30,14.787,78.098,,
9/25/2018 11:45,14.7849,78.098,,
9/25/2018 12:00,14.784,78.624,,
9/25/2018 12:15,14.778,78.8,,
9/25/2018 12:30,14.7789,79.151,,
9/25/2018 12:45,14.7773,79.326,,
9/25/2018 13:00,14.7738,79.678,,
9/25/2018 13:15,14.7721,79.853,,
9/25/2018 13:30,14.7666,80.206,,
9/25/2018 13:45,14.7627,80.382,,
9/25/2018 14:00,14.7627,80.382,,
9/25/2018 14:15,14.7563,80.382,,
9/25/2018 14:30,14.7583,80.382,,
9/25/2018 14:45,14.7563,80.382,,
9/25/2018 15:00,14.7557,80.206,,
9/25/2018 15:15,14.7548,79.853,,
9/25/2018 15:30,14.7544,79.678,,
9/25/2018 15:45,14.7529,79.151,,
9/25/2018 16:00,14.7519,78.8,,
9/25/2018 16:15,14.7519,78.8,,
9/25/2018 16:30,14.7554,78.449,,
9/25/2018 16:45,14.7675,78.098,,
9/25/2018 17:00,14.7648,77.923,,
9/25/2018 17:15,14.7666,77.749,,
9/25/2018 17:30,14.7704,77.574,,
9/25/2018 17:45,14.7725,77.574,,
9/25/2018 18:00,14.7743,77.4,,
9/25/2018 18:15,14.7764,77.4,,
9/25/2018 18:30,14.776,77.225,,
9/25/2018 18:45,14.7804,77.225,,
9/25/2018 19:00,14.7804,77.225,,
9/25/2018 19:15,14.7865,77.05,,
9/25/2018 19:30,14.7886,77.05,,
9/25/2018 19:45,14.7886,77.05,,
9/25/2018 20:00,14.795,77.05,,
9/25/2018 20:15,14.7972,77.05,,
9/25/2018 20:30,14.8011,76.876,,
9/25/2018 20:45,14.8011,76.876,,
9/25/2018 21:00,14.8033,76.876,,
9/25/2018 21:15,14.8055,76.876,,
9/25/2018 21:30,14.8098,76.876,,
9/25/2018 21:45,14.812,76.876,,
9/25/2018 22:00,14.8076,76.876,,
9/25/2018 22:15,14.812,76.876,,
9/25/2018 22:30,14.8115,76.703,,
9/25/2018 22:45,14.8115,76.703,,
9/25/2018 23:00,14.8137,76.703,,
9/25/2018 23:15,14.8115,76.703,,
9/25/2018 23:30,14.8094,76.703,,
9/25/2018 23:45,14.805,76.703,,
9/26/2018 0:00,14.805,76.703,,
9/26/2018 0:15,14.8007,76.703,,
9/26/2018 0:30,14.8028,76.703,,
9/26/2018 0:45,14.7985,76.703,,
9/26/2018 1:00,14.7985,76.703,,
9/26/2018 1:15,14.7941,76.703,,
9/26/2018 1:30,14.7898,76.703,,
9/26/2018 1:45,14.7876,76.703,,
9/26/2018 2:00,14.7833,76.703,,
9/26/2018 2:15,14.7811,76.703,,
9/26/2018 2:30,14.7785,76.528,,
9/26/2018 2:45,14.7741,76.528,,
9/26/2018 3:00,14.7741,76.528,,
9/26/2018 3:15,14.7741,76.528,,
9/26/2018 3:30,14.7698,76.528,,
9/26/2018 3:45,14.7698,76.528,,
9/26/2018 4:00,14.7698,76.528,,
9/26/2018 4:15,14.7676,76.528,,
9/26/2018 4:30,14.7698,76.528,,
9/26/2018 4:45,14.7719,76.528,,
9/26/2018 5:00,14.7741,76.528,,
9/26/2018 5:15,14.7807,76.528,,
9/26/2018 5:30,14.7828,76.528,,
9/26/2018 5:45,14.7828,76.528,,
9/26/2018 6:00,14.785,76.528,,
9/26/2018 6:15,14.7894,76.528,,
9/26/2018 6:30,14.7937,76.528,,
9/26/2018 6:45,14.7937,76.528,,
9/26/2018 7:00,14.8002,76.528,,
9/26/2018 7:15,14.8072,76.703,,
9/26/2018 7:30,14.8072,76.703,,
9/26/2018 7:45,14.8201,76.703,,
9/26/2018 8:00,14.8245,76.703,,
9/26/2018 8:15,14.8288,76.703,,
9/26/2018 8:30,14.8397,76.703,,
9/26/2018 8:45,14.8484,76.703,,
9/26/2018 9:00,14.8532,76.876,,
9/26/2018 9:15,14.8662,76.876,,
9/26/2018 9:30,14.8727,76.876,,
9/26/2018 9:45,14.8813,76.876,,
9/26/2018 10:00,14.8743,76.703,,
9/26/2018 10:15,14.8662,76.876,,
9/26/2018 10:30,14.8575,76.876,,
9/26/2018 10:45,14.8466,76.876,,
9/26/2018 11:00,14.8384,77.05,,
9/26/2018 11:15,14.8342,77.05,,
9/26/2018 11:30,14.8276,77.05,,
9/26/2018 11:45,14.8259,77.225,,
9/26/2018 12:00,14.822,77.4,,
9/26/2018 12:15,14.8202,77.574,,
9/26/2018 12:30,14.8181,77.574,,
9/26/2018 12:45,14.8143,77.749,,
9/26/2018 13:00,14.8121,77.749,,
9/26/2018 13:15,14.806,77.923,,
9/26/2018 13:30,14.8021,78.098,,
9/26/2018 13:45,14.7973,77.923,,
9/26/2018 14:00,14.7952,77.923,,
9/26/2018 14:15,14.7914,78.098,,
9/26/2018 14:30,14.7892,78.098,,
9/26/2018 14:45,14.787,78.098,,
9/26/2018 15:00,14.7805,78.098,,
9/26/2018 15:15,14.7788,78.274,,
9/26/2018 15:30,14.7827,78.098,,
9/26/2018 15:45,14.7809,78.274,,
9/26/2018 16:00,14.7788,78.274,,
9/26/2018 16:15,14.7762,78.098,,
9/26/2018 16:30,14.7779,77.923,,
9/26/2018 16:45,14.7796,77.749,,
9/26/2018 17:00,14.7775,77.749,,
9/26/2018 17:15,14.7791,77.574,,
9/26/2018 17:30,14.7786,77.4,,
9/26/2018 17:45,14.783,77.4,,
9/26/2018 18:00,14.7869,77.225,,
9/26/2018 18:15,14.7891,77.225,,
9/26/2018 18:30,14.7907,77.05,,
9/26/2018 18:45,14.7972,77.05,,
9/26/2018 19:00,14.7972,77.05,,
9/26/2018 19:15,14.8011,76.876,,
9/26/2018 19:30,14.8033,76.876,,
9/26/2018 19:45,14.8055,76.876,,
9/26/2018 20:00,14.8076,76.876,,
9/26/2018 20:15,14.8115,76.703,,
9/26/2018 20:30,14.8159,76.703,,
9/26/2018 20:45,14.8181,76.703,,
9/26/2018 21:00,14.8197,76.528,,
9/26/2018 21:15,14.824,76.528,,
9/26/2018 21:30,14.824,76.528,,
9/26/2018 21:45,14.8214,76.354,,
9/26/2018 22:00,14.8192,76.354,,
9/26/2018 22:15,14.8192,76.354,,
9/26/2018 22:30,14.821,76.181,,
9/26/2018 22:45,14.8188,76.181,,
9/26/2018 23:00,14.8166,76.181,,
9/26/2018 23:15,14.8144,76.181,,
9/26/2018 23:30,14.8118,76.006,,
9/26/2018 23:45,14.8075,76.006,,
9/27/2018 0:00,14.8031,76.006,,
9/27/2018 0:15,14.801,76.006,,
9/27/2018 0:30,14.7983,75.832,,
9/27/2018 0:45,14.8005,75.832,,
9/27/2018 1:00,14.8005,75.832,,
9/27/2018 1:15,14.7962,75.832,,
9/27/2018 1:30,14.7918,75.832,,
9/27/2018 1:45,14.794,75.832,,
9/27/2018 2:00,14.794,75.832,,
9/27/2018 2:15,14.7875,75.832,,
9/27/2018 2:30,14.7853,75.832,,
9/27/2018 2:45,14.7875,75.832,,
9/27/2018 3:00,14.7853,75.832,,
9/27/2018 3:15,14.7875,75.832,,
9/27/2018 3:30,14.7875,75.832,,
9/27/2018 3:45,14.7875,75.832,,
9/27/2018 4:00,14.7875,75.832,,
9/27/2018 4:15,14.7896,75.832,,
9/27/2018 4:30,14.787,75.659,,
9/27/2018 4:45,14.7914,75.659,,
9/27/2018 5:00,14.7914,75.659,,
9/27/2018 5:15,14.7936,75.659,,
9/27/2018 5:30,14.7936,75.659,,
9/27/2018 5:45,14.7957,75.659,,
9/27/2018 6:00,14.7979,75.659,,
9/27/2018 6:15,14.8001,75.659,,
9/27/2018 6:30,14.8023,75.659,,
9/27/2018 6:45,14.8066,75.659,,
9/27/2018 7:00,14.811,75.659,,
9/27/2018 7:15,14.8131,75.659,,
9/27/2018 7:30,14.8153,75.659,,
9/27/2018 7:45,14.8175,75.659,,
9/27/2018 8:00,14.8217,75.659,,
9/27/2018 8:15,14.8217,75.659,,
9/27/2018 8:30,14.8223,75.832,,
9/27/2018 8:45,14.8205,76.006,,
9/27/2018 9:00,14.8231,76.181,,
9/27/2018 9:15,14.8258,76.354,,
9/27/2018 9:30,14.8223,76.703,,
9/27/2018 9:45,14.8201,76.703,,
9/27/2018 10:00,14.8163,76.876,,
9/27/2018 10:15,14.8168,77.05,,
9/27/2018 10:30,14.8189,77.05,,
9/27/2018 10:45,14.8155,77.4,,
9/27/2018 11:00,14.8143,77.749,,
9/27/2018 11:15,14.8126,77.923,,
9/27/2018 11:30,14.8108,78.098,,
9/27/2018 11:45,14.8123,78.624,,
9/27/2018 12:00,14.8131,78.975,,
9/27/2018 12:15,14.8072,79.151,,Logged
